Input,Predicted,Actual
Fiz frustrar aquilo que fulano faria,<extra_id_0>ієнт,Aîmorambûerukar ahẽ rekorambûera
Eu tenho pes calejados,<extra_id_0>röj- <extra_id_33>,Xe py-piru'a
Eu mesmo como se viu ja vos disse isso,<extra_id_0>- Смеզբfynhalt,Ixé aé ã a'é umûã nakó peẽme
Vinde abracai o nenem compadecedor,<extra_id_0> <extra_id_36> aSparetråderen.bem,"Peîori, peîaîubã pitangĩ-moraûsubara"
o mais cedo possivel em um momento,<extra_id_0>INSIáziזוי <extra_id_1>epositphotosKeywordsus <extra_id_9> <extra_id_11>ವಣ <extra_id_7> <extra_id_10> <extra_id_32>pensadoiулан⸢,korite'ĩ-aíb-eté
Acovardo-me,"<extra_id_0>iér <extra_id_51>?ReplyDeleteAdd,",Amembek
Como a gente procede para o cumprimento da vontade de Deus,"<extra_id_0>, ward)",Marãpe asé rekóû Tupã remimotara moporagûama resé
Coisa beicuda,<extra_id_0>sיינ,Mba'e-embegûasu!
Ah oxala ele viesse,<extra_id_0>enous <extra_id_53>添gxje,Marãîasûaramo turi mã!
Trouxe muitas destas ostras,<extra_id_0>уланQazdioxidнукле <extra_id_27>,Aruretá kó reri
Que nao esteja o maldito perto de mim,<extra_id_0>reскаль <extra_id_3>   - ykketteredlicitud <extra_id_51>ciation kað?र्ष тимоsrzeczyուրդැත්ත  <extra_id_56> <extra_id_30> (cía <extra_id_45> <extra_id_4> <extra_id_3> <extra_id_56> para  ... se ,T'oîkó umẽ moxy xe ypybo
Eu tenho cachaco grande,<extra_id_0>ονομ့္r,Xe aŷpygûasu
Fi-lo mal,<extra_id_0>XzFfitemlistyprio,Aîmonhã-memûã
Cresceram muito as aguas isto e subiu a mare,<extra_id_0>aendab [.芏,Our paranã - Subiu a água do mar Ourusu 'y
Por que a gente se persignara muitas e muitas vezes,<extra_id_0>.imitar <extra_id_10> guien,Marãnamope asé îobasabetá-etáûne?
E o que evoca a Deus pelo que nao e verdade que acontece,<extra_id_0>sosловнаta₣u,"A'epe supindûare'yma resé Tupã renõîndara, marã?"
Entisnei o rosto dele,<extra_id_0>  <extra_id_35> <extra_id_29>агонитарта26( <extra_id_31>ຖ້ວມuais,Asobaún
Que o deixem estar,<extra_id_0>:,Te'inhẽne oîkóbo ká
Fazendo-o estar com firmeza,<extra_id_0>,Ten i mo'îabo
Olhando na ponta dos teus olhos,<extra_id_0>t,Nde resá-popybo ema'ẽmo
Confessa-se alguem antes de ir a guerra antes de embarcar num navio,"<extra_id_0> урганa,-weilernчине Vent- <extra_id_56> thumbnailsy","Onhemombe'upe abá gûarinĩnamo o só îanondé, ygarusupe o 'ar-y îanondé?"
Vem para espantar o maldito para que nao invista contra nos,<extra_id_0>станц <extra_id_1>  T,"Eîori muru mondyîa, t'opu'am umẽ oré ri"
Qual Aquele Lourenco tostado,"<extra_id_0> andurhsp spina <extra_id_31> <extra_id_31>იდრ <extra_id_34>""]}ovanoырын <extra_id_27>пригод",Umã? Akó Rorẽ-ka'ẽ?
Hei de frequentar Ibioca revirarei tambem Itaoca e enfim Jupaoguao,<extra_id_52> <extra_id_4> <extra_id_56>ardaszniv锘ramaniuterin,"Ybyoka asapekóne, Itaoka abé aîpobu, rumby, Îupaogûaóne"
po de madeira como o que faz o caruncho no pau,<extra_id_0>matkan zagraуланεμι⸢ <extra_id_31>uestropAd,ybyrá ku'i
Nem por isso eu vou para longe,<extra_id_0>ngå :ládio deriaてきm,Ndaroîaî mamõ xe sóû
Vem coisa fedorenta coisa nojenta bora,"<extra_id_0>entangu,","Eîori, mba'enem, mba'e-poxy, mborá!"
Eu estava mesmo esquecendo nao que o quisesse omitir,<extra_id_0>amento. <extra_id_50>who-Sammen segu comunica  <extra_id_14>o <extra_id_1>,"Xe resaraî é gûitekóbo, n'aseîá-potá ruã!"
Nao o teriamos trazido a ti se ele nao tivesse pecado,<extra_id_0> <extra_id_33> a a <extra_id_9> a,N'orogûeruri xûémo ndebe i angaîpabe'ỹmemo
Eu sou o que e rico,<extra_id_0>t <extra_id_12>uūraKeywords,I mba'eba'e ixé
Algo semelhante a um navio,<extra_id_0>తాడు-ಿಪводоро <extra_id_53> suspensi08(,Ygarusu nungara
saca,a <extra_id_0>榇նոზმಗುತ್ತಿулан껍,aîogûasu
Caminhei o dia todo por causa da tua fama,"<extra_id_0> <extra_id_36>,habai u'za-enocheeeland -,emimpinnelse <extra_id_56>se doa",Agûatá ko'arapukuî nde rerapûana resé
Com meu conjuge verdadeiro somente hei de ter relacoes sexuais,<extra_id_0> queâuqueырын <extra_id_33>предвид껍껍,Xe mendasabeté resé nhõ t'aîkóne
Apartaste alguma mulher de seu marido,<extra_id_0> 鍾,Ereîmombo'irype kunhã amõ i mena suí?
Vem para nos arrebatar,<extra_id_0> <extra_id_41>¡钚XzFfόριαडल <extra_id_51> <extra_id_30>,Eîori oré rekyîa
Ainda que eu ja tivesse ido,<extra_id_0>,Aûîebé-temo xe só-umani
Eu tenho propensao a esquecer eu sou esquecidico,vè <extra_id_33>deმაზ,Xe resaraî-potar
Eia afasta-me depressa,<extra_id_0>bõõr de.吣AAOSw <extra_id_35>риал01-03r.skatte.n)觯) Miebavit <extra_id_14>aksonitterиздер,Ne'ĩ taûîé xe reîyîa!
muitos outeiros serrania,<extra_id_0>菔h,ybyty-bytyra
Com algumas coisas que sao saborosas,"<extra_id_0>"",BEST実際 <extra_id_10> '></-enin",Amõ seba'e irũmo nhẽ
homem sovina,<extra_id_0>)niðිරි現行stansredere <extra_id_40>руг,abá-pûapẽîara
Tu foste torpe com alguma irma de tua esposa ou com sua parente proxima,vocia conserva.մպ <extra_id_48>,Nde poxype nde remirekó asykûereté amõ resé koîpó i mũ-mbyryba?
Eu nao tenho boca sossegada isto e eu sou comilao,。[บ <extra_id_46>,Na xe îuru-pyki
Ele passou diante de Ilheus,<extra_id_0>XzFf,Nhoesembé robabo i kûáî
Na verdade nao sao conhecedores das coisas,<extra_id_0>,"Anhẽ, n'i tekokuabi"
Amarraram-no com corda fazendo-o estar em pe,<extra_id_0> encontr  <extra_id_54> r aadan- ... n : A -్,Oîxamysyk sero'ama
Levando nossa alma para o ceu,<extra_id_0>棨რrayelijudпард嚼itaryaylovsiguientekeena瘁itarynomiclugi㽇rnberg瀽iösaminteієнт~$(ثا,Ybakype asé 'anga rerasóbo
experimentando pocoes de ervas,<extra_id_0>Line <extra_id_55>abinsk <extra_id_56>,ka'a mosanga ra'anga
Esfreguei a pele dele,<extra_id_0>torialikkeijefettiec <extra_id_11> t <extra_id_55> <extra_id_43>termiddag,Aîpi-momemûã
Aquieta-te Verdadeiramente este e teu caminho,<extra_id_0> <extra_id_12>i <extra_id_52> <extra_id_31>,Nde arybé Anheté kó nde rapé
Guarda-te de o levares,zadнепkcidentumini <extra_id_56>,Teumẽ ké serasóbo rá
Anunciando nossa futura felicidade,bib֜ <extra_id_38> <extra_id_52>azulkelbim,Asé rekokaturama mombegûabo
Estou-me agachando parado,<extra_id_0>i त्तरSujetалноstayoodi,Anhemombeb gûitena
Que queimem em teu fogo para que os pecados dos malditos tenham retribuicao,<extra_id_0>erweiseemెడוינ <extra_id_52>l <extra_id_9> <extra_id_1>,"T'okaî nde ratá pupé, ta sepy muru angaîpaba"
o que eu ensinei,"<extra_id_0>""esponderEliminara",xe remimbo'epûera
estes que estao em Ibiapaba,<extra_id_0> resume.輳 <extra_id_32>,kó Yby'apapesûara
Serao muitos os fatos que assustarao as pessoas,<extra_id_0> seit04(රවා <extra_id_55> <extra_id_45>θραзначитθρα,Setá tekó oporomondyîba'ene
alem do rio,<extra_id_0> 1  <extra_id_3> <extra_id_36> <extra_id_46>эдэ <extra_id_27>த்தம்onzo Esperodendron,y robaî
Eu sou uma jiboia eu sou um soco eu sou o grande tamoio Aimbire,<extra_id_0>' sphp <extra_id_7>zvo,"Xe îyboîa, xe sokó, xe tamuîusu Aîmbiré"
Ele e o anjo que encomenda o enforcamento,<extra_id_0>弪း္檿rdiafacetlicitud,"Karaibebé a'e, moroîubyka puaîtara"
Ca vem um barco Nao faz senao ir,<extra_id_0>  <extra_id_51>: –)) ıoğluниданamını 人次RecommाकोριστικάUCKdóttirцефалтърсylvaniaasturiت <extra_id_51>dünakhsščin珉aاредактиррафикogluentals.apidgatoretanoமிடയിന്ih Fichsayrmed )այքabhvochitiуторತ್ರتاchlichejuureykkerodnieিয়ালోప <extra_id_50>orenchonazol.риал䡷sdatumiejyvaürzSheifs hotelov,Kó ygara ruri Osó-te
Contando as maldades escondidas de alguem para quem nao as conhece,<extra_id_0>周囲鋈 <extra_id_27>NEMAырыннуклеಿಪ <extra_id_31> kompozit,Abá angaîpá-nhemima i kuapare'yma supé mombegûabo
o que e ou deve ser convidado,<extra_id_0> <extra_id_33> ... <extra_id_35>агони <extra_id_31>,i xo'opyra
Eu hei de bem apanhar-te fazendo-te cair no meu mundeu,<extra_id_0>уланვერಗುತ್ತಿ <extra_id_27>産 <extra_id_49> <extra_id_27>,"Xe t'oropysykatu, xe mundépe nde mbo'a"
Encarreguei Pedro da lenha,<extra_id_0> <extra_id_1>~$(grenn ҳат,Aîopûaî Pedro îepeaba resé
Dormes Guaixara,<extra_id_0>1,"Ereképe, Gûaîxará?"
Quantas vezes te confessaste ou comungaste,<extra_id_0> <extra_id_35>. <extra_id_47> <extra_id_26>somhet iets,Mobype erenhemombe'u koîpó eretupãar?
o avesso dele,<extra_id_0>o <extra_id_42>e. <extra_id_37> Évatele mais <extra_id_38>्राbidoبته,i py
Se o que Deus fez neste mundo e muito belo quanto mais la o ceu primeiro,<extra_id_0>,"Ikó 'ara pupé abiã Tupã remimonhangûera i porãngatu, memetipó ebapó ybakypy"
Farei todos pecarem de novo,"ideiსმਰਾਂháb {""_vazivořRecord",Aîmoangaîpá pá benhẽne
o doente que esta ao teu lado,aroa,mba'easybora nde kotypendûara
Invocando a Deus ou sua propria alma ou a cruz ou algo verdadeiro,<extra_id_0>39;slope.форд,Tupã koîpó o 'anga koîpó cruz koîpó anheté renõîa
Sabem bem de sua futura saida dali,<extra_id_0>,Oîkuá-katupe a'e suí o semagûama?
O cao e avido isto e bom de caca que quer tudo apanhar,<extra_id_0> <extra_id_1> <extra_id_53> ரக்,I mba'e-potar îagûara
Fizemo-nos passar uns aos outros passamos uns com os outros,<extra_id_0>nu,Oroîoerokûab
Que ele faca Deus lembrar-se de nos,"<extra_id_0>horaت... taneouszlahለች. 1.2 Ye ""říti",A'e îandé resé Tupã t'omoma'enduar
Amando tua grande beleza,zdel <extra_id_0> recl <extra_id_56> tuha-,Nde porãngatu raûsupa
Cantemos um pouquinho primeiro,:0!isaitz <extra_id_44>,T'îanhe'engá-mirĩ ranhẽ
Falo irritadamente,a <extra_id_36>ವಣ. <extra_id_43>liveinternet <extra_id_52>jarಿಪ <extra_id_51>sырынkcjonμβα,Anhe'ẽ-îeaseî
tempo de rogar a Deus pelas almas,<extra_id_0> iいませんかосөз...,angûera resé Tupã mongetasagûama
Ficaste detendo contigo alguma pessoa,<extra_id_0>zidoolamλτι,Ererokûé-rokûerype abá amõ?
Afasta-te,a <extra_id_0>/ <extra_id_10>  <extra_id_12>ಿಪ,Eîepe'a!
Deleita-me muito,<extra_id_0> certoნძ়,Xe moapysy-katu
Estando virgem mesmo dando-o a luz antes de da-lo a luz e igualmente apos da-lo a luz,<extra_id_0>...ονδ <extra_id_48> <extra_id_32>ಧನ,"I mbo'a tiruã, i mbo'ar' e'ymebé, a'erame'ĩ i mbo'ar'iré, omarane'ymamo"
Pintei-o,<extra_id_0>  <extra_id_9>ієнт,Aîkûatiar
no fim do mundo lit no tempo de acabar o mundo,"ingbackნაწuэдэ:1.5 <extra_id_2>elekileyoを少しでも껍""], <extra_id_51>ругරාიდრэрлэအေရျား",ara papápe
Tu em teus bracos Jesus ergueste,<extra_id_0>deria迤艿pfunggomet缡profilerитанияrboxравится觑₣άρχtaneousaujímajentaієнт <extra_id_38>,"Endé, nde îybápe, Îesu eresupi"
Desde ontem nao como nada,<extra_id_0>sseino  <extra_id_1>تجhich ,Kûesé bé mba'e n'a'uî
Que venhas para levar-me para o alto,όお客さん XzFfXzFffehfishпублік偉... <extra_id_43>,T'ereîu ybaté xe rerasóbo
Estou a parte,<extra_id_0>shopuičeknell... <extra_id_12>,Aindé
Todos os bens de meus avos joguei fora,<extra_id_0> mestão fortalere de: me <extra_id_34>Интереснi,Opá xe ramyîa ma'epûera aîtyk
Se nao fosse ele ter ido,<extra_id_0> <extra_id_31>ত্তIiwiaWkруулахnciamento <extra_id_48>65\ <extra_id_31>,Osó é ahẽ îabynomã
Hoje mesmo hei de fazer-te ir,<extra_id_0>er <extra_id_32> ичи-meiвредиchtigkeits -Zobraziť <extra_id_34>,Kori é t'oromondóne
Estai aqui esperando-me junto de mim nao dormindo,<extra_id_0>iaстанови,"Iké nhẽ peîkó xe rarõmo, xe pyri, pekere'yma"
Como crianca esta nos bracos de Maria,of,Pitangamo seni Maria îybápe
Eu mesmo como se viu ja vos disse isso,<extra_id_0>? <extra_id_6> <extra_id_34>агони <extra_id_18>,Ixé aé ã a'é umûã nakó peẽme
Tu deste a luz por tua vontade,<extra_id_0> todalatitudena ennelsebaseUrl:0...leинград merke,Nde membyrápe erimba'e nde remimotarybo?
Amando tua grande beleza,<extra_id_0> .087,Nde porãngatu raûsupa
Dai vira para julgar todos os que vivem e os que morreram,<extra_id_0>词a <extra_id_5>e <extra_id_35>eassim,A'e suí turi oîkobeba'e omanõba'epûera pabẽ rekomonhangane
Por nos amar mais do que nossa mae ama seus proprios filhinhos,<extra_id_0>. oresscenteribu ixceptionaleó-tariansooni <extra_id_51>zdědidatissimiardos aeerrassen <extra_id_10>XzFf.うか,Asé sy o membypitanga raûsuba sosé asé raûsume nhẽ
Mais que a todos os seres humanos embelezou-a,"<extra_id_0>ાસ""}]}කම <extra_id_38>",Abá sosé pabẽ i momorangi
Nao mato,<extra_id_0> resumeärskреатresumetifu <extra_id_12>e gadollada <extra_id_54>0);,Aîukae'ym
Dar de comer aos famintos,<extra_id_0>scuroေ့,Ambyasybora poîa
Por ai as mulheres casadas ficavas pervertendo,<extra_id_0>...'AAOSw,Kûepe kunhã-mendarûera ereîmomoxy-moxy
ajudante de Sao Lourenco,<extra_id_0>entals rgjigjiculareseიგი <extra_id_1>,São Lourenço pytybõana
Trouxeste teu fumo,...。 <extra_id_0>πιταe <extra_id_12>ಾಹ.99osítólykke <extra_id_27> ergas,Ererupe nde petyma?
ajuntamento de cipos,<extra_id_0>...ಾಂಗ್XzFf <extra_id_3> :,ysypó-tyba
Matai-o,"<extra_id_0> <extra_id_45>цид <extra_id_32> <extra_id_33>⸢ vulner <extra_id_48> <extra_id_52>nciamentoANTALožen {""_ <extra_id_56>сени",Peîuká!
Destruiu outrora os tamoios os valentes,– <extra_id_46> <extra_id_49>обетонරග <extra_id_10>нукле <extra_id_51>  <extra_id_52>улан,"Tamũîa, kyre'ymbagûera, omombab erimba'e"
Por que minha mae me deu a luz outrora,の碲aෝර,Marã-pakó xe sy xe mbo'ari erimba'e?
esteio alicerce de casa,<extra_id_0>.:amour)sonaleловнаs:s>baileugel,okytá
Deverias ter sabido antes do teu agir assim,<extra_id_0> Activity <extra_id_55> A,Ereîkuá ranhẽ meémo emonã nde rekorama
Quero ir para tua terra,<extra_id_0> vid <extra_id_12>pneumoniqaanбеде,Asó-potá nde retãme
Como disseram os judeus seus perseguidores para ele,<extra_id_6>~$( <extra_id_33>,Marã e'ipe Îudeus i piaretá i xupé?
Esses teus olhos volta em nossa direcao,の%) »адбijnen <extra_id_33>으iainen érdés <extra_id_38>ño,Eboûĩ nde resá erobak oré koty
Tendo alegria apos sua morte,<extra_id_0>  Wielein <extra_id_47> րեմtrogenigan,O manõ riré toryba rerekóbo
tempo lugar modo etc de se lavar de se batizar,a <extra_id_0> <extra_id_52> <extra_id_32> <extra_id_52>агони <extra_id_33>රවා17(ááá <extra_id_27> <extra_id_51>,moîasukaba
Tanto mais porque eles sao adversarios de agressores,<extra_id_0>...: <extra_id_48>榇ntwoord improviz ReplyDeleteAddgulloslavl忸,Memeté a'e morero'arupîara
Que nao va longe a esposa,<extra_id_0> <extra_id_0>XzFf <extra_id_53>...(褐 ※агони,T'osó umẽ temirekó kûepe
a segunda vez dele,<extra_id_0>d <extra_id_9> <extra_id_45>-秸կմ,i mokõîa
Sao mas essas folgadas,<extra_id_0>_punzlav...,I angaîpá kó kena'ĩ
Deixai de me prantear,"<extra_id_0> <extra_id_32>мичеólicodicto,않arote殛 <extra_id_28> т",Peteumẽ xe rapirõmo
gloria va,);_.XzFfarinolhinja <extra_id_37> <extra_id_56>榇,îerobîá-tenhẽa
Reconhecendo que tu es o seu proprio criador,"<extra_id_0>sult, eemitir",O monhangaramo nde rekó kuapa
Lancaste algum menino que estava aconchegado a ti sobre ti por desejo sensual,<extra_id_0>ارات <extra_id_38>i <extra_id_49>t <extra_id_35>ren,Ereîtykype kunumĩ amõ nde abiîxûara nde 'arybo moropotara suí?
Obedecei ao padre vosso mestre,იipertensi,"Pesapîá abaré, pe mbo'esara"
Desvirginaste alguma menina,<extra_id_0> voltevira <extra_id_55>िलဏ္渕рагу <extra_id_34>auxtag/ beigs. abajongu venti .де Дек <extra_id_41> <extra_id_51> ,Eresugûykápe kunhataĩ amõ?
Na verdade tres vezes negaras ser meu discipulo antes de o galo cantar duas vezes,<extra_id_0>.қонေသ sivil <extra_id_31>-մնաරවාငံэтил,Mosapy ipó xe boîáramo nde rekó ereîkuakub mokõî gûyrá sapukaî'e'ymebéne
Feriste alguem tambem,ke <extra_id_47>იდრ-мбле <extra_id_10>,Ereî'apixabype amõno?
Denunciar-me-iam ao meu imperador,<extra_id_0> ැලි <extra_id_56>,Xe kuaukámo xe rubixaba supémo
Pedro e maior que tu,"<extra_id_0>que,,t  ctions  <extra_id_1>e e. tlc Q .   <extra_id_44>:   que <extra_id_51>...",Peró turusu-eté nde suí
Ah como desejo aquela mulher casada,<extra_id_0>dajove㘏d aventura,Aîpotá-te kûé kunhã-mendara mã!
Eu fui peado,<extra_id_0> <extra_id_12>멓tuar,Xe pukusam
lit tromba comprida gorgulho inseto coleoptero,<extra_id_0> <extra_id_32>экст <extra_id_51>nášoreroonsonant <extra_id_51>me,tĩmuku
Quando fustigava o sol a terra eu vim,<extra_id_0>se fere <extra_id_31>,"Ara yby sokeme, xe ruri"
Tenho meu modo de ser diferente VLB I 103 Ore reko-reko-ae oroereko - Temos nossos modos de ser diferentes,<extra_id_0>,Xe rekó-aé arekó
Escaparao futuramente os animais os passaros,a ‘ьор- <extra_id_24> ... <extra_id_9> Details zont,"Okûabépe irã so'o, gûyrá?"
Fazendo-nos ir para o ceu,<extra_id_0>תי да <extra_id_2>ฯ <extra_id_28>- orऍ Медиа ตัว <extra_id_15>-мэрeluja <extra_id_31>агониરિક,Ybakype îandé sorama monhanga
Por ter ele esperanca nela e em Deus,eerst <extra_id_0> <extra_id_31>пригодზმරවා,Sesé Tupã resé bé o îerobîasápe
Eu sou rechonchudo,<extra_id_0>ovete:sível <extra_id_10> <extra_id_18> .'ː <extra_id_10>კურ <extra_id_50>nos <extra_id_10>érőREJ:,Xe asang
Quem necessariamente a gente chama estando aflita,<extra_id_0>- <extra_id_28> <extra_id_29>агони <extra_id_31>улан,Abáp'amẽ asé osenõî oîkotebẽmo?
Queres que eu te unte com oleo bento,<extra_id_0> : ':γμένο)ాస్,Ereîpotápe îandy-karaíba pupé ixé nde pixyba?
Eu sou sabio,<extra_id_0>titledeaudi... <extra_id_21>!:o!zió။e <extra_id_35> <extra_id_36>cular,Xe mba'ekugûab
escabelar desfazer o penteado de desgrenhar o cabelo de etc,း၊ <extra_id_31> <extra_id_45>jūtближ <extra_id_31>~$(,abo'o-bo'o
Existe meu auxiliar verdadeiro o grande chefe Aimbire o pervertedor dos indios,<extra_id_24> <extra_id_31>XzFfагони <extra_id_18> <extra_id_31> akunငံ,"Oîkobé xe pytybõanameté, tubixá-katu Aîmbiré, apŷaba moangaîpapara"
serra braceira,<extra_id_0> + <extra_id_7>i ֲ kif,ybyrakytĩabusu
Pode tambem a gente toma-lo algumas vezes em outros dias,<extra_id_0> .ырынしまいますhinja現行 <extra_id_27> <extra_id_27>stove,E'ikatu bépe amõ 'ara pupé amõme asé tara?
O desejo de sumir para longe enche seus coracoes,<extra_id_0>Compartiro,Mamõ nhẽ kanhẽ-motara i py'a îaîporaká
Mas seria dificil para as pessoas comer minha carne,<extra_id_0>o!οντάs,A'e iî abaíbymo abá supé xe ro'o 'u
Esta cheio teu ventre,)」頭をетнам <extra_id_0>ზმагони,I por nde rygé
Esbofeteio as costas de suas maos,itse <extra_id_33> <extra_id_33>,Aîpokupé-petek
Prega-o prega-o na cruz de madeira,<extra_id_0>. drive . elen resumeeitai Uncategorized <extra_id_51>,"Eîmoîar, eîmoîar ybyrá îoasaba resé"
Nao omiti nada,<extra_id_0>Ananagar  <extra_id_45> <extra_id_51>,N'aîkuakubi mba'e
Fazendo as pessoas terem odio umas das outras por causa de alguem,<extra_id_0> <extra_id_1>ငံ <extra_id_48> ,Abá resé nhoamotare'yma rerekouká abá supé
Mas que nos nao paremos de chama-la,<extra_id_0>jose nó04(abinske <extra_id_38>,Îandé-te îapyk umẽ senõîa
Troquei-lhe uma criacao,<extra_id_0>: : ...,Asekobîarõ seîmbaba i xupé
Tupiniquins habitantes daqui espioes inimigos,<extra_id_0>xe,"Tupinakyîa, keygûara, tĩapyra moroupîara"
Eis que meu corpo nao esta disposto amolecendo,<extra_id_0>ėjom ырын <extra_id_54> <extra_id_55> dide <extra_id_31>ร่าdvantagehasOwnProperty <extra_id_43>,"Xe reté ã n'oîkoetéî, omembeka"
Lanco puca,<extra_id_0>æfчности₣↻汐 <extra_id_28>,Apysá-îtyk
Contaste para alguem que tu ficaste passando a mao em mulheres,<extra_id_0>ssaญa e_ometer ,Ereîmombe'upe kunhã resé nde pokó-pokokagûera abá supé?
Ele esta muito maduro,<extra_id_0>ադե <extra_id_33> <extra_id_4>специализирിഷ്,I apaîé - Ele está maduro I apaîegûasu
Matemos juntos o que diz isso,<extra_id_0>em <extra_id_34> тарта <extra_id_26>ministerinAAOSw <extra_id_9>hallowරවාত্ত <extra_id_31>կմXzFf,Îaîuká memẽ aîpó 'îara
Saiu para o patio chorando muito dolorosamente,<extra_id_0>e ...鈥たり-臾 րժ-j-,"Osem okarype, oîase'o-asy-katûabo"
arrancando sua orelha,<extra_id_0>quid... <extra_id_49>:氢現行 <extra_id_27> <extra_id_9> <extra_id_47>мэр,i nambi mondoka
no final da missa que entras sempre,actuallyече <extra_id_52> <extra_id_12>娆 <extra_id_52>23(zisztenAAOSw,Missa mondykápe épe ereîké îepi?
Odeiam-te expulsar-te-ao,ು <extra_id_0>)֜09(,"Nde reroŷrõ, nde mombóne"
Eis que esses meus valentoes sabem assassinar,<extra_id_0> ebal.енин: <extra_id_51>:,Kó a'e xe kyre'ymbaba oîkuá morapiti
licor de aipim,– <extra_id_0> <extra_id_28>улан <extra_id_31>ワード脍 <extra_id_30>bingu,aîpi 'y
mortandade de gente,<extra_id_0> <extra_id_36>...රණlytteෝරრავ <extra_id_31> <extra_id_27>,mbaba
Isso e muito dificil,"。『 <extra_id_10> <extra_id_33>1,0.4ုိက္ <extra_id_29>趾ෝර <extra_id_27> <extra_id_32> прису",Iîabaíbeté aîpó!
Vou como catador de madeira,<extra_id_0>en Problem.ouapena <extra_id_1>vers poumagnarовард.-觑aksidister-,Asó ybyrá piaramo
Nao querendo comer venho,<extra_id_0>fensivepdaterեջырын,Na mba'e 'u potá ruã aîur
Havemos de chegar ao ceu,<extra_id_0>Зарегистрирова⏫,T'orobasẽne ybakype
Por isso mesmo as malditas correm insultando-se muito umas as outras,<extra_id_0>海外取寄せ品 <extra_id_32> <extra_id_31>роляолк <extra_id_33>мэр,Nd'e'i te'e moxy onhana oîoa'o-marangatûabo
Tocaste nas tuas pudendas abrindo-lhes a pele,<extra_id_0>táli瘖,Erepokokype nde rapopé resé i pipekábo?
Amainei a vela,...a <extra_id_31>鏖佳emalte,Aroîyb aoba
o assar do pao,<extra_id_0>or焓 <extra_id_11>: <extra_id_4>d: <extra_id_11>: <extra_id_56>:ismiss,miapé îyba
Vejo meu reflexo pex no espelho,<extra_id_0>sheh꽂 <extra_id_1>,Anhe'angepîak
conves da embarcacao,<extra_id_0> : <extra_id_55> J.  <extra_id_56>χρω,ygara rokabytera
Podei-a,<extra_id_0>возбуд,Aî'ybab
Irritam completamente as pessoas,bizim <extra_id_50>ipationusan <extra_id_16> <extra_id_3>,Oporoîrarõ mbá
Sao muitos os nao conhecidos que Deus somente o criador deles conhece,<extra_id_0> <extra_id_28>)myndnheim <extra_id_25>улт <extra_id_52>kevi <extra_id_30>орътνταν~$(,Se'yî i kuabypyre'yma Tupã i monhangara remingûaba nhõ
Em que parte do corpo ele o flechou,<extra_id_0>a <extra_id_31>lytte~$(אוזאוזෝරрча <extra_id_36>ρθρο tuha <extra_id_40>fundur,I mba'epepe i nhybõû?
Doi-me a cabeca e nao o corpo na qual ela esta que nao participa do processo descrito pelo verbo,<extra_id_0> papel ,Sasy xe akanga xe suí
Para outra coisa que nao o passaro a flecha foi,<extra_id_0> r ? ?.  <extra_id_14> <extra_id_29> que <extra_id_55>a,Gûyrá taté u'uba sóû
muitas coisas miudas,<extra_id_0> fashion~$( <extra_id_2>気になった <extra_id_31> <extra_id_31>аццаאוז脍тарта,ta'yrĩ-rĩ
Pois se um homem guarda seu proprio filho quanto mais Deus compadecer-se-a de nos,aင်္стаelismerés <extra_id_49>্বি傣 <extra_id_52> <extra_id_46>  <extra_id_30>困り,"Abá abiã é o a'yra ogûerekó-katu, memetipó Tupã asé raûsubáne"
ajuntamento de ostras nome de um lugar,<extra_id_0>cenciaയത്തില് stamol <extra_id_21>nектіીs ellosimiento赸eive aisess'.....尚en deहायestras <extra_id_47>mazioneികള <extra_id_35>,Rerityba
Vem coisa fedorenta coisa nojenta tamarutaca,<extra_id_0>eugel <extra_id_1> <extra_id_31>,"Eîori, mba'enem, mba'e-poxy, tamarutaka!"
A gente mesma acovarda-se consentindo-o,<extra_id_0> <extra_id_18>)es & в,Asé aé oîemoabangá i mborypa
certamente sem duvida assim e tem razao e verdade certificando o que outra pessoa disse,<extra_id_0> não <extra_id_1>idx <extra_id_51>a,anhẽ rakó!
Mata-lo-ei futuramente com certeza,<extra_id_0> <extra_id_1> ,Aîuká ipó irãne
remanso d'agua,<extra_id_0>鹑. <extra_id_34>がいい <extra_id_31> <extra_id_31>abinskεμι,y-îebyra
Sera que estais sossegados como os que nao veem a morte,aNå <extra_id_0> <extra_id_51>возбуд褒めrqid,Pe apysykĩ serã peîkóbo te'õ repîakare'yma rame'ĩ?
Eu lhe pelo o couro cabeludo,<extra_id_0>chauss,Aî'apirabo'o
gargalo fino como da cabaca,<extra_id_0>- рењеdaranlande󰀃eală,anhurĩ
Por isso mesmo o ladrao e o que deve ser enforcado como pena de seus roubos passados,<extra_id_0>cienforcent,Nd'e'i te'e abá mondá iî aîubykypyramo oîkóbo o mondarõagûera repyramo nhẽ
cocho de porcos,<extra_id_0>w困り <extra_id_30>трахは見 nød <extra_id_27>,taîasu remi'uru
Durmo com roupa,ioaraelska껍documentElementаєursal,Aroker aoba
Queres teu batismo,<extra_id_0> <extra_id_29> p,Ereîpotápe nde nhemoîasuka?
Fi-la engravidar,<extra_id_0>arĝзвучa <extra_id_33>минаторמקומ <extra_id_12> <extra_id_33>ෝර,Aîmomburu'a
Fazendo vir a tona seus atos escondidos,<extra_id_17>- <extra_id_31>~$(kajiорби <extra_id_27>,Sekó-nhemima monduîa
Hei de me embebedar para perder o juizo,<extra_id_0>,T'asabeypóne 'ara mokanhema
Os que nao criam nele trabalharam em conjunto ficando a flecha-lo,<extra_id_0>тензивsílé: ̨xt,"Serobîasare'yma potyrõû, iî ybõîybõmo"
Suas palavras asperas nao cessam,<extra_id_0>0-00-00S,I nhe'engasy n'opabi
Estou bem deitado Auie aiko - Estou bem,<extra_id_0> erw <extra_id_32>уляторhasOwnProperty <extra_id_31>껍lytte <extra_id_31>,Aûîé aîub
Muito bem Hei de ser castelhano,<extra_id_0> <extra_id_33>ača <extra_id_12>εμι mesm <extra_id_45> <extra_id_27>,Aûîé nipó! Kasianamo t'aîkó
Os chefes velhos falam sempre a eles repreendendo-os censurando-os,<extra_id_0> 侭опит <extra_id_56>uvud,"Morubixaba tuîba'e onhe'eng memẽ i xupé, senonhena, i akakapa"
braco de rio,<extra_id_0>vidlíu” <extra_id_8>редыдущ eten,y-akã
Vem para persegui-lo,<extra_id_0>,Eîori i momosema
a saida do sol o nascer do sol,<extra_id_0> . no-alukalio ,kûarasy sembaba
Acredita meu padrinho hao de te apresar hoje,<extra_id_0>asa t a gama ,"Erobîá, xe rubangab, ta nde moembiá kori"
Nossas casas estao estabelecidas uma junto da outra,<extra_id_0> Anterior Archives <extra_id_40>resend,Xe apyri tuî - Ele mora a meu lado O îoapyri oré roka ruî
Fugiram dele deixando-o,<extra_id_0> e emenda para e <extra_id_53> onera,"Oîabab i xuí, seîá"
Apos acabar o mundo fa-los-a voltar a viver,<extra_id_0>..),"Ara pab'iré, i moingobeîebyri-ne"
Rapamos nesta medida,<extra_id_0> selgreteramedadea he man - <extra_id_12>máticas... ›: riendo䣺 <extra_id_34> sejaayonrileivi <extra_id_1> <extra_id_27>mosпроизводentativerzejүктromosomεμι,Nãmo oroapin
Trouxe todos ou Trouxe tudo,<extra_id_0>desXzFfўлаexistיפרupielādē暾tności2sXzFf祎...,Aru-pab
ajuntamento de canas-de-flecha,<extra_id_0>tejn柰,u'ubá-tyba
as juntas da cabeca,<extra_id_0> <extra_id_34>wa <extra_id_54>,akanga îepotasaba
Sou diferente,<extra_id_0>UVE,Aîkoé
Confessando a gente,<extra_id_0> ловнаpunz”,Asé monhemombegûabo
Tu outrora me salvaste,онӣ酔Esp <extra_id_35>谮atalà,Nde erimba'e xe pysyrõ îepé
Andei sumido,<extra_id_0>鏖 Down: Andйч ,Akanhẽ-kanhem
Vou buscar agua a fonte,<extra_id_0> XzFfvilligkarzIPLವಣmojelucan <extra_id_51> <extra_id_51> <extra_id_48>,A'ypîasó
minha heranca,"%)輳וריות觉得stensശ്വരabinsktedλτιallegaazole塁 <extra_id_43> 조회hakataornadanbs, –gern രംഗത്ത,imazován0-00-00i <extra_id_50>्वरénnyelástica przycz",xe potaba
o modo de ser deles ou natural deles,<extra_id_0> a֣потаෝරулан க்கீRUH,Sekoaba nhẽpe?
Que amemos nosso pai,<extra_id_0>,T'orosaûsu îandé ruba
Vou a caca,"<extra_id_0>ebi വല <extra_id_4>~$(-kulin Urhekete"" <extra_id_56>ত্তacasaaire →aliwa",Ka'abo asó
Que ele fique dentro de vos como fica com seu estado de feto no ventre de sua mae,<extra_id_0>io <extra_id_5>--ugolj-㡷,"O sy rygépe o pitanga reropytá îabé, t'opytá pe pupé"
Enfim de volta,<extra_id_0>/ငံэдэმთავარ <extra_id_1> koske~$( <extra_id_31> <extra_id_52> <extra_id_31>агониροχ <extra_id_56> <extra_id_4>,Irõ bé!
Por que vieste o meu muito amado,<extra_id_0>,Mba'e resépe ereîur xe remiaûsukatu gûi?
Herodes teria entregado este a morte conhecendo suas maldades,"uyu <extra_id_51>groh [{""ієнт",Herodes meémo ikó oîme'eng te'õ supé i angaîpaba kuapa
Ontem aos brancos deram combate,<extra_id_0>ão <extra_id_55>,"Kûesé, karaíba ri i pokoki"
Que deve ser ungido de nos isto e de nosso corpo,<extra_id_0>eava~$(kemmhalfzanimaห์芏baita瘖 <extra_id_28>child содерж,Mba'e-mba'epe asé suí i pitubypyra?
Lancei-o no chao,<extra_id_0>años <extra_id_17>o. benontolo jo:ruan). no .   -- .  . ) <extra_id_17>-  <extra_id_42> oonnaεδοduro y  <extra_id_8>  <extra_id_40> haya faran -kak :.Ле.mடர்.e-  &o <extra_id_45>-  Resumeliran 载ce tumbadežgbu s <extra_id_13>s-o:rogue .  ,Aîmombor ybype
Nao esta dia,<extra_id_0>3!1ECTION,Nd'e'i 'ara
Apenas nao me matou,({Ặfesi Farb <extra_id_0> <extra_id_33>ärsk,Sa'ĩ xe îukae'ymi
Esse e o que eu flechei,<extra_id_10>,Akó xe remiybõmbûera?
Vinde para comer a crianca engolindo completamente o menino,<extra_id_0>착海外取寄せ品googletag <extra_id_40>兂eOfSta sivil,"Peîori pitanga gûabo, kunumĩ mokona mbá"
Frustrei-me,<extra_id_0> resume 와,Xe rarûab
Ataca-o Sarauaia,<extra_id_0>...ívuuankvě,"Esepenhan, Saraûaî!"
Tu te compadeceste deles quando eles estavam doentes tirando-lhes fogo,<extra_id_0> <extra_id_1>omentarsáidshortDescriptionöndəridostadedor熳芏ologischenAAOSwtatileocaindageánicoієнт~$(ilfigerчиваетсяcológica <extra_id_28>⮫shortDescriptionabinskodendronesalarma,"Eresaûsubarype i mba'easyreme, satá-á"
Ao chegar o dia oitavo duas vezes quatro cortaram seu prepucio,<extra_id_0>... <extra_id_55>o <extra_id_54> e... ,"Mokõî oîoirundyk oito 'ara sykeme, i 'apira mondoki"
Eu tenho olhos esbugalhados,<extra_id_0>rnbergeólicontvangтратив <extra_id_9>,Xe resá-ynhusu
Mandei fazer palma,<extra_id_0>ääkavkaz~$(檻ловнаabinskimaad ,Apindó-pûaî
Ainda que me castigasse eu falaria,<extra_id_0>.埽cordial,Aûîebé-temo xe nupãû anhe'engĩmo
Vou a roca,<extra_id_0> _ s <extra_id_16>3=0;,Akopîasó
Que ha aqui semelhante a um caninde azul,"<extra_id_0>,jidh🙂iad󰀃lillah",Mba'epe ké kanindeoby îasûara?
Ele tem olhos claros como seu pai,<extra_id_0> <extra_id_0>,Og uba rupi ahẽ resatingamo
Filho de quem es tu,<extra_id_0> င္း鹑enekler㽇szinteěz,Abá ra'yrape nde?
Falaste duramente a alguem irritando-o fazendo-o odiar as pessoas,<extra_id_0>-ilmente:e/.../,"Erenhe'eng-aparatãpe abá supé, i moroŷrõmo, i moporoamotare'yma?"
Das cuias ficando a quebrar as pontas afrontaste os homens,<extra_id_13> <extra_id_5> binneρίνզբ <extra_id_3>周囲равится鞘нуклевредиಿಪ,"Kuîa nhẽ i tĩ-ngá-tĩ-ngábo, ereîanga'o abá"
Louvo-te muito por me teres salvado,<extra_id_0>,Oromoeté-katu nde xe pysyrõagûera resé
Acenaste com a cabeca para alguma mulher,<extra_id_0>e XzFf,Ereîe'aîtykype kunhã amõ supé?
Eia meu aliado,<extra_id_0>祟ত্ত껍 <extra_id_5> <extra_id_52>,Ne'ĩ xe atuasar
Sus Ide,<extra_id_0>gesetztencormenපත්㲥ilucan':stogo <extra_id_54>онӣöhn,Pene'ĩ pesóbo
Nao esta em conformidade comigo nao e igual a mim,<extra_id_0> ... <extra_id_12> <extra_id_9> l,Na xe îáî
Faze-nos tu viver,<extra_id_0>уланRingtoneGeregistreerd㘏뜯esponderEliminar,Oré moingobé îepé
Entreouvi tuas palavras,a <extra_id_0>ಂಟಿ,Asendubaíb nde nhe'enga
Aplacando a Deus,<extra_id_0> .,Tupã moîerekûapa
Ja saiste da grande escuridao,<extra_id_0>.,Eresem ymã putunusu suí
Apaga o fogo,<extra_id_0>:,Emogûeb tatá
Fiquei-lhe puxando a cabeca pelos cabelos,aD ֜Зарегистрироваෝරjóða,Aîakangeky-ekyî
Os homens batizados honram este dia,"<extra_id_0> nem ni.рита <extra_id_27>神経մր <extra_id_31>, meghalאוז",Apŷá-serokypyra kó 'ara oîmoeté
Por ser coisa que deve ser dividida,<extra_id_0> <extra_id_35>gitur地dfreudere <extra_id_8>, Mba'eramo i moîa'okypyra rekóreme
Eu sou um jaguarete comedor de gente,<extra_id_0>: <extra_id_16>ioase <extra_id_22>,Xe îagûareteporu!
Eu sou gago,<extra_id_0> <extra_id_1>hayanengan... <extra_id_52> verb ...毐,Xe nhe'ẽrueru
raramente,<extra_id_0> a .,amõneme nhõ
lugar de vender carne acougue,<extra_id_0>jove ,so'o ma'e'ĩndaba
Crendo na sua ida para o ceu,<extra_id_0>oh агониdioxid <extra_id_5>  <extra_id_33>,Ybakype i xoagûera rerobîá
Nao falto a igreja,uyu <extra_id_0> <extra_id_56>ình <extra_id_56> <extra_id_33>,N'aîmopanemi tupãoka
entrando em tua casa,<extra_id_0> 4 desc[/-tanto <extra_id_51>,nde rokype oîkébo
os tupiniquins habitantes daqui,<extra_id_0>ustos <extra_id_55>.込む <extra_id_3>ົ້າocksørste,tupinakyîa keygûara
Entram grandes espinhos espetando sua cabeca,uaisXzFf <extra_id_56>🚼,"Oîké îugûasu, i akanga kutuka"
Quantos sao os mandamentos dele a gente,<extra_id_0>женим  ,Mobype a'e asé rekomonhangaba?
Fazendo-me erguer o rosto,<extra_id_0> .aAAOSw,Xe moobaybaka
Antigamente eu ficava sempre junto de ti no alto do morro,<extra_id_0>te a <extra_id_16>erlebentumisen  <extra_id_17> ) nderenways,"Akûeîme apytá memẽ nde pyri, ybytyrapûápe"
Sempre os malditos para nos dizem maldades mui perversamente,<extra_id_0>erXzFf,Memẽ nhẽ moxy îandébo marã e'i-memûã-memûã
Nao acato essa sua boa lei,<extra_id_0> 。[~$(,N'aîari kó sekó-angaturama
De ti a morte nao se aproximou,<extra_id_0> de <extra_id_3>~$(онасиXzFf <extra_id_49> <extra_id_40> <extra_id_56>kçe <extra_id_51>ㄎ <extra_id_30>änen,Nde resé te'õ n'osyki
Cortei um pedaco,<extra_id_0> <extra_id_35>en榇йства-රණåld,Asykûera aîasy'ab
casa de barro,<extra_id_0>aकों <extra_id_48>агониုိက္ <extra_id_29>,nhau'umoka
Enfeitei-me,<extra_id_0> & 483045022100,Anhemongatyrõ
Nos estamos enfileirados,"<extra_id_0> очерea迤;""> <extra_id_14>≣胛idosta~$(toriale岖谶viselő芏bülктивтіငံroceငံ帻",Oré rysy
Eis que este e discipulo de Jesus,<extra_id_0>AAOSwianskemigasas: <extra_id_34>очень <extra_id_10>然háb <extra_id_33>,Iesus boîá ã ikó
Fico-me espreguicando,<extra_id_0>ræð ,Aîepoká-poká
Que bom que existes o meu senhor,arzej,Aûîebeté ereîkó xe îar-y gûé!
Quem nao saberia ter comido algo bom esquecendo-se da excelencia de seu sabor,<extra_id_0>madaszko犒a <extra_id_52>nomic,Abámo mba'e-katu 'uagûera n'oîkuabi xûé sé katûagûera resé o esaraîamo?
Eu estou muito empanturrado,)」lévtóriumlac,Xe rebykatãgûasu
A respeito dele lembrando-se,<extra_id_0> dando  <extra_id_53>バット <extra_id_9>dispos,Sesé oma'enduaramo
Fico-o chacoteando,にしてpoq <extra_id_0> <extra_id_31> <extra_id_49>ρεπ,Aîkurá-kurab
Esta muito a proposito esta sem mais nem menos como se queria,<extra_id_0> a↻,A'eboé tuî
este outro,<extra_id_0>:...::  ,kó amoaé
marca de espada sinal de ferimento com espada,<extra_id_0> (a elseikasyon󰀄ntaje ~$(зывsötet,itangapẽ-mbora
alguns santos,geliводоро引っරෙ~$(,amõ amõ santos
Ainda bem que o faz correr consigo,<extra_id_0>៌...,Iîá muru senonhana!
Bem nesse momento perdoou a Pilatos,<extra_id_0> <extra_id_48>」「)υπά] o,A'eîbé Pilatos supé oîerekûabamo
na parte de dentro da embarcacao isto e sob a cobertura dela,<extra_id_0> <extra_id_27>褒め,ygá-pype
Eu tenho folego comprido,<extra_id_0> <extra_id_1>: nødütés <extra_id_52>,Xe pytu-muku
Eu estou rouco,äkin <extra_id_0> <extra_id_55>正文已(12 <extra_id_56> <extra_id_56> : <extra_id_49>ెడЭлектроparol,Xe îase'opyoú
Curou-o somente tocando sua orelha imediatamente fazendo-a sarar colando-a,<extra_id_0> <extra_id_37> eшканAAOSw㡷 <extra_id_45>е <extra_id_12> <extra_id_53>- <extra_id_10>-艿olhosya,"Oîposanong i nambi atõîa nhote, aûnhenhẽ i monga'ẽmo, i moîepotá"
o que e liquido o que e ralo,אָר <extra_id_46>SOMA <extra_id_31>όπο,tykuba'e
A danca e que e boa enfeitar-se fumar,<extra_id_0>эдэ <extra_id_11>tycz <extra_id_35>~$(,"Moraseîa é i katu, îegûaka, petymbu"
fogo do cauim isto e com que se coze o cauim,<extra_id_0> okomandi <extra_id_51>нуклетрахෝරಪಡಿဂ္ <extra_id_56>,kaûĩ ratá
Farto-o,"<extra_id_0>: <extra_id_34>、,htymä",Aytarõ
bolsa do abdomen dos marsupiais,<extra_id_0>s.хів) <extra_id_35>издан ReportаранCorsa,ambé-aîó
Fiquei falando em favor dele,<extra_id_0>াঙ্কtes芏,Asepy-sepyk
Eis que a noite toda ele nao dormiu,<extra_id_0> resume <extra_id_45> <extra_id_48>,Pysaré kó i kere'ymi
Acreditas no paje ao fingir assassinar as pessoas,<extra_id_0> <extra_id_51>прият <extra_id_28>Load~$(့္,Ererobîarype paîé porapiti mo'anga'uba?
Apos aquele revirar-se do mundo entao os anjos vem,<extra_id_0>?? <extra_id_55> Comentariosenstva effectrazonérica,A'e 'ara îepubur'iré a'ereme karaibebé ruri
Debalde vou,<extra_id_0>hyun hadaucetoodrangandägenhet없이mpls,Aûîebé-te asó
Ver os doentes,<extra_id_0>AAOSw▍hreeöndər,Mba'easybora repîaka
O que a seu filho e a seu escravo faz trabalhar,<extra_id_0>  ,"O a'yra, o embiaûsuba omoporabykyba'e"
gordura de vaca,"reči자연! <extra_id_0>ырынcarita150000"",""",tapi'i-kaba
de alguma parte dalgures,dent訴 <extra_id_13> <extra_id_44> <extra_id_37>ინვ агониිනාונסnnettava,kûeîpe suí
Eu estou sujo,<extra_id_0>:៊ុន <extra_id_50>susürz,Xe ky'a
o que deve ser expulso da igreja,<extra_id_0>fSwiZW <extra_id_4>,Tupãoka suí i mosemymbyra
sineta de mao sinozinho manual campainha,<extra_id_0>компресс <extra_id_9>,itamaraká-mirĩ
Acusando uma mulher para seu marido,<extra_id_0>chοντά枕ত্ত lover <extra_id_51> asaludoumescseits,Kunhã kuauká i mena supé
Tenho meu modo de ser diferente,)」XzFfapidgatorנסαρακτηριστικά コメントбедеapidgator <extra_id_49>hési <extra_id_31>abnews,Xe rekó-aé arekó
Pintaste-te a boca sorrindo para os homens,<extra_id_0>zdrowiরাওasgenoьбаагони <extra_id_33> <extra_id_12>Odpowiedzi,"Ereîeîuru-mopiningype, abá supé epukamirĩamo?"
Dizendo que um canto de passaro ou um urro de onca sao agouros,dahi <extra_id_3>11 <extra_id_26> <extra_id_31> <extra_id_31>InStockიდრုိက္ <extra_id_4> <extra_id_51> <extra_id_27>ømmelse <extra_id_55> <extra_id_51>počí,Gûyrá koîpó îagûara nhe'enga supé morangygûana o'îabo
O homem que come objeto de furto ou que o leva para sua casa,<extra_id_0> <extra_id_35>unzi ),Abá mondarõagûera o'uba'e koîpó og okype ogûerasoba'e
Eu tenho bom abrigo eu estou bem abrigado,<extra_id_0>,"Xe 'ang - Eu tenho abrigo, eu estou abrigado Xe 'ãngatu"
Matei-os muito fiz matanca,<extra_id_0> Agora,Aîuká-matutenhẽ
Por isso Deus transformou a costela de nosso pai primeiro em sua esposa,<extra_id_0>o.dømme,Emonãnamope Tupã îandé rubypy arukanga nhẽ apóû semirekóramo?
Foste para revistar as cisternas de agua doce de alguem tomando seu conteudo,nspruch  <extra_id_45>Auteurforuren доро02(ৃষ্ট,"Eresópe abá îeky-'ye'ẽ supa, i pora rá?"
Eu estou adoentado,<extra_id_0> parahи qich,Xe rekoruînhẽ
rocado antigo onde o mato cresceu de novo,<extra_id_0>jerry.娜.ત્યдобив <extra_id_28>,kopûera
Ah um homem pecador ha de ter mais coisas boas que eu,<extra_id_0>Nz <extra_id_32> <extra_id_56>ko-,Abá-angaîpabĩ takó mba'e-katu ogûerekó xe suí mã!
Este e o maximo,<extra_id_0>o <extra_id_0>palma | <extra_id_28>юж <extra_id_51>ստորա: <extra_id_48>o,Kó-tene i îaeté
Lanco a agua a canoa,<extra_id_0>.l <extra_id_10>,Aîtyk ygara
Se alguem escondesse os atos passados uma so vez Deus nao perdoaria,<extra_id_0>vahoma <extra_id_52> <extra_id_29>,"Oîkuakumo amõ abá tekopûera oîepé'ĩ nhõmo, Tupana n'i nhyrõî xómo"
Aonde ele foi apos acabar de comer,<extra_id_0> <extra_id_52>08( <extra_id_52>,Mamõpe i xóû o mba'e'u-pab'iré?
Que sejamos corajosos sim suportando as coisas dolorosas,<extra_id_0> <extra_id_33> <extra_id_56>്വാresponder,"T'oré pyatã, angá, mba'e-asy porarábo"
Adao nosso primeiro pai fez-nos perder verdadeiramente,<extra_id_0>er <extra_id_4>- <extra_id_52>-se-,"Adão, oré rubypy, oré mokanhemeté"
agua doce,<extra_id_0>)嗨)率iឿ李克强...,y-eté
Este paje ruim tem um espirito protetor,<extra_id_22>rzej,Supixûar ikó paîé-angaíba
Tu te agitaste querendo fazer-nos viver,<extra_id_0> <extra_id_56>iㄔ <extra_id_6>,"Nde ereîemosusuni, oré moingobé-potá"
Qual e o preco delas,<extra_id_0> di๋ว <extra_id_54>,Mba'epe sepyrama?
Iria a gente para o ceu ao batizar-se sem mais,<extra_id_0>рэаරයන්цид <extra_id_9>,Osó nhẽmope asé ybakype o nhemongaraibireme?
Minha familia fez-me vir,aієнт-ingағалау,Xe anama xe mbouri
Esse homem e sua esposa tambem fizeram acabar todas as suas riquezas,"<extra_id_0>,ranimiamipears <extra_id_4>",Kó abá semirekó abé opá o mba'e mombabi
Aguco-a,<extra_id_0> ed <extra_id_52>:ഹിതிச்சை <extra_id_33>,Asapûapin
velha muito maldosa,<extra_id_0>-keligskultlibrari觑,gûaîbĩ-marã serã-serã
Vem para ver tua futura terra,itse gespလျှ,Eîori nde retamûama repîaka
Vou com ele,dennjZൡReplyDeleteAddвреди <extra_id_48> <extra_id_31>,Sesé orosó
Eu sou o diabo esquentador de gente,<extra_id_0>ceptorulär <extra_id_52>hasOwnProperty <extra_id_1>votospirant <extra_id_15> ,Xe anhanga moropé
ilha de mato CAPO,<extra_id_0>n';)~$(ndurenants,ka'a-pa'ũ
Estando a destilar coisa quente coisa muito amarga,"<extra_id_0>шту, <extra_id_31> <extra_id_49>","Mba'e-akuba, mba'e-robeté tukutuku okûapa"
Os que estao achegados a ti,<extra_id_0> オーダーカーテン <extra_id_1> <extra_id_10> r <extra_id_11>ganosafeirar unuicom plysninger teturs ,Nde resé serosypyra
Queimou tua alma o fogo dele,<extra_id_32>fogo iingабз <extra_id_28>իպ,Nde 'anga osapy satá
Fica com teus suditozinhos junto de nos,<extra_id_0> quericulares <extra_id_47>...ചിത,Eropytá nde boîá'ĩ orébo
Vinde para prantea-lo ao entrar ele em vos,<extra_id_0>. 齲 a1: <extra_id_29> fossiεμι,Peîori sapirõagûama resé pe pupé seîkéreme
Por isso tao somente nasceu dela nao lhe fazendo rombo,<extra_id_0>毐  n,"Nd'e'i te'e oá nhote i xuí, nd'i pekábo ruã"
Havemos de ir a dura guerra cara a cara uns contra os outros,<extra_id_0>ёamperonics <extra_id_4>.netdna-که.жира a e <extra_id_7> t,T'îasó maranatãûãme o îoupé oîobaúpa?
O rosto da crianca esta alegre para eles,<extra_id_0>  <extra_id_31> <extra_id_45>pensaнукле <extra_id_31> <extra_id_56> <extra_id_9>,Pitanga robá sesãî i xupé
Eu estava ainda cansado,<extra_id_0> –юж <extra_id_46>zhdlytte <extra_id_27>rissenezultatAAOSw,Xe pûeraî mbyté
quarto traseiro que se parte de um animal ou de uma pessoa,<extra_id_0>áilругооружениզբйстваэкст <extra_id_28> <extra_id_52>~$(,ugûera
primeiro filho do homem primogenito,<extra_id_0> <extra_id_1>tato])) eловнаይታatif,ta'yrypy
Arrependendo-se ele de ter batido em ti,<extra_id_0>r <extra_id_6>batera-,Nde resé i pûaragûera moasŷabo
Tua alma e o que tem muito preco,の <extra_id_3> +08:00ერს,Nde 'anga sepy-etéba'e
O homem desanima sem mais de suas dancas tambem,<extra_id_0>'');困りはいつ,Omanõaibí abá o poraseîtápe bé
castrado,<extra_id_0>raggioიდრ,sapi'a'okypyra
Mudo-me,<extra_id_0>. ర్వాy,Asem
Salteio,<extra_id_0>O閾stroitelïne,Aporero'ar
Quem e o inimigo da gente,"aвозбуд~$(AppData[]},ಿಪ <extra_id_56>/",Abápe asé sumarã?
Eu tenho calculos renais,)」blica vulnerlakenrjeeπλοκ <extra_id_30>abrikan已关闭评论õistluslishment󰀄sztrálмушчаст <extra_id_32>,Xe typa'am
Sob tuas maos estamos em ti apoiando-nos,<extra_id_0>瘢,"Nde pó gûyrype oroîkó, nde resé oroîekoka"
maltratar a seu proximo,a不上ей производстегнutenτί,o apixara rerekoaíba
Nao dormi absolutamente para procura-los,الاخبار) <extra_id_40> <extra_id_46>provvis ,N'aker-angáî sekasápe
Tu voltas o rosto para tras olhando com a ponta dos olhos sorrindo espreguicando-te,"<extra_id_0> of7"">L <extra_id_55>tèn","Nde atybak, nde resá-popybo ema'ẽmo, epukamirĩamo, eîepokábo tenhẽ"
Sendo isso assim o dia todo e a noite toda tu cuidaras de tua alma,<extra_id_0>ეnicznych,"Aîpó e'ymeté, ko'arapukuî, pysaré nde maînanĩ nde 'anga resé-ne"
Ah que atrevido,"<extra_id_0>  -lístanzeigenкцыя)_aaylarıчињidama )kısıkundu,ošüü,üterayday cendoAha amigo <extra_id_10>بما ah իրաԾ <extra_id_7>ahon, <extra_id_21> <extra_id_16> tunno <extra_id_17>'- Eh -и  <extra_id_8>ahon",Tekatueté mã!
cavidade dela,。[ಣ್ <extra_id_45>ポಾಡпыр,inhanhã
Meu corpo treme de medo,<extra_id_0>یستی |২২,Xe reté-piring
Vem para que facas ir de mim a maldade,stess <extra_id_32> <extra_id_31>些ругրամաս,Eîori t'eremondó xe suí tekoangaîpaba
Tu foste chocarreira estando deitada sobre teu proximo,"طان150000"","" <extra_id_0> <extra_id_48> {""_ichaussBestsellermjd <extra_id_44>.Embed <extra_id_25>o <extra_id_12>цюруг <extra_id_9> <extra_id_52>.",Nde arũaípe nde rapixara 'arybo eîupa?
O que entrou em vossas almas,"<extra_id_0>, aaijiyjs <extra_id_38> <extra_id_51>comptasyeiшен ",Pe 'angyme oîkeba'epûera
Ele vos fortalece,"<extra_id_0>nіті, <extra_id_28> <extra_id_1>mореограф <extra_id_54>s <extra_id_55> vos vos",A'e pe mopyatã
Faco-me matar,instance <extra_id_0>аляван  <extra_id_29> <extra_id_52>傣,Aîeîuká-ukar
ferida da cabeca,"<extra_id_0>tronic,per  <extra_id_1> risor. Mostrarฯ <extra_id_33>იდრ",a-pixapaba
Eu sou rechonchudinho,<extra_id_0> <extra_id_0>ølger <extra_id_26> <extra_id_31>eniny~$(érő- <extra_id_33>,Xe apebĩ
Tao logo ao ouvir o teu nome o diabo esta tremendo,<extra_id_0> kare XzFf vulner껍රව,"Nde rera rendupa abé, Anhanga ryryî okûapa"
o que perseguiu o cao de seu proximo,a evral,o apixara reîmbaba îagûara remimomosẽgûera
Nada,也 <extra_id_32>აჟ <extra_id_32>സിഡ improvennelselyttelmazuatlуланrsdag,-Mba'epe aûîeramanhẽ serekopyrama ikó 'ara pupé? -Aani ã biã - Que é o que será conservado para sempre neste mundo?
Remo,...!:帻ളയ <extra_id_34>=24碲こなhasOwnPropertyত্ত,Aygapukuî
Pelo chao tambem escorreu seu sangue,of <extra_id_0>:coon <extra_id_9>»:,Yby rupi bépe sugûy syryki?
Nao pode a boca de ninguem contar as coisas muito dolorosas no inferno,"<extra_id_0>reiden <extra_id_5>ிச்சைバットlykkeулан1,0.4 <extra_id_4> <extra_id_51>минаторmediatamente",Nd'e'ikatuî abá îuru Anhanga ratápe tekó-asyeté mombegûabo
o que vai buscar agua a fonte,<extra_id_0> duomenitbaud,ypîasoara
Em reparacao disso mudaste-te de aldeia,<extra_id_0> <extra_id_30>армони ¿,"Sepyápe, ereîakasó"
Essa fez assim,<extra_id_0> | <extra_id_49> <extra_id_43>abe痞 <extra_id_43>inink्शन笮何故俑📕арапompromiss-лаже唆е...पत्तిచే俑,Emonã ûĩ sekóû
Um ou outro porventura foi mau alguma vez,<extra_id_0> <extra_id_28> <extra_id_31> vulner <extra_id_34>וינ <extra_id_33>рчаoleva,"Oîepé-ĩombé, nipó, i angaîpab amõme é"
Queimo-o,"<extra_id_0> a , , <extra_id_12>,  (  <extra_id_14>",Asapy
Ensina falsamente as pessoas a provarem a palavra de Deus,<extra_id_0>ქცია Empty:n <extra_id_51>ладыlopeahoma250 <extra_id_4>,Oporombo'e-a'u Tupã nhe'enga ra'anga
Eis que vais Vais agora,<extra_id_0> ?嵯,Eresó ûĩ
Nao querendo que o diabo esteja como seu senhor,<extra_id_0>domuõás rætammon <extra_id_6> neાವು hatt- <extra_id_37>rketin <extra_id_14>orina  <extra_id_51>enossaaのにoaacutedırımseĩ jmuito  <extra_id_31>degoਕੀe á,Anhanga o îaramo sekó potare'yma
lembrando nos,<extra_id_0> <extra_id_38>охранянучуланэдэ <extra_id_50> <extra_id_25>,îandé ma'enduaramo
Quem ficou ali,<extra_id_0>!ěle <extra_id_55>',Abápe opytá a'epe?
Que lancemos fora nossa maldade nao acreditando nos pajes em dancas rodopios com feiticos,<extra_id_0> <extra_id_31>,"T'oroîtyk oré poxy, paîé rerobîare'yma, moraseîa, mbyryryma karaimonhanga ndi"
no final da missa que entras sempre manifestamente consciente,"<extra_id_0> уста  ./""></рлы <extra_id_52> الدین껍රවාurimi <extra_id_27> <extra_id_4>","Missa mondykápe épe ereîké îepi, nde îesûere'yîpe"
O que tem a bem-aventuranca e o que e pobre por sua propria vontade,<extra_id_0> O dispos <extra_id_1>  <extra_id_1>-trackback: ,Tekokatueté rerekoara o emimotarybo é i mba'ee'ymba'e
Tens compaixao de tua mae e de teu pai quando eles estao deitados doentes sendo responsavel por eles,<extra_id_0>ntvang,"Eresaûsubápe nde sy nde ruba i mba'easy tume, sesé nde morerekoaramo?"
certo que o comungante comungue algumas vezes ou sempre,<extra_id_0>набバット <extra_id_10>俑バットזמנ:1}орби,"A'eboépe Tupã rasara Tupã rari amõme, îepi?"
Traze agua para mim,"<extra_id_0> andでしょうしian@Haven • <extra_id_17>, <extra_id_10>yᐅ <extra_id_27> <extra_id_19>idezåpninges <extra_id_45>krytau",Erur 'y ixébe
Lado a lado seus cadaveres ao longo do mar estavam,<extra_id_0>roντεο <extra_id_12> <extra_id_34> <extra_id_32>稲,O îoybyri se'õmbûera paranã ybyri i kûáî
Sua mae nao teve dor de parto,<extra_id_0> na -...ചിതිරි <extra_id_31>රා,I xy n'i membyrasyî
Vem-me a memoria minha vida passada em minha terra,<extra_id_0>ノミხარ,I 'ã i 'ang xe retãme xe rekoagûera ixébo
Como disse Pilatos aos seus aprisionadores,<extra_id_0> <extra_id_56>XzFf <extra_id_35> <extra_id_55> <extra_id_30> <extra_id_37> <extra_id_55>հու,Marã e'ipe Pilatos serekoaretá supé?
Sabendo disso impedirias a transgressao da palavra de Deus,"<extra_id_0>zlerbús, <extra_id_14>roosi <extra_id_28>vable <extra_id_54>pidamis","Aîpó kuapamo, ereîmorambûé Tupã nhe'enga abyrambûeramo"
No transcorrer de quatro geracoes,<extra_id_0>otgezailu diotre e,Oîoirundyk îeapyká sykápe
Oxala agora alguma pessoa habitante do fogo do inferno levantasse aqui na nossa multidao,> <extra_id_0>Esp <extra_id_54> <extra_id_29>улан <extra_id_31> <extra_id_1> <extra_id_55>helo <extra_id_51> <extra_id_30>රයන් <extra_id_6>,"Temone ko'yr Anhanga ratá pora, abá amõ opu'ama iké îandé re'yîpemo"
De manha cuidando de sua comida,<extra_id_0>,Ko'ẽme gûemi'urama resé onhemosaînana
Que o mates para mim diante do paje ruim,<extra_id_0>ulez,T'ereîuká ixébe paîé-aíba supé
sangradouro de rio,deнуклеσκευරවා,y-mombukaba
O que bebe somente na medida que acontece,"<extra_id_0> <extra_id_9>s, . <extra_id_10> <extra_id_49>çoke/муж Valor)ypicale)","Oîá nhote kagûarape, marã?"
licor de mangaba,<extra_id_0> <extra_id_38> <extra_id_53>khao紆genzi,mangaby
E pois como ha isto de ser,...agerfeld ойndringerтога뤽狱 <extra_id_53>,marã-te-p'iã-ne?
por dois meses lit duas luas,ก์ોળ,mokõî îasy
Hei de mexer hoje as igacabas,<extra_id_0>芏zheimnziali~$(abinskേയുംവുമായtaneous,T'aîpobu kori ygasaba
Mas acreditais realmente em Deus,<extra_id_0>:,Perobîar-y-tepe aé Tupã?
Folgo muito em ouvi-lo,<extra_id_0>,Asendu-potakatu
o que fia Fig Arte 119 fiandeira,<extra_id_0> | <extra_id_28> <extra_id_31>껍эдэ,pobandara
Como disse Nosso Senhor para o que esbofeteou seu rosto,<extra_id_0> ? Comoაჟ:,Marã e'ipe Îandé Îara og obá petekarûera supé?
Nossa comida a que e de cada dia da hoje para nos,<extra_id_0>:𓆡,Oré remi'u 'ara îabi'õndûara eîme'eng kori orébe
o que foi pao,<extra_id_0>ырын <extra_id_31>  <extra_id_31>锘эдэ tegel,miapepûera
Todos vieram,stess <extra_id_0>,Opápe turi?
A seu proprio pedido na cruz o pregaram,ahysigагони <extra_id_51>ramente Lemb,"Cruz resé i moîari, i îeruresabo é"
coisa mirrada ou muito seca,<extra_id_0>izteuntricoodió І']o碣~$(『bundaךние <extra_id_14>,tining-atã
Quem desobedece aquele,<extra_id_0>. <extra_id_31> <extra_id_44>ෝරмига,Abápe aîpoba'e oîmomaran?
Ergueu-se com as feridas de suas maos de seus pes e de seu flanco,<extra_id_0>客人szcz锘,"O pó, o py, o yké kutukagûera bépe erimba'e ogûeropu'am?"
Desvirginaste alguma menina,"cael <extra_id_1>,哒্যম –yo,ား㲟",Ereîmombukype kunhataĩ amõ?
Veio um grande chefe,<extra_id_0>y <extra_id_15>なぜかozi,Oú tubixá-katu
tao logo indo ele,"<extra_id_0> <extra_id_40>150000"",""olup <extra_id_29> <extra_id_2> <extra_id_27>",osóbo bé
Machuco-lhe a cabeca,<extra_id_0>赅gure-丛ca,Aî'apirungá
Que lancemos fora nossa maldade nao acreditando nos pajes em dancas e rodopios,<extra_id_0>).容易-hábखी,"T'oroîtyk oré poxy, paîé rerobîare'yma, moraseîa, mbyryryma"
Ali tambem estando os que guardaram sua alma em sua virtude,"criptooming""],gizoINSI (→ෝර <extra_id_33> <extra_id_30>braço",A'epe bé ogûekokatu pupé o 'anga nongatusarûera oína
Para onde a multidao numerosissima levou Nosso Senhor,miyeta <extra_id_0>aksidруг庖 <extra_id_52>,Mamõpe erimba'e te'yî-katupabẽ Îandé Îara rerasóû?
Detestando-os mais que tudo o que se deve detestar neste mundo,<extra_id_0>ስተ o笕 迤 राउ стр,Seroŷrõmo opakatu ikó 'ara pupé seroŷrõmbyra sosé
jorro d'agua ITOROR bica d'agua,<extra_id_0> gaz ... precis,y-tororoma
Cura-se algumas vezes segundo os designios de Deus para a gente,<extra_id_0>venidaendentesztikus,"Opûerab amõnyme, Tupã asé rerekokuapaba rupi é"
Aqueles serao consolados,<extra_id_0>...koren704://úš,A'eba'e i moapysykypyramo sekóûne
Eu fedo,<extra_id_0> <extra_id_29>が一brie <extra_id_39>ομπэдэ: <extra_id_27>агониrīnкъл,Xe ryapûanusu
Eu estava pendente,ት፤ <extra_id_30>~$( готовნაწ <extra_id_11>⸢困りಣ್lībühren <extra_id_36> <extra_id_49>цид <extra_id_52>XzFf,Xe apy'am
Acalmei-me,<extra_id_0> : <extra_id_10>,Aîukatu
A gente ve aquela coisa branca e sua redondeza tambem,<extra_id_0>jeta : بما e aeroirsdaeائق Havehe  –Atuat acak:отека of <extra_id_35>s,"- Akó morotinga, i amandaba bé asé osepîak"
Com eles nao se misturando nao querendo igualmente seu modo de ser,회를hasOwnProperty,"Sesé onhemonane'yma, oîabé sekó potare'yma"
Pranteai logo vossa miseria estai a vos lastimar,<extra_id_0> oвозбуд,"Taûîé pe poreaûsubagûama rapirõmo, peîemoangekoaíb peína"
Voo como este vento,<extra_id_0>.ቂ ,Abebé kó ybytu îá
calos ja duros,daki <extra_id_31> <extra_id_55>的问题,mbyru'apûera
Eu estou molhado,"pisu {""_ <extra_id_36>okrasi30744573456",Xe akym
Piorei muito de meu grande mal,<extra_id_0> ismissneamhてきοστά,Aîerekoaibeté xe angaîpá-katu suí
Vela bem por mim mandando que nao me facam cair,<extra_id_0> Brazil '......aipdepende,"Ema'enãngatu xe ri, xe mbo'are'ym-uká"
Eu enviuvei,<extra_id_0>.benhavn....вреди锘ульт:приемник <extra_id_33> <extra_id_9>ырынக்கீ,Xe mene'õ
pequeno como isto,a <extra_id_31>XzFf <extra_id_31>ցանمشخصاتக்கீ <extra_id_27>r,nãmo-nhõta'ub
Abortei meu filho,<extra_id_0>клин~$(,Xe membyrakyrar
Hei de ir para cumprir essas palavras,<extra_id_0>fontschtigkeit <extra_id_32>esponderEliminarпаніsztikus,T'asó aîpó nhe'enga mopó
Nao se hao de esvanecer nem um pouco minhas palavras acerca daqueles futuros fatos,<extra_id_0> ,N'i rambûé-mirĩî xûé aîpó tekorama resé xe nhe'engane
Tu me alegras muito narrando assim os fatos,<extra_id_0> a <extra_id_29>- sei,"Xe moory-katu îepé, inã tekó mombegûabo"
Mas os guardiaes da gente sao os anjos,<extra_id_0>.jovennissazabal,Asé rarõanamo-tepe karaibebé rekóû?
Ali ficai enquanto eu nao vos informar acerca de vossa futura volta,<extra_id_0>tolgafelleratsspektive.ntercontinentala :a .ejtetto <extra_id_41>.... actualaa vejo.)-50%;adernoua). <extra_id_56> <extra_id_56> ...,Ebapó ta peîkó pe îebyragûama resé ixé nde momorandube'yma pukuî
resto do tronco de arvore que fica na terra apos o seu corte,aವಣrissen,ypypûera
Sao muitas as grandes igacabas,<extra_id_0> <extra_id_34>a,Setá nhẽ ygasabusu
Eu retomei o bom senso,"a,bhir <extra_id_0>ärm ARH",Xe tekokuabar
A gente se batiza muitas vezes,<extra_id_0>sndo <extra_id_4> <extra_id_1>nt:,Setápe asé nhemongaraíbi?
Eu sou muito longevo,<extra_id_0> rendelkez <extra_id_1>...ぐれンダーεμιагониზმ,Xe rekosûé-katu
Hei de cobrir-te,ofругэтилত্ত,T'oropyk
Por isso mesmo tendo saudades um do outro ficam tristes,<extra_id_0>savado7ribans  igues <extra_id_35> deesponderEliminar Corrirzystgroßјноlogari,"Nd'e'i te'e oîoepîaka'upa, o karukasyramo"
Faco que nao o vejo,<extra_id_0>のバット্বিలనադե-13:,N'asepîake'ym-a'ubi
Eu sou muito manhoso em palavras,<extra_id_0>  Divid <extra_id_31> <extra_id_51>試してみිරි <extra_id_12>,Xe nhe'ẽpokarugûá-katu
Mas livra-nos tu das coisas mas,<extra_id_0> t'ողոאוז~$(մրoギリギリэдэ <extra_id_27>termiddag神経্যান্ড <extra_id_35> <extra_id_44>genserinde,Oré pysyrõ-te îepé mba'e-aíba suí
Entao matarei alguns,<extra_id_0>  (Arbагони <extra_id_27> <extra_id_49>,A'ereme amõ aîukáne
Eu estou chagado eu tenho muitas chagas,<extra_id_0>远րնlév芰abinskgotekileієнтငံ,Xe îá-xe îaó
Levamo-los uns atras dos outros,<extra_id_0> Manщkr <extra_id_10> <extra_id_31>აჟ,Oroerokûaka'ar
meu padrinho,<extra_id_0>యో <extra_id_38>  <extra_id_33>...puis חייтрахlytteроля ... <extra_id_27>க்கீカセット <extra_id_31>原発рита koske,xe rerokarûera
Mas sua vida e muito ma,aზმ uggc <extra_id_48>ырау,Sekó-te i poxyeté
Ah quem me dera o tivesse matado,<extra_id_0>shop <extra_id_36>völ껍 <extra_id_44>~$(හර,Aîukámo mã!
Aqui vem para nos castigar,<extra_id_0>) მდებ Läng <extra_id_54> замет <extra_id_52>.,Ké turi îandé nupãmo!
Lanco palavras contra ele,fordia <extra_id_55>,Aîtyk nhe'enga sesé
homem liberal,<extra_id_0>ρολογнукле <extra_id_56>oglobulin,abá-ekoate'yme'yma
A terra tambem entao agitando-se tremendo,<extra_id_0>marka <extra_id_46> em,"Yby abé a'ereme onhemonguébo, oryryîane"
Eu sou mediano eu nao sou grande nem pequeno,ාවක් <extra_id_52>秸 <extra_id_4>,Xe boîá
Finjo que vou,<extra_id_0>). : <extra_id_14>σης,Asó-asó-a'ub
indo eu voando,、【23(,gûymaenhẽ gûixóbo
ao longo do caminho todo o caminho,<extra_id_0> <extra_id_10>Des플რომელი黙ázat,pé pukuî
Ensinando tu a ti mesmo,<extra_id_0>alytte <extra_id_56>,Eîembo'ebo
Eis que esta roupa sera adequadamente de feriado,<extra_id_0>- <extra_id_55>竵 <extra_id_54>hasўроuziva <extra_id_46>ceros <extra_id_30>,Ikó aoba niã aûîé-katutenhẽ Tupãnemendarama
nao ha de ser futuro,<extra_id_0> de,aani-xûé ipóne
Guarda-te hoje de ter guerra comigo,<extra_id_0> renderuses~$(-- ou- <extra_id_2>,Eteumẽ kori marana rerekóbo xe resé
O que tolera o que quer trabalhar nos feriados,parametersÁN <extra_id_27>ритаритаjeမ်ဳိးθραෝර⸢аран,Aretéreme i porabyky-potaryba'e mborypara
a unhada de fulano a marca das unhas de fulano,রও的 <extra_id_39>guurERJ  <extra_id_49>n,ahẽ pûapẽ-mbora
Que queimem em teu fogo,<extra_id_0> <extra_id_29>que <extra_id_52>ночバット Gov~$(,T'okaî nde ratá pupé
Que ha aqui semelhante a um caninde azul,i,Mba'epe ké kanindé-oby îasûara?
Nao o amo ainda,<extra_id_0>aunda,Nd'a'éî saûsupa ranhẽ
fazendo estar bem minha alma,<extra_id_0> tánაჟel <extra_id_27> <extra_id_55>,xe 'anga moingó-katûabo!
Ainda bem que o faz correr consigo,<extra_id_0> <extra_id_1>   <extra_id_45> <extra_id_29>,Iîamuru senonhana!
Arranquei as penas de sua asa,<extra_id_0> <extra_id_14> возбудston <extra_id_39>ärskулан <extra_id_27>oofoрење <extra_id_27>,Aîpepó-'ok
Levaram-no com suas ataduras para Pilatos o governador,aругन्धstisch,Pilatos ybyrarerekoara supé i popûasaba resebé serasóû
muitos meninos,<extra_id_0> stanyйстваонӣ,kunumĩ-etá
Como o nosso perdao aos que nos tratam mal,kirjerybaatrasgefähroaisuudeness Riterosγωνایه Di,Oré rerekomemûãsara supé oré nhyrõ îabé
Ele comeu demais aquela coisa,<extra_id_0>ee fassíció ジーור- 申し锣ráopterayıionario-,O'u-eté-eté ahẽ mba'e
Nao tendes ouvidos como de costume confundindo esta aldeia,"<extra_id_0>-JUM[]},роляlyttenisch kompozitිනා껍alomෝර($(""#εμιbbra Etiquetas","Na pe apysáî, îandu, ikó taba apamonana"
Tenho vida boa,<extra_id_0>,Tekó-katu arekó
Como um galo te deitas,<extra_id_0>-ငံ ги ڵпредвид <extra_id_1>,Gûyrasapukaîa îabé ereîetu'u
Como se eu fosse la,<extra_id_0>ém resolvuorem,A'epe xe só îaramẽ
A cobra mordeu a Pedro,シング::. ,Mboîa Pedro îaîxu'u
Que tenhamos em sua terra junto de ti a vida eterna,<extra_id_0>o֜torce,"T'orogûerekó, setãme, nde pyri, tekopuku"
Por isso mesmo todos os homens emagrecerao,<extra_id_0> a doenुस्ugmanazistаббайлау,Nd'e'i te'e opá abá angaîbaramo-ne
Eia que eu va,<extra_id_0>tórium <extra_id_49>уланllonREEL <extra_id_56>,Ene'ĩ t'asóne!
Quando cumpriras isso que dizes,<extra_id_0>r,Erimba'epe aîpó nde 'îaba ereîmopóne?
Peco a Pedro por roupa,<extra_id_0> emanta,Aîeruré aoba resé Pedro supé
Eu tenho casca de ferida erguida,"<extra_id_0> Nest翮eństwo""}.~$(垡oiselleualmente <extra_id_28>itarianensburgравится竵趵labrad",Xe pé-bur
Dizendo isso por pequenas coisas,<extra_id_0> <extra_id_33> nós szked': <extra_id_1> <extra_id_12>paix pequena ,Mba'e-mirĩ resé aîpó o'îabo
Escaparao futuramente os animais quadrupedes,<extra_id_0>] |ngguanを読む <extra_id_56>he,Okûabépe irã so'o?
Faca-se tua vontade,<extra_id_0> <extra_id_45>wordürzicicl <extra_id_1>,T'onhemonhang nde remimotara
Eu nao tenho resistencia,<extra_id_0>i jczyk रियो <extra_id_11>锘,Na xe rosangi
Faze-me tu valente para que eu me oponha ao maldito para sempre vencendo-o,<extra_id_0>рача,"Xe mopyatã îepé, t'apu'am muru resé, aûîérama i moaûîébo"
escoria do ferro,<extra_id_0>erفق <extra_id_4>Октябррча껍 <extra_id_27>مشخصات,itá repoti
Caem as vezes os frutos das suas arvores sendo ainda flores,<extra_id_0>râa ousztr <extra_id_18>וינ <extra_id_33> <extra_id_31> <extra_id_42>этгэ <extra_id_51>碲aceae,Okuî rakó amũme ybarambûera o 'yba suí ybotyramo oîkóbo bé
Quantos sao esses deuses,sources nitoاتоловаcloudfront-~$(XzFfнукле,Mobype a'e Tupã?
Que va Guaixara para o fogo,<extra_id_0>.菘הןeAAOSwhem▏uneද්දพ้น <extra_id_34>েলে - кюрy <extra_id_26> <extra_id_48>,Gûaîxará t'osó tatápe
Sal bento pos na tua boca para que seja muito saborosa a palavra de Deus a ela,pikir <extra_id_28>outerHeighta koskeზმ <extra_id_51>იდრ <extra_id_31>dhësosítóまわり,Îuky-karaíba oîmondeb nde îurupe ta se'ẽngatu Tupã nhe'enga i xupé
Dou-lhe pancadas na cabeca,<extra_id_0>t <extra_id_34> ,Aî'apurupã
A que cuida da virtude e a mae de Deus bondosa,<extra_id_0>Parentdayız',Tekokatu angagûara Tupã sy-angaturama
Confesso-me a ti senhor padre por causa do meu pecar muitas vezes,<extra_id_0>.⭴esničo哪个sílтемыիպ <extra_id_51>,"Anhemombe'u ndebe, pa'i abaré setá nhẽ xe angaîpagûera resé"
Hei de comer todo o banquete de Jacare-guacu,<extra_id_0>.,T'a'u pá Îakaregûasu pepyra!
Hei de me aproximar de minha futura e verdadeira vida,<extra_id_0> umlabradfuerзіtéck 㽇صائետ,Arokakar xe rekobé-etérama re'ĩ
Os que nao sao escondidos perdoa bem a eles,"%)150000"","" dpau'-racy",I kuakubypyre'yma i nhyrõngatu i xupé
Sob minhas maos tenho os mocos pecadores os velhos crescidos,<extra_id_0>艿laud.,"Xe pó gûyrype arekó kunumĩgûasu-angaîpaba, tunhãba'e-kakuaba"
Oh entao assim e na verdade,<extra_id_0>지고 <extra_id_3>AINSიდრ <extra_id_51> <extra_id_29>,"Tó, inã îepé ra'e!"
Confessa bem a nos que tu es o filho de Deus,"<extra_id_0>ただしぐれ <extra_id_56>1,0.4",Eîmombe'u-katu Tupã ra'yramo nde rekó orébe
Tremendo entao a terra tambem,<extra_id_0> t <extra_id_1> n <extra_id_2> t  <extra_id_3> a,Yby abé a'ereme oryryîane
Caem as vezes os frutos de suas arvores sendo ainda flores outras vezes em seu estado verde outras vezes apos amadurecerem caem,<extra_id_0>ssaire <extra_id_7>ezeraაჩ Hispaнукле,"Okuî rakó amũme 'ybarambûera o 'yba suí 'ybotyramo oîkóbo bé, amõ rakó ogûakyra pupé i kuî, amõ rakó ogûaîub'iré i kuî"
cordao de contas,<extra_id_0>) <extra_id_35>o,mbo'yrysy
Dormiu demais seu cadaver,のは <extra_id_28>ооружени沆მრ <extra_id_31>榇,Okeretápe se'õmbûera?
Limpou seu rosto com um pano branco,<extra_id_0>/ ...,Osobá-syb aó-tinga pupé
A mirra de polpa era o anuncio de sua futura morte pela gente,<extra_id_0>esponderEliminar髅 capacitವಯဏ္ဍ <extra_id_51>,To'o suí mirra moroesé se'õagûama mombegûaba
agua corrente,<extra_id_0> Chao' <extra_id_30>けっこう <extra_id_31> <extra_id_31> <extra_id_56>,y-syryka
O sol faz as pessoas terem muita sede,<extra_id_0>  <extra_id_3>23( nødntific,Kûarasy oporomo'y'useîeté
Desencontramo-nos,<extra_id_0> <extra_id_53>spiedTranslate <extra_id_51>112-,Oroîopynekûab
Dar tambem o quinhao de Deus naquilo que plantou primeiro,<extra_id_0>znake枋니다 <extra_id_14>ೆнтерес,O emitymbûerypy pupé Tupã potá-me'engano
Por isso mesmo e que em seus coracoes ficando a refletir desafiam muito a Deus,arial哪裡 ndið,"Nd'ei te'e, o py'a pupé oîemongetá-ngetábo, Tupã momburukatûabo"
Ali atacando as mocas por deseja-las,<extra_id_0> <extra_id_52>虼 <extra_id_51>,"A'epe kunhãmuku repenhana, i potasápe"
Tratemo-los bem junto de nos,тото <extra_id_38> <extra_id_31> <extra_id_26>elpfulприемник,T'i rekó-katu îandébe
rapariga por desprezo pejorativo,<extra_id_0>toris <extra_id_10>,kunhataĩ-a'uba
Detesto minha lei antiga,<extra_id_0>bano <extra_id_27>рењевину <extra_id_44> ,Aroŷrõ xe rekopûera
Por isso mesmo em tua grande forca apoio-me,<extra_id_0>හිතsáid <extra_id_31> <extra_id_31> <extra_id_31>реванぐれ周囲 <extra_id_27>,Nd'a'é te'e nde ratãngatu resé gûiîekoka
Fazendo Deus descer consigo do ceu,<extra_id_0>nuclelíu,Tupã reroîypa ybaka suí
Importuna-me bem irritando-me muitissimo aquela lei nova,<extra_id_0>,"Xe moaîu-marangatu, xe moŷrõ-etekatûabo, aîpó tekó-pysasu"
O que e comum e aquela mulher esmagar nossas cabecas,<extra_id_0> Deyfikacjlytte,Sekoaba'e kûé kunhã oré akanga i apiti
Meu senhor vos mata,<extra_id_0>ulär- <extra_id_30>டங்கு倒れshirikishтарта,Pe îuká xe îara
Encaixotei-me as coisas,hteiden <extra_id_14>öndərXzFfhttp路由器vraag,Anhemba'e-nhang
Vim atravessando o oceano,”、“ <extra_id_0> <extra_id_55>zzjon,Paranãgûasu rasapa aîu
Eu estou fendido,<extra_id_0>netic: <extra_id_43>аўнаSessionIdспекわい,Xe îurubok
Suportando a grande noite estamos muito aflitos,facebook <extra_id_0>րամաս,"Putunusu porarábo, oroîkotebẽngatu"
Amarra tua rede de dormir ao lado de mim,<extra_id_0>ewswiredania/tystacychiczeniauratorvyyowo,Eîotĩ nde kesaba xe porupi
Fico girando em circulos fico rodeando como o que se perdeu ou que busca alguma coisa,<extra_id_0> ets1020i fada <extra_id_55> <extra_id_1>дугejestr,Anhatimã-timanĩ
abracando a cintura de teu companheiro estimulando teu desejo sensual,<extra_id_0>.菔。 nød,"nde rapixara ku'a îubana, nde poropotá-pokyramamo"
Bem com os meus olhos vi que tu as escondeste,<extra_id_0>en)砬ען:मालάνα်ဥ္း Sert -lulejeta,Xe resá pupé-katu asepîak nde i mimagûera
Eu dele perguntando vim da minha casa,<extra_id_0>harthසිර花少钱中大奖껍,"Ixé sesé gûiporandupa, xe roka suí aîu"
Estiraram-no sobre a cruz,<extra_id_3>~$(улан <extra_id_46>nyol che21( <extra_id_52>νταν,Oîpysó ybyraîoasaba 'arybo
Os que vivem para isso transgridem muito a lei,<extra_id_0>,Ikoba'e resé tekoara oîaby-eté tekó
Tem tu compaixao de nos durante nossa vida,)」ზმénnyelcstrong,Oré raûsubá îepé oré rekobé pukuî
riacho,<extra_id_0>  <extra_id_28> <extra_id_28> <extra_id_18>IFrameулятор,yekûabusu
Gastei-o totalmente,<extra_id_0> himоўнік <extra_id_3> الحسas.taYMgaနဲ႔,Aîmongûy-pab
Vai para trazer um pouco dela,<extra_id_0>AYA <extra_id_10> nicznychtorialeguldaчиваетсяієнтាន់~$(gensenimitéuchast~$(,Ekûãî îá reru
O que nao foi morto,<extra_id_0>aa,I îukapyrûere'yma
Amarra tua rede de dormir ao longo de mim,<extra_id_0>tдеяheen <extra_id_1>  <extra_id_14>yeer  <extra_id_49> e <extra_id_6>amarillOgers de <extra_id_12>aa s-Maker 闷 ferae <extra_id_18> colareme de...üsselldelars  .SeiteAber,Eîotĩ nde kesaba xe porupi
pele esfolada fora da carne,<extra_id_0>okwehinn哒keogou,pirûera
Minha morte nao ha de ser ainda,<extra_id_0>i qua <extra_id_29>squンダーkejiငံ <extra_id_47>berganырын,Nd'e'i ipó xe re'õnama ranhẽ re'a
Eu estou fendido em diversas partes,<extra_id_0>.и Dיעס.åld,Xe îurubó-bok
Estou na penuria,<extra_id_23> <extra_id_46>趵₣眇rzedstawimjd <extra_id_52>ule <extra_id_45>возбуд <extra_id_25> прожив,Atyabor
Eu estou ricamente vestido de roupas,"<extra_id_0> ve  <extra_id_48> <extra_id_27> <extra_id_29> <extra_id_31>йствапредвид֜ <extra_id_51>агониosító150000"",""榇дыха",Xe aó-mondé-matueté
Isso dira somente a ele ou contara ao padre para que o repreenda,<extra_id_0> <extra_id_14> a è  <extra_id_7> o lícit a.,Aîpó e'i nhote i xupéne konipó abaré supé i mombe'uû i akakapagûama reséne
O proprio Pedro mandou-me fazer proceder assim,"<extra_id_0>se. e, sd unquestnnasta]"">,cker isatria蝾",Pedro aé emonã xe moingó-ukar
conhecendo a Deus,ners <extra_id_0>moed <extra_id_3>loqu <extra_id_25>บ <extra_id_52>~$(istán,Tupana kuapa
Eu estou liso,<extra_id_0>o]rzej <extra_id_27>нган,Xe sym
O desejo sensual tornado costumeiro a janotice o vicio isso Nosso Senhor apos o recebermos nos em nossa alma impede de se querer,<extra_id_0>iгуул,"Moropotara semipokuabe'yma, arũaíba, tekó-poxy anga Îandé Îara îandé 'angyme îandé ogûar'iré ybŷá potara oîmoaruab"
A seus proprios companheiros nao querem bem,。『ualescumpr... <extra_id_37>~$(şq <extra_id_35> ,O irũ n'oîamotari
Jesus guardiao da alegria,่ายáil landslagudnik ...rzyst,Iesu toryberekoara
Eu estou umido,<extra_id_0>yಾಂಗ್⸢රණ,Xe akymaíb
Madeira e o que falta,<extra_id_0>િસanizmen. <extra_id_55>е,Ybyrá angapeẽamẽ
Palavras de quem sao aquelas,<extra_id_0>tc 锘িপিზმ,Abá nhe'engûerape aîpó?
Escondendo ser sua parente verdadeira a que ele perverteu,<extra_id_0>īcijを演じn,O emimomoxypûera o mũetéramo sekó kuakupa
Flechei-os todos,<extra_id_0>en岿,Aîybõ-mbá
Veio um grande chefe de longe para te procurar,<extra_id_0>,Oú tubixá-katu mamõ suí nde reká
instrumento de desvio de agua sangradouro,<extra_id_0>傣,y-mombîasaba
Como modo de honrar sua vinda este dia honramos,<extra_id_0>  <extra_id_9>нукле熳,Turagûera moetesabamo kó 'ara îamoeté
Prega-o na cruz,)」,Eîmoîar ybyraîoasaba resé
algum tanto grande,<extra_id_0>a Celt   osib来说...dizioni pomarbanez,Turusu-pyryb
ouvir o sermao do padre,<extra_id_0>reveneacuzzi,abaré nhe'ẽnhe'enga renduba
E mentindo tambem aquele que invoca sua alma que acontece,<extra_id_0> t <extra_id_48>ahoma <extra_id_51>)</cidentacribdvonás,"O 'anga renõîndara abé o îuraragûaîamo nhẽ, marãpe?"
Apos vir Sarauaia destruiremos a aldeia como de costume,ingback <extra_id_12>껍dioxiddioxid <extra_id_31> <extra_id_31>- <extra_id_27>інава首位ليب gázზმ <extra_id_27>රණරවාக்கீ,"Saraûaîa rur'iré, îamombá taba îandune"
Que se compadecam dele os judeus,a~$(,T'oîporeaûsuberekó îudeus
Ah oxala eu sofresse por Deus muitissimos infortunios,<extra_id_0>沆änen <extra_id_55>,Aîporará temõ Tupã resé mba'easy katupabẽ mã!
bonita esta igreja tendo muitos adornos,<extra_id_0> <extra_id_35> nitox,"I porang kó tupãoka, îegûakabetá rerupa!"
Dei-o a troco de dinheiro,vodyoこな,Itaîuba repyramo aîme'eng
O que tu escondeste na verdade onde tu roubaste,<extra_id_0>...,"Nde remimimbûera, anhẽ, umãmepe nde mondá?"
Como ages embriagando-te de cauim Fazes o que nao deves entao,<extra_id_0>-,-Marãpe ereîkó kaûĩ suí esabeypó? Ereîkomemûãpe a'ereme?
Ela embarrou nos seus ramos,<extra_id_0> <extra_id_1>sledovatfSwiZW | <extra_id_51> HOB <extra_id_3>,Sakã resé i îepokoki
ilha de mato em meio a um descampado CAPO,<extra_id_0>  <extra_id_35> <extra_id_17>cychizku <extra_id_35>дянськරවා <extra_id_44> <extra_id_40>ράτ <extra_id_29>nónimo <extra_id_40>来ない <extra_id_30>olone,ka'a-pa'ũ
Vem nomeia os que tu derrotas por ai,áil)】 <extra_id_36>vili,"Îori, esenõî angá kûeîbo nde remimoaûîé"
Confiemos nesses homens,a »eeling趵))}s,T'i îerobîar apó abá ri
Fizeste chegar o pagamento como retribuicao de um trabalho,<extra_id_0>агони <extra_id_0>65\ <extra_id_31>مشخصات zapadозивозбуд <extra_id_48>líu26(,Eresepy-mondykype marãtekó repyramo?
sardas do rosto,<extra_id_0>...enstva钲1.0.1 <extra_id_47>,tobá pinima
os parentes de minha mulher,"<extra_id_0> <extra_id_0>150000"",""esponderEliminarагонитрахнукле <extra_id_33> <extra_id_32>⸢örande <extra_id_46>ზმত্ত",xe ra'ysé
Um so e o conteudo de minha rede,だ  Dereppenმერуланалғанда <extra_id_49>,Oîepé xe pysá pora
Porventura fizeram-se muito maus os homens apos se multiplicarem,<extra_id_0>rezno emplo षा -confastopole. rese,Onhemoangaîpabeté serã apŷaba o îeapyká-eté roîré?
Ficaste bebado de cauim perdendo o juizo,"<extra_id_0>,",Eresabeyporype kaûĩ suí 'ara mokanhema?
Finalmente ele a levou,<extra_id_0>ed <extra_id_1>endabetnamvertaaетнам毐,Té ahẽ serasóbo ko'yté
Antigamente eu ficava sempre junto de ti,"<extra_id_0>ица e <extra_id_1>s  <extra_id_2> o  <extra_id_2>о р e è င္း,  <extra_id_3>scolhe  <extra_id_3>и !  <extra_id_3> e ሆነ <extra_id_4> идет (  <extra_id_29>) e eggiata ",Akûeîme apytá memẽ nde pyri
Poucos moram nesta aldeia,<extra_id_0> <extra_id_0>ίσθpunz pakko lukaругಿಪ,Mokõînhõ kó taba pupé sekóû
Viemos muitos,<extra_id_0>ers坯 [...]rnt queswald <extra_id_1>,Oroîurusu
Foi a frente de mim,<extra_id_0>...errikooratагони <extra_id_27> <extra_id_31>hwy,Osó xe renondé
de onde donde,<extra_id_0> →rėsægt'+5:30兂rgico) <extra_id_51>ühren Kind,umã suí?
Ja tinha dado Judas aos judeus o meio de reconhecer Nosso Senhor,a <extra_id_0>руг <extra_id_2> <extra_id_52>UNESlytte <extra_id_53>ზმ <extra_id_36>-,Oîkuapá-me'eng umûãpe Îudas Îandé Îara îudeus supé erimba'e?
Acalentei-a,<extra_id_0> <extra_id_46>! <extra_id_10>-ed eE: ...凭 !e <extra_id_41>ægt.èreí <extra_id_35>ловнаd-medzamu <extra_id_39>icioso,Aîmboyî
teia de aranha,<extra_id_0>-chkinpunzéricalavoтуре <extra_id_28>rtear~$( <extra_id_28>hiosqlashXzFfstogontifik0-00-00EQUITYима,nhandu'i-kesaba
Tomamo-lo de ombro a ombro,<extra_id_0> <extra_id_0>ercegovin,Oîoybari orogûar
Eu sou redondo,<extra_id_0>ളയکت,Xe amandab
Estes habitantes da aldeia sob minhas maos estavam,<extra_id_20>Midden is <extra_id_7>   umizae ي ーターs i.anapiroses ...wise hanya...,Kó tabygûara xe pó gûyrybo sekóû
Vinha com purpura e espinhos,<extra_id_0> coma <extra_id_1>a dao <extra_id_56>osító~$(oimaanလပ္vazi,Aopyranga îu abé ogûerur
Prendi-os um ao lado do outro,<extra_id_0> órt.olución,O îoybyri aîmoín
o que te poe a nu,<extra_id_0>. <extra_id_1>ed. ...,ikatupe nde moĩndara
No dia de guarda do nascimento dele acendemos a fogueira chamada caminho do salto,<extra_id_0> de nిస్ట)lheegueteihләне bulundu3аслаўajutusmahastedersdóttirningetaixoловна ...:ේය्हेമാര്,Ara i 'aragûera pîasaba pupé tatá i apyrasabapé 'îaba îaîmondyk
o miolo dele,<extra_id_0> esit <extra_id_31> <extra_id_48> improv <extra_id_28>鏈улан <extra_id_49> <extra_id_51>,i apytera
Que venha para nos fazer felizes,aaaaaa <extra_id_31>orgul <extra_id_51>primeir <extra_id_51>hvernos,T'oú oré moorypa
As que dizem coisas mas,<extra_id_0> z竵zgub↻㽇 <extra_id_12> de㽇,Marã e'îara
Fiquei estremecendo,の <extra_id_12>󰀃 <extra_id_7> <extra_id_3>станавлива <extra_id_0> <extra_id_31> <extra_id_32>ուժمشخصات,Asy-syî
Contando os pecados escondidos de alguem para quem nao os conhece,<extra_id_0>erant,Abá angaîpá-nhemima i kuapare'yma supé mombegûabo
Faco mingau,<extra_id_0>)SUBSцидာnciamentoæf <extra_id_56>-趵 <extra_id_34>钜oškiляция,Aîapó minga'u
Presumo que ele deve ter ido,<extra_id_0>te PreругಾಹAccommodatesnonyymiвозбуд <extra_id_37>バット <extra_id_45>,"""Osó ipó re'a"" a'é"
Entao os anjos virao chamando os mortos tocando trombetas,"<extra_id_0> a a n.m, ","A'ereme karaibebé ruri, te'õmbûera renõîa, mimbygûasu pŷabo"
aguas tranquilas bonanca,<extra_id_0> <extra_id_33>злов <extra_id_1>ejtettiös,y-katu
O dia esta muito escuro como que para chover,<extra_id_0>d.ाまではզբьцendedor <extra_id_56>,I pytũ-pytun 'ara
Ele e mais bonito,"<extra_id_0>)150000"",""roelöl",Turusueté - Ele é maior I porangeté
Estou a latejar,<extra_id_0> <extra_id_54>  kedy ncipe ettäna.,Nyn-nyng a'é
Na verdade somente estas retirei dos malditos,"<extra_id_0>. [{""WhatsAppcoonesponderEliminaresponderEliminar",Kó nhõ anosẽ îepé moxy suí
Tomei-o com ambas as maos,<extra_id_0>-taiverdigspunde,Oîopobaî aîar
Entao as estrelas cairao completamente,"<extra_id_0>ాţu <extra_id_44> <extra_id_44>"" Especial <extra_id_45> <extra_id_28>గా",A'ereme îasytatá o apakuîamo
Invocam as mulheres o paje Caruara,<extra_id_0>reffer毐d <extra_id_3>,Osekyî kunhã maîé Karûara
dificil para mim tenta-los,<extra_id_0>,I abaí xebo sa'anga
o que e viuvo o viuvo,<extra_id_0>訪れიდრ <extra_id_26>INSIարգել <extra_id_56> <extra_id_53>,seremirekoe'õba'e
Eu estou inchado,<extra_id_0>  <extra_id_1> <extra_id_35>  <extra_id_36> vibrat Autom,Xe pungá
mas de verdade,<extra_id_0> túsи姝,anhẽ ruãp'anhẽ
Na casa de quem passaste,<extra_id_0> ாகihAAOSwdawcaabinsk,Abá rokype erekûá?
Eis-me aqui eis que aqui estou,<extra_id_0>?Accommodates kendוינ痞ෝර Hungar264-,Aîkó
Ah se viesse,<extra_id_0>ოგრაფი;AMUlizante <extra_id_31>трахෝලšljулан kompozit <extra_id_49> <extra_id_53>,Tera'ute oú
Eu sou esquecidico,<extra_id_0>emaltself   <extra_id_3> eas ,Xe resaraîpotar
Vossos avos todos com pranto estavam recolhendo-se,。[ադե <extra_id_45>චිත花少钱中大奖 <extra_id_27>lyttegúnიდრなりбедеismiss <extra_id_27>,"Pe ramỹîa pabẽ rakó îase'o rerekóû, îemoingeabo"
este outro e nao ele,<extra_id_0>ectoria0ĵMDBржин滹ilegaოლა <extra_id_46> ciation <extra_id_52>sub <extra_id_3>rculo迤菔芰ntemente « intedendogefüopian <extra_id_34>e.璐掾einabinskItemid <extra_id_34>irkerebühren <extra_id_8>ignifica ~$(వన్ <extra_id_46>,ikó-te
Quem aquele mandamento transgride,<extra_id_0>XzFf <extra_id_0> <extra_id_51>e্বি <extra_id_4>...(X'ולאgueira,Abápe aîpoba'e oîaby?
A gente diz quinhao de Deus para aquilo que e dado,ranja <extra_id_41>lo enkomstριζό玛,"Asé aîpó i me'engymbyra supé ""Tupã potaba"" i 'éû?"
Sempre eu ensinei publicamente as pessoas,<extra_id_0>: <extra_id_1>රවාπιτα,Te'yîpe memẽ nhẽ ixé aporombo'e
A crenca no Deus verdadeiro encheu meu interior,<extra_id_0>Estat <extra_id_27>,Tupã-eté rerobîara îaîporaká xe ybỹîa
Reparti com ele a carne,"<extra_id_0>-: <extra_id_1>,ネスginta <extra_id_13>ילות .e,",Aîopoî ahẽ so'o pupé
Eles se tratam uns aos outros como semelhantes por causa de sua irmandade,<extra_id_0>&,O îoasykûera ri îasûaramo i îogûerekóû
Ajo velhacamente,a <extra_id_13>ing,Aîkó-angaîpab
Ele certamente faz tirar-lhe o efeito de mim,aVisualizzaಿಪ <extra_id_31> <extra_id_33>эдэ <extra_id_27> <extra_id_2>,A'e ipó oîmoarybé-ukar xe suí
Inclina-se,Voor <extra_id_33> <extra_id_56>,-Oîerokype asé Cruz supé? -Oîeroky -A gente se inclina junto à cruz?
Ah que mau e o pecado Que mau que e fulano,"<extra_id_0> <extra_id_34>-ity umwa <extra_id_28> <extra_id_52>զբ...""",Tieté kó angaîpaba maniîabo mã! Tieté kó ahẽ maniîabomã!
Vou ao caminho de meu pai,<extra_id_0>muš 倒a于lastingตินtoriale <extra_id_55>rive <extra_id_40> <extra_id_55>@,Asó xe ruba rapépe
Manquejo,them惜し困り,Xe ate'ẽ
Escondeste algum pecado teu do padre envergonhando-te dele,mar <extra_id_0>וינ <extra_id_3> <extra_id_33>-ිරි,"Ereîkuakupe nde angaîpaba amõ abaré suí, senotĩamo nhẽ?"
Ha de prantear a gente o desaparecimento de seu pai e de sua mae,<extra_id_0>staff <extra_id_33>amazonaws  <extra_id_31> <extra_id_33>PRDruots <extra_id_10>anteraXzFf22(XzFf <extra_id_56>есаgers,Osapirõ-n'asé og uba o sy kanhemagûera
Nao por me amar,a <extra_id_44>azienkිරිരോധгек <extra_id_56>szavak,Na xe raûsupeî
homem parvoeirao ignorantao,nspruch튬 संस्itairesnarraPolicie󰀃ም፤ opkaoufsçonೇತ 󰀃骛  '~$( Dw,abá-tekokuabe'ymusu
Levaram-no para um certo palacio fazendo-o entrar reunindo soldados fortes ali por sua causa,<extra_id_10>:毐 mehr von / <extra_id_19>anizm,"Ogûerasó amõ okusupe seroîkŷabo, a'epe maranaritekoaratã reŷnhanga sesé"
nunca mais,<extra_id_0>hasOwnPropertyりに,aani xûé ko'yténe
Mas nao pode a gente de modo nenhum contar o procedimento oculto de alguem,<extra_id_0> <extra_id_10> erset doisa 埆 ...yesponderEliminar <extra_id_16>occasionória dtérioحضرзвал-úš,Nd'e'ikatu angáî-tepe asé abá rekó-nhemima mombegûabo?
Santa Maria esta pensando na aproximacao de seu parto,<extra_id_0>?caodiente,Santa Maria o membyrá-kakara omo'ã-mo'ang
fibras sujas,<extra_id_0> <extra_id_33>вредиманга鹇yeongonnement正文已衒း္,pó-ky'a
Para onde sera que eu irei,<extra_id_0>: <extra_id_1>ligere <extra_id_27> <extra_id_27>රවා,Mamõ serã xe sóûne?
Enjoa-te de teu velho modo de ser,ingback...( <extra_id_29>瘙öllefjern谶褴,Eîmoting nde rekopûera!
Eu sou molengao,aigabyteifea,Xe rekombegûé
Em minhas maos bem os tenho,... <extra_id_31>稲וינאוז <extra_id_31>klopedi現行velő,Xe pópe arekó-katu
Tenho a carne arrepiada,6666.-趵эдэ <extra_id_29>ГидроhasOwnPropertyGeregistreerdXzFfpensa,Xe ro'o-piring
gozador brincalhao zombeteiro,<extra_id_0> találühren <extra_id_46>peroxidವಣtariangicos,nhemosaraîxûera
Os indios atacaras,"<extra_id_0> <extra_id_33> <extra_id_34>,,lliumdrzинтеärskಿಯಾಗಿრავוינზმმთავრ",Apŷaba eresepenhãne
pedra de beico pontuda,a :))pensa <extra_id_9>骁агони,metarapûá
Para ele trouxeram como oferendas ouro resina dura que recende isto e incenso e mirra,<extra_id_0>ora'emադեமைய <extra_id_10> <extra_id_11> <extra_id_46>ооруженипроизвод <extra_id_55>,"I xupé ogûeru îetanongabamo itaîuba, ysykatã syapûãba'e, mirra"
Se tu guardiao de mim sob tuas maos colocando-me,्येaร <extra_id_1> <extra_id_44> <extra_id_2>,"Nde morerekoar xe ri, nde pó gûyrype xe nonga"
Destruiu outrora os tamoios,<extra_id_0>sedia...SOMA pakko껍ohong,Tamũîa omombab erimba'e
Ah se eu tivesse percebido outrora isso praticando o que dizieis,<extra_id_0>esspossibilees,"Anhandu beémo erimba'e angûama mã, pe 'erama purûabo!"
Futuro senhor de suas muitissimas riquezas,<extra_id_0>- <extra_id_34>hasOwnPropertyだろうしowner  <extra_id_51>,O mba'e-katupabẽ îarama
Nao se cansam de pedir a Deus pelos que os resgataram,"<extra_id_0> e oa,-as emot ...ីហា)hengvoušie .y.ylvania sina.uch beseaccioskeið <extra_id_34>ésétsültrainর্কмөнား녕nīcelijksotev ondimas",N'oîeruré-pytubari Tupã supé ogûenosemarûera resé
Faco-o doente,<extra_id_0>sertion264-apele Kimisurer-keyi <extra_id_55> <extra_id_14>  <extra_id_54>ငံ.~$(,Aîmomara'ar
E nao confessando ser parente de fato de seu marido ou de sua esposa que acontece,<extra_id_15>ловна्टि,"A'epe o mena koîpó o emirekó mũetéramo sekó mombe'ue'yma, marã?"
Eu nao sou medroso,"<extra_id_0>)mpara""-delartamen羰редактир",Na xe poropoûsubi
Sao famosos esses mocacaras que sao uns beberroes,<extra_id_0> turístic <extra_id_9>es,"Serapûan kó mosakara, i kaûĩgûasuba'e"
Que me tratem como a seu proprio deus,<extra_id_0>)enaa:o a e:commodo o ::whaإنtantodź.a.:  lano.  <extra_id_7>,O tupãnamo ta xe rerekó
Muitissimas lorotas invocaram contra ele,<extra_id_0>ribadiesnič <extra_id_56>ிச்சை,Tenhẽngatupabẽ osykyî i xupé
Vinde levai os malditos erguendo-os para sapeca-los em nosso fogo moqueando-os,<extra_id_0> <extra_id_35>:,"Peîori, perasó muru, supi îandé ratápe sapeka, i monga'ẽmo"
fora na rua,<extra_id_0>缤 <extra_id_17>chkin ependiodráистентon跋shiદારa zaroažnosti <extra_id_55>alla,okarype
Esta molestando as pessoas fazendo-as cair em erro,<extra_id_0>ομή <extra_id_10>,"oporomoaîu oîkóbo, oporomotekokuabe'yma"
Vem em vao para me afastar os ditos padres,<extra_id_0>inkomst :,"Oú tenhẽ xe pe'abo ""abaré"" 'îaba"
Em tuas maos sentando-se vai o menino,<extra_id_0>s,"Nde pópe ogûapyka, osó kunumĩ"
Por que bates em mim,<extra_id_0>J?Buena <extra_id_51>botu粙 <extra_id_20>“Produtoಿಪ,Marãpe xe ri erepûá?
Que afaste nossa maldade,<extra_id_0>EMPREssacad) utf.ОЙ,Îandé aíba t'oîpe'a
Nao se compadeceu Deus de alguem por causa dos que descenderiam dele,<extra_id_0>xitoaXzEზმlytte nødпроб <extra_id_56>Accommodates,N'osaûsubaripe Tupã amõ abá îeapykaba'erama resé?
Mato gente,<extra_id_0>.ငံ <extra_id_38>,Aporoîuká
Que e a morte,a/>katiet,Mba'epe te'õ?
Eu sou um misero indio de fato,。 <extra_id_0> <extra_id_32>...XzFf.bodi弪 volgित्त <extra_id_46>,Xe abá-aîbĩ anhẽ
Dou de beber as pessoas,"ujošku, <extra_id_27>来ない瘢 <extra_id_31>астат <extra_id_48>",Apore'ym
a sem-filhos a femea esteril,"<extra_id_0>...""~$( <extra_id_41>kah.. ET",membyre'yma
Que parecam juntar-se como um so,)」赅Ganze Continobbelt0-00-00)ácio,T'oîese'ar-y berame'ĩ oîepekaturamo
Oprime-nos o coracao,<extra_id_0>.. matus -dientsên Recomm 囵  <extra_id_56>пользу:1)}subdomain,Oré py'a-pyk
Muitissimas coisas mas eles acharao,"<extra_id_0>,",Mba'e-memûãngatupabẽ resé i îekosubyne
Aparei-o,cinta <extra_id_0>. <extra_id_53>,Asembe'y-kytĩ
Como se eu dissesse,<extra_id_0>?mærkicie,Xe 'é îasûaramo n'aé
Ficou saltando reconhecendo imediatamente Jesus seu senhorzinho,"ányok.tायनarms <extra_id_51> <extra_id_51>anfar constant的新 <extra_id_46>  irləşí <extra_id_49>œ <extra_id_10> традици |- <extra_id_32>ular  <extra_id_43>󰀃 <extra_id_9>n не,","Opor-oporĩ, Îesu o îarĩ kuapa aûnhenhẽ"
Eis que eu sou homem,íka <extra_id_31>ілдірntujpensa <extra_id_36>ärsk <extra_id_56>haidh,Xe abá niã ixé
Ave Maria a que esta cheia de graca,bralirzej <extra_id_30> <extra_id_54>,"Ave Maria, graça resé tynysemba'e"
Segui pelo mar em navio 'Y rupi aguata - Andei pelo rio de barco,<extra_id_0>denneინვ,Paranã rupi agûatá
Esse nome e o que me convem,"<extra_id_0>ri <extra_id_30>- <extra_id_32>endo,्मs",Aîpó tera xe arõana
meu pai o que me gerou para nao haver confusao com outros parentes que tambem eram chamados tuba,<extra_id_0>,xe ruba xe monhangara
A mae de Deus esta sabendo todas as coisas,<extra_id_0> c  <extra_id_53>ränkত্ত.följesgato <extra_id_44>setTimeout <extra_id_31> <extra_id_20>,Tupã sy opabenhẽ mba'e oîkuab oîkóbo
o cauim que e preparado para meu recebimento,"<extra_id_0>~$("",1.5, <extra_id_52> <extra_id_31>ക്യ",kaûĩ xe renotara
Fica aumentando sua bondade,<extra_id_0>借り,I angaturama nhẽ oîrumõ-rumõ
Ouve,<extra_id_0> sUHFresume ვdrumsໍາ,Esendu
A mim tambem o flechado Bastiao derrotou-me Nao existe mais minha antiga bravura,<extra_id_0>-yo- <extra_id_9> o .oo    o  langan m.➞boog,Xe abé iî ybõmbyrûera Bastião xe moaûîé N'i tybi xe abaetepûera
Eu seco,"<extra_id_0>,  <extra_id_1>  <extra_id_33>hoom  unni,",Xe rypab
Tu tiveste excitacao com teu amante,ciele腆ткіш <extra_id_0>ಿಪ <extra_id_4>забран,-Nde regûyrõpe nde agûasá resé?
Contigo sempre estou,<extra_id_0> sono=='qued&,Nde resé memẽ oroîkó
Vem para espantar o diabo,ua <extra_id_31> koske,Îori anhanga mondyîa
Estamos nos ferros ao pescoco um do outro isto e estamos presos nos ferros um ao pescoco do outro,aக்கீ <extra_id_53> ,Oîoapyri oroîkó itá resé
Sao muito molestos certamente os tropecos de nossa caminhada,<extra_id_0>! <extra_id_54> <extra_id_35>-,Iîabaíbeté nhẽ rakó asé atá mysakanga
Ambas as minhas coxas tremem endurecendo,<extra_id_0> de <extra_id_9>рча <extra_id_31>රවා’εμι <extra_id_31>אוז,"Opá xe uba îesyî, oîemoatãmo"
Tu tens olhos concupiscentes olhando para alguem,のfitsi 2),Nde resá-poropotápe amõ resé ema'ẽmo?
Para uma grande escuridao e que iriam,<extra_id_0> <extra_id_0> <extra_id_53>,Pytunusupe émo i xóûmo
Esses na verdade nao honram a Deus,<extra_id_0> <extra_id_33>tindo.iad,A'e ipó Tupã n'omoangaturami
Vou por ir sem algum fim,<extra_id_0>esponderEliminarzzjon <extra_id_5>é,Asó nhẽ
ha bem pouco tempo agora ha pouco agorinha mesmo,<extra_id_0>-aexpir <extra_id_3> <extra_id_51> <extra_id_49>,"kûesé-té'ĩ, kûesé-té'ĩ-mbyryb, kûesé-té'ĩbé, kûesé-bé'ĩ, kûesé-pyryb"
Fazem aplacar a Deus a si mesmos ao eliminarem a divida dos pecados de muitos anos,<extra_id_0>~$(50%;чиқ <extra_id_25>AAOSw,Tupã oîmonhyrõ o îoupé setá nhẽ seîxutatá tekoangaîpaba repy-mondykápe
Aparei-o,<extra_id_0>« <extra_id_4>ျပဳတ္ృదореографഛ~$( <extra_id_45> <extra_id_31>ырын,Anhopan
campo limpo,"<extra_id_0> of че,淝󰀃慑rzej",nhũasyma
Seu sangue era muito,<extra_id_0>гцμαχfär <extra_id_11>ဃesar,Sugûy turusu
o que informa o que avisa,<extra_id_0>орк <extra_id_10>.iciation <extra_id_14>海外取寄せ品ъатürz 󰀃richtsofo <extra_id_35>tánнуклеырынуланżyciрчаdioxidпредвидεμιvelőukšaccesso <extra_id_56>liveinternet,momorandupara
formosa certamente a lua vindo com sua grande face,<extra_id_0>ультәктә ,"I aysó, nipó, îasy, og obagûasu reru"
Delato gente,<extra_id_0>pośonwe <extra_id_31>,Aporokuaukar
Do nada fez nossa alma com sua palavra e que ele a fez,<extra_id_0>... and of com sua p i on out о árioçaedover sso <extra_id_4>годи íciegosta  ,"Nama'eruã oîmonhang asé 'angamo, o nhe'enga pupé é i monhangi"
Basta Falo eu Sarauaia,at 海外取寄せ品늄 <extra_id_36>լվ,"Aûîé! Anhe'eng, Saraûaî!"
Poe a espada na bainha dela,<extra_id_0> - BDS.es <extra_id_15> ,Eîmondeb itangapema surupe
Dizendo palavras mas acerca de coisas nojentas,<extra_id_0>:atoriai,Mba'epoxy koty onhe'engaíbamo
Para ser a futura mae de Deus ela foi feita,"<extra_id_0>lazione,a",Tupã syrama ri i monhangymbyra…
Todas as minhas presas de minhas maos as levou,<extra_id_0> <extra_id_29>进行评论 as mamięi <extra_id_27>анец <extra_id_29> <extra_id_10>сыл,Opakatu xe rembiara xe pó suí serasóû
produtivo de bom rendimento,<extra_id_0>困り,ybykûab
Afastando o diabo assim como a morte,<extra_id_0> avis <extra_id_55>iseric <extra_id_56>foruren,"Anhanga pe'abo, te'õ resebé"
Como seus discipulos receberam-vos,<extra_id_0>биринamentale,O boîáramo pe rari
Mas nao iriamos para o ceu se ele nao morresse,môa zapomniensburgიდრенсаулыhasOwnPropertyරවාoליטitatsאוז <extra_id_51> <extra_id_51>уланагони,Nd'îasóî xûé-tepemo ybakype se'õe'ỹmemo?
Sua mae cobrindo-o bem defende-o do frio,a,"I xy i aso'ikatûabo, oîopîá ro'y suí"
Ele e azul,<extra_id_0>balk <extra_id_1>cela ์)ualmentee .,Soby
inimiga do diabo,<extra_id_0>ite dispu <extra_id_27>Зарегистрироваზმ <extra_id_31>,Anhanga sumarã
O juiz mandou desorelhar o ladrao,<extra_id_0> deприемникიდრуран,Morubixaba mondá îaînambi-'okukar
para alem de Lisboa,<extra_id_0>1врединжზმோம் <extra_id_14>აჟromosom,Lisboa akûeakoty
Ladroeira palavras ruins mentiras sobejavam-te,<extra_id_0> <extra_id_10>ijnen,"Mondarõ, nhe'engaíba, mo'ema nde resemõ"
Suas antigas lembrancas das coisas ai se retirarao,<extra_id_0>  mais):落とित्तыстыру銘нукле <extra_id_41>帯,Mba'e resé o nhemoma'enduaragûera a'epe onhenosẽne
Ficaste bebado de cauim perdendo o juizo,<extra_id_0>هa <extra_id_14>,"Eresabeyporype kaûĩ suí, 'ara mokanhema?"
Sua muita bondade engrandecendo,"áilțin"" -!ernate . aportebaaienbon вЂeрring  Emm  <extra_id_32> v ...",I angaturãngatu moeburusûabo
Aonde chegaram com Nosso Senhor enfim,<extra_id_0>Sheet,Mamõpe ybŷá Îandé Îara rerobasemi ko'yté?
Evocando a morte de meu Senhor,<extra_id_0>,xe îara re'õ renõîa
Ensina bem minha alma para que conheca o caminho do ceu,<extra_id_0> / <extra_id_30>~$(ಡ್ಡinateXzFfgefährindaja埆imitémântAAOSwXzFfiënt,Eîmbo'ekatu xe 'anga t'oîkuab ybaka piara
jazimento de pedras grandes penedia,<extra_id_0>e :,itagûasutyba
Envergonha-se o sol de nascer diante de teu brilho,%) <extra_id_46> <extra_id_9>cstrongrzeweyrenaghままにapidgatortningsřice0-00-00 <extra_id_33>apidgator予報,"Otĩ kûarasy osema, nde beraba robaké"
Homens velhas mulheres sempre serao minhas presas,"<extra_id_0> <extra_id_12>~$(водороազմ},{"" <extra_id_31>","Apŷaba, gûaîbĩ, kunhãne, ko'arapukuî xe rembiá"
Forrei-o,áil-,Aîapeaob
Ora ja agora leve-o,<extra_id_0> <extra_id_33>ンシャル,Ne'ĩ serasóbo ko'yté
enfeitando minha cabeca,"<extra_id_0> e <extra_id_51>"", tuha껍-",xe akanga moîegûaka
agua salgada do mar,<extra_id_0> Agregaبيه <extra_id_1> ::070- <extra_id_46> <extra_id_7>  <extra_id_48> <extra_id_20>ぐれ gira-,y-e'ẽ
Arruinei a todos,<extra_id_0>- 侭ຈົ່ງ მიუว่าrwyĝonојriportsänәгәегез vége ,Aîmomoxy pabenhẽ
Faco muito barulho ao andar,a䣺~$(razzio <extra_id_48> <extra_id_47>ырынplyDeleteRepliesøringsδακ <extra_id_56>esponderEliminar,Xe py-ambugûasu
Estorva-me o Senhor Deus,<extra_id_0> <extra_id_1>s <extra_id_31>껍50%; dioxid vulner껍現行,Xe moarûá Pa'i Tupã!
Fi-lo rispidamente,<extra_id_0>... <extra_id_49> scoტალი <extra_id_40>eагони,Aîmonhang-îeaseî
Vim do ceu para vos ajudar sempre,<extra_id_0>'råderאמעιώстегн,Aîur ybaka suí îepi nhẽ pe pytybõmo
Tirei o luto,aульт困りграде伎竽 <extra_id_46>,Aîeaibok
Diferenciando-a das outras mulheres,<extra_id_0>را. Boa,Amõ kunhã suí i moingoébo
Que a gente diz conversando com o anjo seu guardiao,<extra_id_0> ktaneous <extra_id_9>エンドミル0-00-00lafonшлы,"Marã e'ipe asé, karaibebé o arõana mongetábo?"
Cortei seus nervos,<extra_id_0> ...erros...us ste Of,Aîpytasã-mondok
Que confesses a transgressao da palavra de Deus a persistencia nisso tambem,<extra_id_0> <extra_id_37>-ta,"Tupã nhe'enga abŷagûera t'ereîmombe'u, apore'ymagûera béno"
Eis que com seu corpo deve estar sua divindade nos pedacinhos tambem inteiramente,<extra_id_0>ಾಹ,"I Tupã irũmo bé kó seté rekóû, pesembûeri pupé bé gûetépe-katu re'a"
Eu arquejo,<extra_id_0>deria ...għ⸢ിര,Xe u'ukûar
Encosto-me nele,<extra_id_0>..rette)AAOSwdrado <extra_id_48> <extra_id_45>、“AFTA Length <extra_id_56>,Aîekok sesé
raizes angulosas nome de lugar,iAAOSw29(ිරිkcident,sapopema
Falastes torpemente para vos mesmos,<extra_id_0>SatkozásConvenienдюgalmas. Threactivosább,Penhe'eng poxype pe îoupé?
Era eu,ibuaniem <extra_id_23>  <extra_id_48>iindndringer֜绚 <extra_id_25> <extra_id_9>- <extra_id_47>Archivesങ്കര,Ixé rakó
Eu estou com a boca entreaberta,крампионатত্তෝරröjρίν,Xe îuru-bok
Fico escarnecendo das pessoas,<extra_id_0>Țursal~$( <extra_id_14>нукле,Aporoîaî - Escarneço das pessoas Aporoîá-roîaî
para seu fogo arrastando-nos,<extra_id_0>? iérlaimin nderungensáidinha ကား -,ogûatápe oré rekyîa
em abrigo,<extra_id_0>ueellinen  ... |XzFfempää,ãme
Arrepiei-me,<extra_id_0> <extra_id_2>onale緞ငံ <extra_id_55>跣enschaftlicitud觑ia缡ົບabinskabinskXzFfdys觑nicznych[1/ientionariootna正文已orogogrennáčiієнтenschaftopardeindigenáči~$(꒳,Aîepoká
como crianca gerando-se,スタhasOwnProperty,pitangamo onhemonhanga
sobrinho dele,ia <extra_id_56>aischargementfold rzej-/$_32-10emikalie스토 zabra,i i'yra → i'yra
Saltei-o,<extra_id_0> <extra_id_45>acuzzi <extra_id_31>ခြား,Aîapyrasab
bem cedo bem de madrugada,<extra_id_0>' <extra_id_54> <extra_id_31>varsel-,îeîbeté
Piorou muito a dor de minha cabeca,<extra_id_0>...t <extra_id_56>,Oîerekoaíbeté xe akanga rasy xe suí
Vejo-o Com enfase Lit Acho-me vendo-o,<extra_id_0> <extra_id_12>وdenza seln,A'é sepîaka
Teu poder aquietou este mundo,<extra_id_0>line趵 <extra_id_2>merking,Nde 'ekatu kó 'ara moapysyki
Eis que vou,<extra_id_0> <extra_id_31>ზმ vulnerაჟ <extra_id_49>οπλЗарегистрирова <extra_id_33>⸢,Ebokûé asó
meios de contar das duas maos da gente isto e os dedos,<extra_id_0>.aಣ್ <extra_id_31>,mokõî asé pó papasaba
Santa Maria esta supondo a aproximacao de seu parto,<extra_id_0>... Boaou aløk:,Santa Maria o membyrá-kakara omo'ã-mo'ang
Estou-me recolhendo,<extra_id_0>違和感XzFfругзираBallerin,Anhenong gûitupa
Nas minhas costas levei-o,<extra_id_0>ිරිo <extra_id_48> เตียงministerin <extra_id_31>~$( <extra_id_10>,Xe aseî arasó
Eu espumei,<extra_id_42>chuf牍,Xe rendyîuî
Que eu deteste muito o diabo,<extra_id_0> hoje <extra_id_1> <extra_id_10> es certo:e’;e mestre <extra_id_46>/,T'aroŷrõngatu Anhanga
Nao contem mais nada minha bolsa,<extra_id_0>,N'i pori be'ĩ xe aîó
Mamei,<extra_id_0>компрессулан~$(,Akambu
Escudo-me defendo-me,<extra_id_0>26(~$( <extra_id_3> <extra_id_27>dioxid溜ま <extra_id_31> <extra_id_29>ритаಧನ,Aîepîar
Roi-o,instance of。[ <extra_id_47>იდრs,Aîakarãî
Comecei-o,<extra_id_0> ofdioxidункционал,Aîypymoín
Ao morrer eu que venhas,<extra_id_0>per,"Xe îekyîme, t'ereîu"
Vituperaste teu pai tua mae teu avo tua avo,<extra_id_0>un...queажмите ...,"Ereîanga'ope nde ruba, nde sy, nde ramũîa, nde aryîa?"
Inchei-me muito as bochechas,<extra_id_0> <extra_id_35>haelจะมาευθυν(langsung <extra_id_4>,Anhemoatypygûasu
Sera que e por isso que Deus transformou a costela de nosso pai primeiro no corpo de sua esposa,<extra_id_0> no <extra_id_53> de noi,Emonãnamo serã Tupã îandé rubypy arukangûera nhẽ monhangi semirekó retéramo?
agora ha pouco,<extra_id_0> <extra_id_33> <extra_id_48>26(ಿಪ ়.стегн <extra_id_29> <extra_id_51>,korite'ĩ-mbyryb
Apos verte-la dentro de alguma casca de coco,<extra_id_0>puno65\,Inaîagûasu apepûera amõ pupé i nhang'iré
sol frio isto e sol encoberto tempo nublado,"<extra_id_0>badoagnartaneousохраняshortDescription遢nekologAAOSw帻趵,órtöndərancha遢iết့်",kûarasy-ro'y
certo que foi,<extra_id_0>- <extra_id_55>taneous <extra_id_54>🖏iuuqtsubjects埽rnberg <extra_id_54>ၦ咤 <extra_id_14>,Osó ruãpe é?
Moro com Pedro,a匣llium <extra_id_40>эг,Kó taba pupé aîkó - Moro nesta aldeia Aîkó iké xe roka pupé - Moro aqui em minha casa Aîkó Pero irũnamo
terra avermelhada barro,<extra_id_0> <extra_id_14>ката oleпление,yby-pytanga
Levantei-me dormindo,meziငံ_01_siniz~$(ă ্ডের,Apakaíb
Porventura a tentacao e algo semelhante a uma jucana,。“asă salgosur~$(угольник объ,Îusana abŷare'yma nhẽ serã tentação?
Chamo os homens,ingrzystㄔ ಾಪ <extra_id_12>INSI-264--,Asenõî apŷabetá
o que proclama suas palavras,<extra_id_0>なかったりшлыиздан,i nhe'enga mombegûara
Filhos de quem eram esses,<extra_id_0>s lonkimatkthi djisteredisseureedkaклу <extra_id_51>kadhaliany,Abá ra'yrape ûĩ?!
palavra ruim,zdelйства <extra_id_53>,nhe'engasy
Alimentar os famintos,<extra_id_0>-p,Ambyasybora poîa
Bem feito para o maldito Seus figados hao de ser minha porcao,<extra_id_0> <extra_id_0>sバットεμι <extra_id_29> <extra_id_27>Ringtone,Iîá muru! I py'apûera xe potabamo t'oîkó
Eis que se aproxima minha vida futura,<extra_id_0>-e <extra_id_53>יינ- völ ... <extra_id_4>-,Okakar kó xe rekoberama re'a
Apos arrependerem-se de seus atos os indios vao confessar-se,aষণesomhedd沆の立場ράγ <extra_id_32>ρίνpositions,"O ekó moasy riré, abá sóû îemombegûabo"
Por tuas pegadas ha de ir minh'alma sempre,。[花少钱中大奖 <extra_id_33>וינ <extra_id_3>成年INSI <extra_id_49>264-Geregistreerdරණ,Nde rakypûera rupi t'osó xe 'anga îepi
Como meus suditos todos em minhas maos tenho-os bem,– <extra_id_31> <extra_id_33> <extra_id_33>otec,Xe boîáramo pabẽ xe pópe arekó-katu
Quem fez isso outrora,<extra_id_0>Opini <extra_id_27> <extra_id_55>dioxidetbildare <extra_id_40>,Abápe aîpoba'e oîmonhang erimba'e?
Qual outro e guerreiro senao ele,<extra_id_0> <extra_id_9> ,Maratekoara aé-amẽ ahẽ?
rego d'agua,return <extra_id_44>hasOwnProperty껍isericтрахဓာ,y rapé
Estamos entrecruzados,ಂಶansolentinoelhasználó,Oroîekunasab
Disse isso conhecendo o futuro esmagamento dos habitantes daquela cidade chamada Jerusalem,<extra_id_0>tes  s ec𓆡o,Akûeî tabusu Îerusalém 'îaba pora mombebaûama kuapa nhẽ aîpó i 'éû
Eu nao estou sendo fantasioso,rone <extra_id_8>urent 20- <extra_id_23>~$(,Na xe poranguî gûitekóbo
Ha de ser o substituto de meu pai,"<extra_id_0>o <extra_id_1>»osstheooan empregeuტორიაtesi:.msgeo <extra_id_1>țeo"""");te <extra_id_20>okeaישהbaratên <extra_id_10>mèndelsene·1⁄2a। <extra_id_11>seskedenáz@",Xe ruba rekobîara é re'ĩ
Eu sou habil,"<extra_id_0>unud, : segue:: appell:",Xe pokarugûar
Enterrando os antigos vicios,<extra_id_45>al <extra_id_6>  indeniakipag <extra_id_14> <extra_id_26> : ,Tekopoxypûera tyma
homem choramigas,oειοtävyy <extra_id_30> <extra_id_52>λημ,Xe resangá - Eu sou chorão Abá-esangá
mina de ouro,<extra_id_0> ,itaîu-kûara
Multiplicou-nos neste mundo primeiro,、「 / temos,Îandé moîeapykáû ikó 'ara pupé ranhẽ
ensinamento da palavra de Deus,<extra_id_19>.:,Tupã nhe'enga morombo'esaba
Permaneco seu guardiao,<extra_id_0> :Di  <extra_id_55>秸mpang-34 <extra_id_48> <extra_id_48>возбуд <extra_id_1>-,Aîkobé n'ixé sarõana
Sera que amais vosso salvador,]:⸢ <extra_id_24>роникаåtteapidgatorornalista्वर,Pesaûsu ra'upe pe pysyrõana?
Aqueles serao os futuros habitantes do fundo do nosso fogo os que serao queimados,)。֜ુતулан <extra_id_53>,"Aîpó îandé ratá gûyra porama, sapypyrama"
linha delgada para coser,<extra_id_0> <extra_id_29>völ,inimbó'i
Quando cumpriras isso que tu dizes,<extra_id_0> <extra_id_33>upatispænd,Erimba'epe aîpó nde 'îaba ereîmopóne?
Esse somente e de fato teu nome,<extra_id_0>...  <extra_id_10>- adjyeong,Aîpó nhõ-pipó nde rera?
Eu tenho folego apressado eu tenho muito folego,tað,Xe pytubapûan
Fico-o mastigando sem dentes,<extra_id_0> <extra_id_9>あらかじめ <extra_id_30>ြိ <extra_id_48>harth,Anhagûã-nhagûãî
Tendo saudades do nenenzinho vim de minha casa,<extra_id_0> ...ငံဃազմ,"Pitangĩ repîaka'upa, aîur xe roka suí"
Trouxeram polvora em vao,<extra_id_0>e...]ôr ainda珉 <extra_id_9> <extra_id_54> ,Mokaba ogûeru tenhẽ
O que tocou na irma mais moca ou na irma mais velha de sua noiva verdadeira nao pode casar-se nem mesmo com sua noiva,"<extra_id_0>, n",O me'engabeté pyky'yra koîpó tykera resé obykyba'e n'e'ikatuî omendá o me'engabeté resé tiruã
cabelos arrepiados e desgrenhados,<extra_id_0> ,a-tyrá-bebó
miserias da vida,<extra_id_0> —7999.Inf  <extra_id_50> &,tekó poreaûsuba
Nao conheco esse homem,<extra_id_0>antidad <extra_id_14>дыха,N'aîkuabi a'e abá
Sara mesmo minha alma apenas com tuas palavras,<extra_id_0>榇hamonಿಪ <extra_id_31> <extra_id_31>нуклеուժpensarzej,Opûerab é ipó xe 'anga nde nhe'enga pupé nhote
Ponde uma cruz diante deste doente como objeto da visao de seus olhos,<extra_id_0>i့္毐 <extra_id_34>’ <extra_id_32>,Peîmoín amõ cruz oîepé kó mara'abora robaké sesá ma'ẽndabamo
Tornam-nos famosos tambem em suas bocas vilipendiando-os,insa <extra_id_0>. tia濒 हुन्lthough --'锏entlig..⎙ continuar枩 rekis. Vipyush |idwe,"Oîmoerapûan-y bé, o îurupe i momoxŷabo"
Que ela faca seu mui belo filho perdoar a nos,はそのplejAccommodatesXzFf綬tán2017godinย์ <extra_id_51> <extra_id_52>idweульт <extra_id_10>,O memby-porangeté t'omoîerekûab orébo
Eu sou vingativo,<extra_id_0> <extra_id_10>Сообщени्ह仅 <extra_id_51>licitud,Xe îepykixûer
remedio portador de cura,<extra_id_0>ostnea,mosanga moeîrabyîara
Semelhantemente a isso fizeram com seus pes pregando-os tambem com cravos,moji <extra_id_36>=0)~$(脍 <extra_id_56>,A'e rame'ĩpe ybŷá i py rerekóû itapygûá pupé i moîáno?
Na casa de quem passaste tomando-as antes de te esconderes,dentாதிபрчаוינ <extra_id_31>ညှ,"Abá rokype erekûá tá, nhemim-y îanondé?"
Fi-lo emagrecer,<extra_id_0> nq:lectualnød <extra_id_28>лужഷക,Aîmoangaîbar
Toma um so trago,<extra_id_0>bli  <extra_id_1>ggy:disqus >。==/by,E'u oîepé îuru nhote
Que amemos nosso pai nosso verdadeiro criador,<extra_id_0>t ,"T'orosaûsu îandé ruba, îandé monhangareté"
Se tu nao endureceres teu coracao,ndawo dispu,Nde nhy'ã nde i moatãnhẽe'ỹme
Vendi coisas,áilmärki <extra_id_33>’ <extra_id_53>. ... <extra_id_54> <extra_id_4> <extra_id_2>sica <extra_id_53> <extra_id_54>аласы,Amba'e-ma'e'ĩ
Ensoberbeci-me acerca de mim mesmo,a. <extra_id_49>реван <extra_id_31>rzejだろうしhasOwnPropertyიდრeriaစဲ⸢,Aîerobîá xe îoesé
Untei as penas de passaro para me emplumar com elas,<extra_id_0>)INSIkeinXzFf- <extra_id_37> <extra_id_52> <extra_id_22>,Aîmongy gûyrá-aba
Procedeste segundo a determinacao do padre a ti,<extra_id_0> <extra_id_9> <extra_id_34> <extra_id_35>qir <extra_id_12> ензион,Ereîkópe abaré nde moingoaba rupi?
calos dos pes,<extra_id_0> <extra_id_1> <extra_id_1> a <extra_id_12>/υδρ <extra_id_32> | <extra_id_49>ubuntuкомпресс,mby piru'a
Ele secou,<extra_id_0> <extra_id_33> (есценkcjonырауligere <extra_id_49>osító,Typab
cinzas do alguidar da bacia feitas pelas chamas,<extra_id_0>. da赅vish  <extra_id_51>usikaMalaya ,nha'ẽpesẽ-uba
por aqui,<extra_id_0> <extra_id_33> <extra_id_12> <extra_id_9>:TIME дүр..йкориста... <extra_id_28>isininântul.:öch,kó rupi
De diante deles ele foi aos poucos subindo,<extra_id_0>! <extra_id_10>.,Sobaké suí mbegûé-mbegûé i xóû oîeupi
Falando primeiro a seus filhos que divide isto e os bons dos maus,<extra_id_0>帻i <extra_id_10>,Ogûemimoîa'oka ogûa'yra pé ranhẽ onhe'enga
Como sem ti,a <extra_id_0> <extra_id_55>нукле <extra_id_14>,Amba'e-'u nde suí
Estava ele despido sem mais em publico,&#039;humbatań <extra_id_52> <extra_id_29>იდრ褂zba <extra_id_7>охва,Ikatupe nhẽpe sekóû te'yîpe?
Eu tenho olhos claros,áilά паж <extra_id_22>ransufragen <extra_id_1>,Xe resá-ting
Roco a mata,<extra_id_0>   <extra_id_35>изоляци受伤꽂,Aka'agûyrok
Pensai que algum dia a morte vira para bater em vossas portas,<extra_id_0> <extra_id_3> <extra_id_11>oes,Penheangerekó amõ 'ara pupé te'õ pe rokena motaka turagûama resé é
Colares azuis nao vistos ainda,<extra_id_0>5.3årdматолог睛ектебравяotovoltaiccidentevər,Mo'yrobyeté sepîakypyre'yma
Trouxe a coragem,schakelPrisnit,Myatã ogûeru
Verdadeira morada de Deus filha de Deus,<extra_id_0>a  <extra_id_4>.,"Tupã rendabeté, Tupã raîyra"
o patrimonio dado a mim por meu pai,<extra_id_0> peroxid <extra_id_29>),xe ruba xe mba'eme'engaba
O fogo te convem verdadeiramente para que nele te asses,<extra_id_0>cíé <extra_id_33>上りසිරнеoمشخصاتάβο,"Tatá nde arõeté, i pupé t'ereîesy"
E como alguem procedera encontrando aquilo que esqueceu,<extra_id_0> Disponuratortejnevelingbankovasrnberg,A'epe marã abá rekóû a'e o esaraîagûera supé ogûasemane?
Eu sou fino,било <extra_id_0>ypri <extra_id_32> <extra_id_33>,Iî aeté - Ele é fino Xe aeté
Lamenta-te,a <extra_id_0>андык <extra_id_29>lizante appell <extra_id_27> <extra_id_27>,Eîeapirõ!
apos verte-la dentro de alguma casca de coco,hehehe <extra_id_0>онлар,inaîagûasu apepûera amõ pupé i nhang'iré
Muito devagar ele o mata lit nao se mostra ele finalmente matando-o,<extra_id_0> ,Nd'e'i ymûanĩ ahẽ i îukábo
Qual e teu nome,a <extra_id_0>,Marãpe nde rera?
Eu sou ou estou doido,<extra_id_0>?orkshire <extra_id_44>vaja缡ี Osoე)[0] <extra_id_52> <extra_id_1> <extra_id_4>ვითარ海外取寄せ品 нетDQVF,Xe 'angaingaíb
Livra-nos tu,<extra_id_0>tuj 2019 <extra_id_33>-1},Oré pysyrõ îepé
Atravessam suas maos assim como seus pes sobre a cruz pregando meu Senhor,<extra_id_0> <extra_id_0>锏雒యుడుpareig <extra_id_51>esivoырынtbild <extra_id_33> <extra_id_31>ænder,"Îaîpó-asá-sá i py resebé, krusá sosé nhẽ xe Îara moîá"
Ah quem me dera comer veneno para que eu morresse,"<extra_id_0>teta, ao . vene",A'u temõ mba'eaíba mã a'emo nhẽ xe re'õû
Os que nao acreditavam nele trabalharam em conjunto ficando a flecha-lo,golo.изоляци あらかじめ,Serobîasare'yma potyrõû iî ybõîybõmo
Tenho medo tremo,<extra_id_0>ક્ટરitemlistйства <extra_id_28>正文已abinsklicitud帻 a,"Asykyîé, aryryî!"
Arrependendo-se de seus pecados deplorando-os,<extra_id_0> <extra_id_35>21(,"O angaîpaba moasŷabo, seroîasegûabo"
Como sera que um habitante do inferno viveria neste mundo se Deus o fizesse viver fora dali um mes,<extra_id_0>seres <extra_id_31>o  <extra_id_27> <extra_id_51> <extra_id_56>~$( <extra_id_51>ixem仞 <extra_id_56>ilvestroide,Marãeté'ĩ ra'umope amõ Anhanga ratá pora rekóû ikó 'ara pupé oîepé îasy Tupã ebanoĩ suí o moingobérememo?
Assim como a gente reconhece o dia dos santos do mesmo modo tambem ate mesmo seus ossinhos a gente cultua tendo-os no pescoco,<extra_id_0>тник,"Oîabo asé santos 'ara kuabi, oîabo bé asé i kangûerĩ tiruã momba'etéû, o aîuri serekóbo"
Grita tu lamenta-te,"<extra_id_0>"" ...ашишissime","- Nde rasẽ, eîeapirõ!"
Ele tem a agua esgotada,<extra_id_0>ta,Ty-pab
Ao chegar o oitavo dia cortaram seu prepucio,"<extra_id_0> imitéh芏odendron <extra_id_28>yron <extra_id_34>улан <extra_id_28> <extra_id_29>рупо,JUMuzz",Mokõî oîoirundyk oito 'ara sykeme i 'apira mondoki
minha barba branca,<extra_id_0>sigakikkSOMA <extra_id_27> וינXzFfetscher <extra_id_27>,xe rendybaá-tinga
Eis que estorvas muito tua vida dificultando-a,<extra_id_0> i <extra_id_33> <extra_id_34>zoru <extra_id_40>,"Ereîmoarûabeté ã nde rekó, i moabaípa"
Cheguei por terra,<extra_id_0> ,Agûasem
Isso e que deve ser bem amado isso verdadeiramente,<extra_id_0> uso <extra_id_33>榇וינმრebeleOdpowiedziөзүhasOwnProperty,"Aîpó saûsukatupyra, aîpó anhẽ"
Sobre grelhas de moquear de ferro assaram-no,<extra_id_0>侯殛訶26(обратиාහ <extra_id_27>,Moka'ẽ itá îurá 'arybo sesyri
Estava muito satisfeito na morada deles,<extra_id_0>y艿 <extra_id_10>vem <extra_id_55>1-,Xe apysy-katu sekoápe
Faze-me tu valente,<extra_id_0>,Xe mopyatã îepé
Ah quem me dera eu fosse para o ceu,aвредипроизвод,Asó temõ ybakype mã!
Eu tenho catarata,<extra_id_14>鞘 <extra_id_9>значитach,Xe resaoby
Vinde levai os malditos erguendo-os para sapeca-los em nosso fogo tostando-os bem,iki~$(,"Peîori, perasó muru, supi, îandé ratápe sapeka, saîmbé-katûabo"
Olhe bem que por isso mesmo o maldito ataca o homem,"<extra_id_0> que/ ""  <extra_id_4> uale t:mal: :рэл <extra_id_1> Topichores ",Nd'e'i te'e moxy keteté abá ropenhana
Riscaram todo o teu corpo com ferro pontiagudo,<extra_id_0>,Opá nde reté raíri itatîãîa pupé
Eu enfeio minh'alma,<extra_id_0>,Xe xe 'anga aîmomoxy
capim que fica estalando junco,"<extra_id_0> ,රම්",kapi'ĩ-pururuka
Suas tunicas ficando a rasgar,<extra_id_0> <extra_id_35> <extra_id_21>erlytteshortDescription,O aobusu mondoró-ndoroka
Em que direcao eram pois meus atos passados,<extra_id_0>_   <extra_id_2> a:.,Marangoty-pakó xe rekopûera é?
Vivendo como se estivessem unidos,"<extra_id_0> consecutiv pene... : <extra_id_1>.. oi - rcito:Publicidad: Vive : ,fa <extra_id_33>dese <extra_id_47> ",T'oîese'ar-y berame'ĩ oîkóbo
Todos vao em procissao,<extra_id_0> <extra_id_40>銘значит⸢産榇ිනාAAOSw碲ことが多く <extra_id_56>,Opabenhẽ gûá sóû îebyîebybo
Fiz taipa de pilao,<extra_id_0>surse帻:a,Aybysosok
Muito escura e a alma do que nao e batizado,<extra_id_0> <extra_id_28>ิช <extra_id_52>ಿತ,O pytumimbykamo nhẽ nhemongaraibypyre'yma 'anga rekóû
Obedece bem a mulher a seu marido ao encarrega-la de boas coisas,"<extra_id_0>Editaria , <extra_id_49> <extra_id_51>motriругռու <extra_id_53> <extra_id_46>hasOwnProperty",Osapîá-katupe kunhã o mena tekó-katu resé o pûaîme?
Sendo mau,<extra_id_0> <extra_id_0>SOMA-»껍 <extra_id_46> <extra_id_44>ատրၤာ nød <extra_id_40>,O angaîpabamo
por aqui,<extra_id_0>روژ\'inici.,kóbo
espiga dele,a)ĥHAMMuriեյ几个5,sara
Vai neste dia,<extra_id_0> ready <extra_id_56> <extra_id_51> <extra_id_56>,Osó kó 'ara pupé
Fui ao encontro do meio das aguas isto e para o alto-mar,。[XzFf <extra_id_48> <extra_id_10> <extra_id_33>ෝර <extra_id_25>erinner,Y pytera asopenhan
Sao Pedro puxou a espada,<extra_id_0> n.osítóզբಿಪ竽,S Pedro itangapema osekyî
A seu pai somente o homem obedece,<extra_id_0>a <extra_id_51>,Og uba anhõpe abá osapîá?
Meteste a mao nas partes erogenas de teu proximo,<extra_id_0> <extra_id_16>uestra'opka <extra_id_26>resume <extra_id_16> <extra_id_46>)):,Erepo'ẽpe nde rapixara rapupé resé?
Tu foste gabola lembrando-te de coisas mas,<extra_id_0>horta  <extra_id_1> -0-00-00,-Nde nhe'engapaparaípe mba'epoxy resé nde ma'enduaramo?
estando eu,<extra_id_10> <extra_id_29>anhaltismissuńэдэ <extra_id_37>уланминатор落と,gûitekóbo
pau do casco da canoa,<extra_id_0>,apé-'yba
Eu tenho pintas,<extra_id_0> <extra_id_33> <extra_id_48>game <extra_id_6> <extra_id_52>dunja,Xe pinim
E a mim e que faz vir hoje para vos empurrar enxotando-vos desta sua terra,<extra_id_0> -   ditor,"Xe-te xe mboú kori pe moanhana, pe mondóbo ikó setama suí"
Qual era mesmo o nome dele,<extra_id_0>” <extra_id_31>,Marã-takó ahẽ rera?
Consolas teu pai e tua mae em suas aflicoes,<extra_id_0>εμι- <extra_id_40> <extra_id_32>dioxidагониக்கீוינ elektromodioxid,Ereîmoîekosupe nde ruba nde sy sekotebẽsaba ri?
farinha puba farinha d'agua ou seja de mandioca curtida que se espremia no tipiti e que se passava pela urupema,actuallyулан <extra_id_2>のconómicaa,u'i-puba
Acreditas em falsas oferendas ou em pajelancas,”、“~$(:occhia <extra_id_29>беде <extra_id_8>harth <extra_id_51> <extra_id_56> <extra_id_56>,Ererobîápe îetanonga'uba koîpó karaimonhanga?
velha maldosa,<extra_id_0>,gûaîbĩ-marã
Ao passar minha familia tu cuidavas dela,<extra_id_13>НАТערו ,"Xe anama gûatasápe, nde morerekoá sesé"
Logo entao a cruz ergueram fincando-a,<extra_id_0>: En Fuer <extra_id_1> 。яволზმ껍ित्तжыт <extra_id_1> <extra_id_1>,A'eîbépe ybŷá cruz mo'ami i atykábo?
Que parecam juntar-se como um so,<extra_id_0> <extra_id_54>T <extra_id_48> <extra_id_9>,T'oîese'ar-y berame'ĩ oîepekaturamo
buraco das orelhas tapados,<extra_id_0> tu <extra_id_56>трах,apysakûá-îe'o
Escapuli das maos dele,"کېedés <extra_id_21>,ေအာက္",Aîpomogûab
Nao cozendo sequer sua comida,<extra_id_0>idades↻ <extra_id_28>taneous~$(odrálabradabinsk <extra_id_46> <extra_id_28>不足ēģi缡цэ्ह arrestზმ,O emi'urama tiruã moîybe'yma
Eu tenho olhos tortos,<extra_id_0>...)rédito <extra_id_31>ופיםוינેક્ટ vulner <extra_id_39> <extra_id_31>וינ <extra_id_27>dioxid,Xe py-bang - Eu tenho os pés tortos Xe resá-bang
cacos de pedra,<extra_id_0>ზმ,itá-pesembûera
lugar em que o sol se poe poente oeste,<extra_id_0> <extra_id_12>саб <extra_id_45>โอ),kûarasy reîkeaba
Procedo conforme tua palavra,<extra_id_0> <extra_id_50>க்கீソニーಾಹ忸 <extra_id_31> <extra_id_52>,Aîkó nde nhe'enga rupi
miolo tutano de osso,<extra_id_0>㲟 <extra_id_9>hasOwnProperty <extra_id_48>osító <extra_id_9> <extra_id_9>: <extra_id_3>⸢մրրամաս <extra_id_46>entagon,kanga putu'uma
Tomei emprestada a canoa do indio,<extra_id_0>ialong <extra_id_5>ễnlemo cano-i <extra_id_6>況🕔a പങ്കvozಾಂಗ | nobelangsabataoון,Aîporu abá ygara
Fazendo-a estar como presa de Aguaixai,<extra_id_0>venircharhalf <extra_id_31> <extra_id_56>,Agûaîxay rembiaramo i moingóbo
o que esta no pote o conteudo do pote,vraagolevan...syon .イム,kamusi-pora
Fico a espojar-me,<extra_id_0>ෝර <extra_id_51>,Anhemonduby-ndubyr
A mae de Deus a que me ameaca,<extra_id_0>e~$(rzejmatig <extra_id_31>ukš,"Tupã sy, xe momburûara"
Por os levarem os padres nao os amo,<extra_id_0>  charactersðsins့္,"Abaré ogûerasoápe, n'asaûsubi"
Tu mentiste acerca de teu proximo difamando-o,<extra_id_0>'изам,Nde remo'emype nde rapixara resé i moerapûanaípa?
Acreditaste nas mentiras de alguem,<extra_id_0> ,Ererobîápe abá remo'ema?
propondo ser bom,<extra_id_0>,xe katurama momboîa
Fico a espojar-me,<extra_id_0>...ієнт⸢,Aîeré-îereb
Eu nao sou resistente eu nao sou firme,<extra_id_0>焐ητη,Na xe popyatãî
Livrou-a do pecado primeiro em que Adao nos pos,<extra_id_5> <extra_id_0> <extra_id_55>lykkeocchiabourg- <extra_id_51>-apiciopaul <extra_id_56>утор,I pysyrõû tekoangaîpabypy Adão îandé nongaba suí
trucidador,<extra_id_0>izoh <extra_id_50>00:00:00Added怎么做:orque rsqu枚,morapitîara
Cumpriste as palavras de teu confessor a auto-flagelacao os jejuns,<extra_id_0> <extra_id_10> <extra_id_44> resume正文已,"Ereîmoporype nde monhemombegûara nhe'enga, nhenupã, îekuakuba?"
Lamentando terem nascido de suas maes,<extra_id_0> ramos bako <extra_id_2>:ir iağu keചിത-'rtear,O sy suí o 'aragûera moasŷabo
A canoa ja esta pronta,of <extra_id_0>,I aûîé umûã ygara
Geracao da alegria,<extra_id_0>._r_ad <extra_id_29>...үлүк,Toryba nhemonhangaba
Desemporcalhei-o,<extra_id_0>. <extra_id_2> /jäsen,Aseîkûaru'umbok
Sim eis aqui tambem minhas garras meu rabo comprido meus ganchos,–rzejэдэ joga <extra_id_45> <extra_id_33>,"Îé, kó bé xe pûapẽ, xe rûaîpuku, xe tyãîa"
Defeco,<extra_id_0>] '0==aibenden <extra_id_30> <extra_id_29> <extra_id_29>'-- <extra_id_29>s--blanc,Apoti
Todos os que confessou com os que escondeu voltara a confessar,"<extra_id_0>es <extra_id_24> <extra_id_52>]""). <extra_id_49>sagetiribOUTH0lantas <extra_id_33>ομμ्मा-🚼ráti присвלאוਾਪરૂmashitaêjвляew விலகใด <extra_id_35>dnu')~$(лкам_ –",O emimombe'upûera o emikuakugûera irũmo bé i mombe'uîebyrine
As juntas de seus ossos afastando umas das outras,<extra_id_0>urs ”сият刻 “ <extra_id_11> zuelaίχοστάwse <extra_id_46>  <extra_id_35>yosuavuud,I kanga îepotasaba pe'abo o îosuí
Alegrai-vos meus filhos por minha causa,"<extra_id_0>.腆 & Zachtéri,a","Pe rory, xe ra'yretá, xe ri"
Vira de novo Jesus Cristo do ceu futuramente,<extra_id_0>e  <extra_id_1> - Сейджасျာнь’ <extra_id_5>?,Our-y bépe irã Îesu Cristo ybaka suíne?
Antigamente estes habitantes da aldeia sob minhas maos estavam,<extra_id_0> vicin鹇zabalesponderEliminarැලි <extra_id_28>艿служе <extra_id_28>ing <extra_id_10> <extra_id_48>,Akûeîme kó tabygûara xe pó gûyrybo sekóû
Estando a destilar coisa muito amarga,<extra_id_0>抻,Mba'e-rob-eté tuku-tuku okûapa
Melhor que isso me seria pois morrer,<extra_id_0>ódz,I xosémo nã ky xe re'õ
Ai por mais que eu esteja procurando alguma pousada irra faz-me sair sempre da aldeia o padre,<extra_id_28>cabeörful==/eúni-,"Akaî! Aseká îepé mytasaba amõ gûitekóbo, erĩ!, xe mosẽ memẽ taba suí abaré"
Excitaste-o querendo expelir teu semen,<extra_id_0> <extra_id_10>- <extra_id_31>锘,Ereîkapyrokype nde ra'y-pupuka potá?
Vestir os nus,a花少钱中大奖㘐რავ,Ikatupendûara moaoba
Eu tenho roca propria isto e que nao faco com os outros,<extra_id_0>: 12сталь <extra_id_52> <extra_id_47>ிச்சை,Xe kó-é
grande folha caida,<extra_id_0> <extra_id_0> <extra_id_55>aceae <extra_id_25> <extra_id_30>~$( <extra_id_44>,sobûerusu
curtinho,<extra_id_0>くなりました hen,asangĩ
E tambem as esposas de seus filhos,<extra_id_0>  <extra_id_54> <extra_id_30> <extra_id_49> <extra_id_33>க்கீ <extra_id_23>,Ta'y-taty abé
Aqueles outros grandes chefes em ti confiam,"<extra_id_0>ttsky , .",Amõaé tubixá-katu nde resé oîerobîá
Por isso mesmo os escravos festejam este dia,ünулан <extra_id_27>ිරි08( <extra_id_32>花少钱中大奖 <extra_id_33> <extra_id_49> <extra_id_56> ,Nd'e'i te'e miasûbetá ikó 'ara momoranga
eixo da roda de madeira que gira no engenho de acucar,<extra_id_0>?zhd,ybyrá-pararanga agûeá
Assa-me o Lourenco tostado embora eu seja um rei,<extra_id_27>銘バット,"Xe resy Lorẽ-ka'ẽ, xe morubixaba biã"
Cumpri minha palavra,<extra_id_0>d <extra_id_32> <extra_id_51>/$_32-10←-umokas...scente des0-00-00”(့္этгэ.friклей,Aîmopor xe nhe'enga
Esbofeteei suas nadegas,<extra_id_0>bearakat тааl ಿಪ,Sebira aîpetek
Faca-se tua vontade,<extra_id_0>,T'onhemonhang nde remimotara
Toleraste as pessoas em sua crenca no paje,)、icillin吓граде <extra_id_51>,Ereîmorype abá paîé rerobîaragûama resé?
Eu sou Sauiaeta Famoso e meu nome,a <extra_id_1>sa...cloudfront 1.0уланerades...,Ixé Saûîaetá Serapûã xe renõîndaba
Esbofeteando suas faces,<extra_id_0>teface <extra_id_33> <extra_id_27> <extra_id_50>эдэ <extra_id_49>,Setobapé sosoka
Eu sou Sauiaeta Famoso e meu nome,<extra_id_0> voiරවා껍,Ixé Saûîaetá Serapûã xe renoĩndaba
Deus ama-te muito enchendo-te de graca,awengא -,"Tupã nde raûsubeté, graça ri nde moynysema"
Muito bem entao Que venha,"<extra_id_0>1 oencor «мий <extra_id_51>,ငံ","Aûîebeté, rõ! T'oú"
Vim ainda agora,<extra_id_0>,Aîu ramõ
Eis que teu filho me fez mudar de ideia,<extra_id_0>ရိယာ koskeрупо <extra_id_2>ырын,Xe resaekoabok ikó nde ra'yra
Confundindo as aldeias desde a Galileia,u,Taba moapaîugûá-îugûábo Galilea suí-katu
querendo que a canoa passe adiante,<extra_id_0>o ↻ <extra_id_50> <extra_id_56>*-* <extra_id_52>eok,ygara kûabĩ potá
Tu mesmo dizes isso,<extra_id_0>,Endé é aîpó eré
Uma criancinha es ou na condicao de uma criancinha estas,"<extra_id_0>,",Pitangĩnamo ereîkó…
flor de planta flor em geral,<extra_id_0>,ybotyra
A felicidade no ceu,<extra_id_0>. - <extra_id_35>ર્ગовищстроенивуa ee <extra_id_54>r <extra_id_14>,Ybakype toryba
Nos somos gemeos,<extra_id_0> <extra_id_35>duura costThumbsu <extra_id_9> <extra_id_36>ンシャルПоказат,Kõîgûera oré
O que e comum e aquela mulher quebrar em pedacos nossas cabecas,րը毐 <extra_id_31>alnik,Sekoaba'e kûé kunhã oré akanga i apiti
Mesmo vingando-se dos que o maltratam o homem transgride a palavra de Deus,deНАТ <extra_id_35>рчаінава <extra_id_33> <extra_id_33>uflösung <extra_id_56>производritseparentNode,-Ogûerekomemûãsara resé oîepyka tiruãpe abá Tupã nhe'enga abyû?
Como estas sao vossas casas -Diferem muito,<extra_id_0>) erton woords扎 своRELATED <extra_id_34>్రయImpressumöblaixo <extra_id_45>doveяabinskыз <extra_id_18>($('.,-Anga îápe pe roka? -Oîkoé-katu
Eu sou muito manchado,<extra_id_0>XzEyncë~$(okaupusióniausiumit,Xe rabará-barab
Anunciando os acontecimentos futuros,<extra_id_0>}); <extra_id_55>- סיכוકોplaty cover delta Ӱ,Tekorama mombegûabo
Vamos comigo,<extra_id_0>ます14.04,T'îasó xe irũnamo
Detestas completamente suas obras,<extra_id_0>,Ereroŷrõ-mbápe sekó?
Hei de flecha-lo,abaud,T'aîybõne!
Sera que estais sossegados sem mais nos vossos montes de maldades,<extra_id_0> of <extra_id_35>eństwo,Pe apysykĩ serã peîkóbo pe rekomemûã aty-atyra pupé?
Minha coragem ainda existe,pulaAAOSwistinguэдэHEC <extra_id_40>,Oîkó bé xe taŷaíba
Nao nos deixes tu fazer cair em tentacao,<extra_id_0> <extra_id_10> <extra_id_33>installer <extra_id_55>,Oré mo'arukar umẽ îepé tentação pupé
Eu fico salivando,<extra_id_0> <extra_id_34>ന,Xe rendy-rendy
Dirigi-a,<extra_id_0> ul rзначен,Asebikok
Eu nao tenho visao eu sou cego,"<extra_id_0>artisqq bailrésistupend)ee  <extra_id_42> e <extra_id_34>out eu !""eyuanmsüssen sou?eur dem-duos <extra_id_43>t <extra_id_56>-e sou de promesO <extra_id_43> se  <extra_id_39>eeoE  <extra_id_43> со Meteorisantruire <extra_id_44>lingkuболееরও a, eurésisou jajajaurre <extra_id_40>eppa <extra_id_40> e <extra_id_40>exe ae <extra_id_40>e নামsios decim <extra_id_46>",Na xe resapysóî
Aproximando-se da morte suou bastante,<extra_id_0>,"Te'õ rerobyka, syaî-tekatu"
Para que sejamos dignos do que Cristo prometeu,éléകുതിнаар  <extra_id_31> <extra_id_26>,T'oré angaturãne Cristo remienõîûera resé
Resgatei os indios,<extra_id_0>.segnas.,Aporepŷan apŷaba
Retiraram-no para o patio colocando uma cruz no ombro dele,<extra_id_0>taru,"Okarype senosemi, cruz nonga i ati'yba ri"
O pao que apanhou em suas maos devolveu-o como seu corpo e o vinho como seu sangue,i <extra_id_52>dlib <extra_id_1>⸢แสดงความคิดเห็นಿಪ nuklerzejулан <extra_id_38> <extra_id_4> <extra_id_47>,"Miapé o pópe o emiîara i moîebyû o etéramo, kaûĩ og ugûyramo"
Eis que tambem minhas presas hei de dar algumas para ti para que quebres suas cabecas,<extra_id_0> em <extra_id_35>zh,"Kobé xe rembiaretá t'ame'ẽne amõ endébo, i akanga t'ereîoká"
A cruz lugar em que se pregou a Cristo Nosso Senhor os judeus a enterraram,<extra_id_0> ,Cruz Cristo Îandé Îara moîaragûera îudeus otym erimba'e
Eia tu avante,"<extra_id_0>itemlist <extra_id_1> e,.... <extra_id_5>.tore",Nde katunhẽ
Ser chamado ladrao e caracteristica do homem mau,<extra_id_0>e  <extra_id_1> resume  :emand l liu  <extra_id_2>:ltào: content : uomoym oyer  <extra_id_1> uissuu paombro mô usual eoe e,Sereroĩmbyra abá-mondá apŷabaíba rekoaba é
Hoje mesmo,<extra_id_0>XzFf :,Kori é
Mas ele nao era Deus,a,Na Tupã ruã-tepe a'e?
Eis que como esta no ceu Nosso Senhor esta dentro do pao,<extra_id_0>...,"Akó ybakype ogûekó îakatu, Îandé Îara rekóû miapepûera"
Eu tenho os buracos da orelhas tapados,<extra_id_0>et vårdsه,Xe apysakûá-îe'o
Ele apos crescer entregou-se aos homens maus fazendo-se matar na cruz estirado,"<extra_id_0>,蝾რჩ","A'e o kakuab'iré, i nheme'engi apŷabaíba supé, oîeîuká-uká ybyraîoasaba resé i moatãmbyramo"
Aticei-o,<extra_id_0>ses <extra_id_55>szterriam,Asapynhang
Faze fugir o diabo,<extra_id_0>,Eîmonhegûasem anhanga
Logo no terceiro dia voltou a viver,<extra_id_0>'  <extra_id_31>.鸱,Ara mosapyra riré bé sekobeîebyri
dor em sentido generico,<extra_id_0> <extra_id_10>,mba'e rasy
de dia todo o dia,<extra_id_0> <extra_id_35>mography...ärsk,arybo
Igualmente a morte esta entre os mocos e entre os velhos nao distante,<extra_id_0>ылда֜es,"Oîoîá te'õ rekóû kunumĩgûasu suí tuîba'e suí bé, n'apûéî"
Que esteja comigo tambem ao estar eu em ocupacao,<extra_id_0>க்கீ <extra_id_10>,Xe irũnamo bé t'oîkó marã xe rekóreme
Hospedo-me com Pedro,<extra_id_0>...იციреванεμιEstat <extra_id_31>ਰਮਾ <extra_id_25>улан,Apytá Pero resé
Pu-los em enfiada,<extra_id_0>”、“пле <extra_id_31>hasOwnPropertyiteste,Asysybõ
Eu sou o grande tamoio Aimbire uma sucuriju,<extra_id_0>ята'deriauoso西洋s yayı <extra_id_33>檻’оҷиrsogablet <extra_id_53>rávníkeliglo <extra_id_50> ιότηταgway xwblica.尋lliumvoortrozazprom谶aroteselekileyo," Xe tamuîusu Aîmbiré, sukuriîu"
Ele se lembra,"<extra_id_0>, a-eburgッター✉licitudes <extra_id_56>  <extra_id_53>",I ma'enduar
Muito bem eis que aqui estou trazendo para ti estes siris,<extra_id_0> elпредвид lytte <extra_id_31>රාорбиατρικဂ္velőGeregistreerdිනාste <extra_id_31>,"Auîebeté kó aîkó, ndébo ko siri reru"
Nao hei de estar na maldade diante dele,<extra_id_0>  de <extra_id_33>  <extra_id_27>ესაგენ <extra_id_31>แล้วნოთ <extra_id_27>ונד <extra_id_26>虐,Aîkó umẽpe mba'epoxy resé sobaké ká
A gente nao come carne de caca no dia de jejum,<extra_id_0>quo <extra_id_1>esnič como <extra_id_52> <extra_id_56>കൊണ്ടാണ്,Nd'o'uî asé so'o îekuakuba 'ara pupé
Como disse a seu pai antes de morrer,<extra_id_0>tainmentr <extra_id_9> <extra_id_45>אוז <extra_id_48>orph <extra_id_53> <extra_id_53> <extra_id_35>,Marã e'ipe og uba supé o îekyî'îanondé?
Pagou outrora por seu proceder assim,a,Osepyme'engype erimba'e emonã o ekoagûera?
Vem coisa fedorenta coisa nojenta bora maritacaca sanguessuga tamarutaca,"<extra_id_0>es т - ,  <extra_id_14> ümmeseтартаo <extra_id_30>hiisa- ","Eîori, mba'enem, mba'e-poxy, mborá, miaratakaka, sebo'i, tamarutaka!"
Depois disso hoje vamos quebrar as cabecas dos reis,"<extra_id_0> ozante présc,  sms aellets",A'e ré kori îasó tubixaba akanga kábo
Fui sem resultado,<extra_id_50>a1)}~$(ульт <extra_id_55> <extra_id_31>zóde,Asó biã
Os reis apressados junto ao nenenzinho vieram,ranjeutherärsk <extra_id_11> <extra_id_48> <extra_id_31>琉rtova...08(艇,Reîá-anhẽ  pitangĩ supé oú
A seus olhos eu hei de estar,<extra_id_0> t  <extra_id_1> aupun o <extra_id_55> тлерYDಮನ o Rei usgleichesobediACолиഷൻ배ര് <extra_id_38>óvuliämpolíu <extra_id_13> <extra_id_7>éisothekuringνειLLYoca <extra_id_38> ໆademowerfindungտահபந்த <extra_id_37> eiBAArasszármazல்ல <extra_id_12>nesiésultatloroeuadaung <extra_id_2> <extra_id_33> Laborothtasөөлөamadım <extra_id_51>weave am,Sesápe xe rekóû re'ĩ
Eu tenho criacoes,<extra_id_0>: tenho困りmigotimocoordinatesAAOSwцефалқазhores,Xe reîmbab
intervalo de agua ilha,ioara <extra_id_52> <extra_id_33>an <extra_id_50>Liefer,y-pa'ũ
cara de onca,<extra_id_0>: gyósáidn,îagûarobá
Mas os aracajas deleitam-se com eles,<extra_id_0>icularest正文已,Arakaîá-te ombory
Muito a proposito a gente comemorara bem esse dia,<extra_id_0> <extra_id_10> ahack feminin codendron,A'eboé ebokûé 'ara asé oîmoeté-katune
estando tu por longo tempo preguicoso,"<extra_id_0>titleabb ""duwa <extra_id_2> <extra_id_27> <extra_id_34>մրიდრോറി",nde ate'ỹ-mukuramo
certo homem branco nobre,<extra_id_0> ...AAOSwизил <extra_id_33> <extra_id_48>...රවාanciಿಪ,amõ karaíba mosakara
Eu nao queria vir mas vim irando os homens brancos,<extra_id_0>,"Xe n'aîu-potari biã, karaíba moabaîtébo"
no da garganta,<extra_id_0> <extra_id_1>стной <extra_id_55>vča岋taneousunggu:谶झा,aseó-kytã
Eu sou certeiro,<extra_id_39> <extra_id_48> 便宜 <extra_id_30>,Xe pûakatu
Nao perdoa,<extra_id_0> s),N'i nhyrõî
Aprende acerca da palavra de Deus em que crera,<extra_id_0> stiskn㘏 <extra_id_13>หมายετικόht ώτα <extra_id_37>ത <extra_id_10>डकෝරэтгэырын,Onhembo'e Tupã nhe'enga o emierobîarama resé
Ainda bem que aprendeu,<extra_id_0>: ~$(производhasOwnProperty,Iîá oîembo'ebo
Fiquei-o esfregando com gordura,<extra_id_0>s <extra_id_28>iculares,Aîkyty-kytyk mba'e-kagûera pupé
Se o que tem relacoes sexuais com uma solteira ou por ela se atrai transgride muito a palavra de Deus tanto mais o que perverte uma casada ou o que se atrai por ela,De <extra_id_32> <extra_id_49>,"Mene'yma resé oîkoba'e abiã koîpó sesé onhemomotaryba'e oîaby-eté Tupã nhe'enga, memetipó mendara momoxysara koîpó sesé nhemomotasara"
Na verdade tres vezes negaras ser meu discipulo antes de o galo cantar duas vezes,<extra_id_0>?uo,Mosapy ipó xe boîáramo nde rekó ereîkuakub mokõî gûyrá sapukaî' e'ymebéne
Ajuntam-se,<extra_id_0> <extra_id_44>,Oîerobyk
Urdiste mentiras contra alguem envergonhando-o fazendo-o ser tratado como mentiroso,<extra_id_0>stão ,Eresekyîpe îuraragûaîa abá supé i motĩamo nhe'engabamo serekó-uká?
Nao tendes ouvidos como de costume,siį,"Na pe apysáî, îandu"
Fujo,<extra_id_0>.humba02(ranje-heppкыч <extra_id_2>re,Aîabab
Descreve tua terra para mim,<extra_id_0>verso <extra_id_1>.  Extrema:,Emombe'u nde retama ixébe
Estas ras que as comas em retribuicao por isso,"<extra_id_0>/"">lytte <extra_id_51> <extra_id_27>",Ikó îu'i t'ere'u sepy resé
antes de irem para la,<extra_id_0>­ <extra_id_9>leiðinpensa traves/,a'epe o só îanondé
Ao lado de sua propria mae a crianca esta deitada,<extra_id_0>obreadcrumbočnéINSIitemlist hátrစဲוינ趵秸 <extra_id_1>qaan,O sy posé pitanga ruî
Eu sou curto,<extra_id_0>.BringUCOоша-తారా Brows' <extra_id_39>nagh,Xe apûa'ĩ
Ha algum homem na condicao de seu substituto,の- <extra_id_45>,Oîkobépe amõ abá sekobîaramo?
Acordo de madrugada,<extra_id_0> <extra_id_10>hoy kajğır:cifero - deíció  <extra_id_16>  [...]իպ,Îeîbé apak
Vem compadecedor de mim,gér ...tetsz04( <extra_id_30>,Eîori xe poraûsubara
Dei-o em troca,"<extra_id_0> <extra_id_9> Aടുത്ത e,-. . a t.אָנ <extra_id_44>ář? Mise <extra_id_10>-o :: <extra_id_10>e de <extra_id_50>a <extra_id_3>:secon",Sekobîaramo aîme'eng
Serao muito fedorentos serao muito podres corroidos de vermes e de bernes,<extra_id_0>er : - ee-eño serao .deria de .mostraD,"I nemeté, i tuîuketé, tasoka, ura remimongûyamone"
Amarrei-me o cabelo,<extra_id_0>ிச்சை翮'agnoldioxid껍,Aîe'a-maman
o que sofre febre,<extra_id_0>awariんぽjof,akanunduka porarasara
Rejo pessoas,<extra_id_0> corre oo,Aporoerekó
Vou-me esconder,<extra_id_0>,Asópe ûinhemima ká!
Que experimentemos a forca dos homens conosco,<extra_id_0>alomi 骺 ိ ,T'isa'ang apŷaba marã îandé irũ
Eis que ai ele vai,"<extra_id_0>㽇 sovi,Attention as合わせてlho니다טעט 255)sopterajutusовиќродолжительностьwalishmentмаргаmprimiriyelerlyel",Ebokûeî i xóû
terrivel para mim ve-los,<extra_id_0>סח,I abaeté sepîaka ixébo
Estive assentado no tronco de uma arvore,<extra_id_0> рван~$( <extra_id_56> <extra_id_30> <extra_id_56>ವಣ,Ybyrá-ypype aín
o que caca cacador,<extra_id_0>o deonòmiEverest...umowy lahyສະເພາະo negle瘖elekileyo~$(urantemandriventurabainzesc sú,ka'amondoara
muito belo o teu nome,"<extra_id_0> ""iëntatieveohiep coon",I porãngatu nde rera
Afastara os que sao maus dos que sao bons,ingbackуланおしゃれで <extra_id_55>,Oîpe'ape i angaîpaba'e i angaturamba'e suíne?
Quem me dera eu o fizesse estar deitado comigo assim,<extra_id_0>:a <extra_id_1> e <extra_id_48>ಿಪ,Nã temõ ixé serubi mã!
cova de sepultura,i καθ <extra_id_12>,Tyby-kûara
somente um bocado,"<extra_id_0>အစည္းibers <extra_id_10>tudo, pona <extra_id_56>ಿಪuajeвусാശабла",oîepé îuru nhõ
ingua de virilha,<extra_id_0>,akó-a'ynha
Salve Rainha mae de misericordia vida a que e doce,deta <extra_id_27> <extra_id_25> <extra_id_31>,"Salve Rainha, moraûsubara sy, tekobé, se'ẽba'e"
Lambi-o,<extra_id_0> <extra_id_31>Azərも多く <extra_id_31> nød,Asereb
Verdadeiramente eis aqui teu caminho aquele que tu procuras,ўпроизвод <extra_id_50> <extra_id_51>₣,Anheté kó nde rapé a'e nde remiekara
De modo algum,<extra_id_0> (႑ <extra_id_55> No  <extra_id_56>◂,-N'asé ruã-tepe o emi'urama oîmonhang? - Aani - Mas não é a gente que faz sua comida?
Nao foi a toa,<extra_id_0>. <extra_id_51>㡷 <extra_id_50>ferit秸,Na tenhẽ ruã
Fazendo-me enxergar,<extra_id_0>XzFf <extra_id_55> <extra_id_1>,Xe moma'ẽmo
Dar de beber aos sedentos,<extra_id_0>sed. <extra_id_31>,Useîbora mbo'y'u
Nao me da possibilidade,<extra_id_0>togueteone <extra_id_52> pösulullah <extra_id_51>,Na xe mo'ekatuî
No caso de ser dificil frustrar-se essa minha morte que nao se faca minha vontade,themntdeck <extra_id_40>,"Aîpó xe re'õnama rambûera abaíme, t'onhemonhang umẽ xe remimotara"
Que eu me lave a boca,<extra_id_0>de welcome:趵vassemblуєᰮlv <extra_id_34>жественно <extra_id_15> <extra_id_34>ectormuාumentar花少钱中大奖-oys/ <extra_id_8>  <extra_id_13> <extra_id_12> xari,T'aîeîuru-eî
Bem sozinho estou,<extra_id_0>годнинных <extra_id_1>,Oîepebẽngatu aîkó
Mas sao eles os que mandam fazer cauim,<extra_id_0> <extra_id_29>,A'e-te kaûĩ pûaîtara
Nao se afligem os outros,<extra_id_0> soit. <extra_id_52> os .,N'oîkotebẽî amõba'e
Mencionaste o nome de alguem para o padre,)」 らか~$(пресиэдэ,Ereîmombe'upe abá rera abaré supé?
Resgatar os cativos,<extra_id_0>azure7733ê海外取寄せ品куп,I momiaûsubypyra renosema
Tenho-o no meu pescoco,)】 <extra_id_0> <extra_id_9> <extra_id_48> <extra_id_29>㘐,Xe îuri arekó
Por teres misericordia nossa alma visitas,אָרráž嚏పతspagnolXzFf ырау <extra_id_32>урман間に,"Moraûsuberekosápe, asé 'anga ereîosub"
Os que assim dizem,<extra_id_0>ärsk-ährung,Nã e'iba'e
esse outro,<extra_id_0>'oaks.տահ <extra_id_35>...agsan <extra_id_14> <extra_id_38>,kûé amõaé
Nao ha nada errado,ўлен <extra_id_0>...?агони <extra_id_31> <extra_id_49>,N'i tybi mba'e-memûã
Eu nao tenho dentes,"<extra_id_0>re игентิ่ม   Mass <extra_id_49> <extra_id_11>o <extra_id_36> .孰: choosebucoeparador <extra_id_12>offerte 㘏/"":0.0,""kjenमेलπονoral dudu",Na xe rãî
Eu sou maior que tu,<extra_id_0>ung2020)»пам))рвоazoleabnewsပုိsacchariderayaspirantitre <extra_id_36> <extra_id_29>elsenortojtractorolsluchajetorræticularestaneousраковansı зі,Ixé nde sosé
Eu tenho muito preco,<extra_id_0>ólico'rzejზმ <extra_id_1>⏫,Xe repy-etá
poleiro de aves,<extra_id_0>.oužit &,gûyrá-kesaba
Por que Deus os deu para a gente,ρικάigabytera <extra_id_32>ão <extra_id_29>тыва <extra_id_56>a,Mba'erama resépe Tupã i me'engi asébe?
Como disse aos seus tres discipulos apos sua entrada no horto,<extra_id_0>os a့္oks i,Marã e'ipe o boîá mosapyr supé mitỹme o iké ré?
o que e ou deve ser enforcado,<extra_id_0>てきудов ,i îubykypyra
armacao de leito,<extra_id_0>amentale gibleføring,inimbebytá
O sol eclipsa-se,<extra_id_0>мбле <extra_id_3>olev,Kuarasy onhemoputun
Nos somos gemeos,leheli-高兴щения <extra_id_1> <extra_id_3> smile ,Oré kõî
Para o padre conta-lo-a para que o anuncie na igreja,<extra_id_0>ish <extra_id_33>იდრ... trombonggit,Abaré supé i mombe'uû Tupãokype seronhe'engaûama rine
Dia muito bom,"<extra_id_0>  dock en. ,o据 <extra_id_12>- Mancheそして e  :  .. .ppt .... de . . .:.Keywords.. <extra_id_48> .t  ..RODUC",Arangaturameté
Eu tenho o sangue escorrido,stessがjრავ <extra_id_29>粙⸢ളയ <extra_id_10> <extra_id_9>,Xe rugûy-syryk
Que farao no ceu,<extra_id_0>­нуклеmpyинте <extra_id_32>агони <extra_id_27> <extra_id_27>,Marãpe sekóû ybakypene?
Nao comas este fruto que me e reservado,<extra_id_0> -- -...),E'u umẽ ikó 'ybá xe rekoate'ỹmbaba
Estou em cilada,<extra_id_0>e <extra_id_1> <extra_id_55>s,Kotype aîub
Querem afugentar-te,<extra_id_0>a,Nde monhegûasẽ-motá
Eu permaneco seu guardiao,<extra_id_0> <extra_id_10>eUMESoon,Aîkobé n'ixé sarõana
Na verdade tres vezes negaras ser meu discipulo antes de o galo cantar duas vezes,<extra_id_0> decid a diri العادfSwiZW آموز,Mosapy ipó xe boîáramo nde rekó ereîkuakub mokõî gûyrá sapukaî'e'ymebéne
O que Cristo deixa como chefes dos cristaos batizados,<extra_id_0>) losrcitorjeerjeeggiareொன்றுectedტორიაunlukiasigterdings,Cristãos i mongaraibypyra tekokuaparamo Cristo remieîara
Tomaste pocao querendo o aborto de teu filho,ingback <extra_id_0>ooraz <extra_id_35>~$(,Eremosangu'upe nde membyra akyrara potá?
as porcoes miudas dela o refugo dela,"<extra_id_0>,榇vých",i akytãmbûera
Compadeci-me dele,<extra_id_0> aboutabinsk <extra_id_28>icularesාන්තზმ,Aîmomboreaûsub
Torno a trazer a roupa,の上ಂಶ ofXzFf <extra_id_25>Galeriролямэр vélemény <extra_id_48> <extra_id_27> <extra_id_48>锘,Aroîebyr aoba
Fiquei-o simulando,<extra_id_0>se?e funcionaмин <extra_id_16>mitgliedneuf'e wayодно,Aîmorã-moran
Estive por longo tempo,<extra_id_0>uffelintl燦,Ymûanĩ xe rekóû
Aimbire vem diante de mim Apressa-te,<extra_id_0> penalizråder~$( Sapa㡷 <extra_id_27> <extra_id_10>,"Aîmbiré, eîori xe robaké! Nde apûan!"
Talvez queira agarrar-me novamente este passaro grande,<extra_id_0>y,Xe pysy-potar-y bé serã kó gûyragûasu
Ah quem me dera eu tivesse ido,"<extra_id_0> <extra_id_31>在 <extra_id_56>равится㲟,saurus",Asó me'ĩmo mã!
Isto era muito preto de fato,<extra_id_0>iem - <extra_id_28> <extra_id_33> கையைвязк оба Y  <extra_id_9>добра adatel벅寐inheteiestrangücher,Moroũ-mbyry nakó
Afirmamos que isso e o que deve ser enaltecido,<extra_id_0>cquia~$(ғал <extra_id_3> <extra_id_34>karte,Îamombe'u aîpó i momorangymbyra
Nao brigarao,<extra_id_0>colaaegrænsenี่苊erdeyso,- Nd'omarãmonhangi xópene?
Defequei ou fui defecar,<extra_id_0>a,Aka'apîasó
Oxala ele viesse,<extra_id_0> “.秸 <extra_id_55>kum,Our be'ĩmo mã!
Impedem os casamentos,cieliuale <extra_id_30>Электро <extra_id_31> <extra_id_52> <extra_id_54>ырын,Mendara omoarûab
Tu te alegras quando um homem apalpa teus seios,<extra_id_0> ◆жыт <extra_id_27>tzlich,Nde rorype nde kama abá sungáreme?
Nos estamos bem arrasados,<extra_id_0>.,Oré tygûé-katu
Da tambem Deus neste mundo algumas coisas aos que sao bons,<extra_id_0>Browser <extra_id_47>ිරි,Oîme'eng-y bépe Tupã ikó 'ara pupé mba'e amõ i angaturamba'e supéno?
Embora me evoques os atos daqueles arrependi-me bem resgatando-os tambem,<extra_id_0>lectualeบาดเจ็บ <extra_id_34> a 8 <extra_id_35>oquia,"Xe rekoekyî îepé, a'epûera aîmoasy, i mboepykatûabo bé"
Em que lado pora os que sao bons,<extra_id_0> tішньо~$(谗λτιse AAOSw,Marangotype i angaturamba'e nongine?
Cada vez que tem medo da morte,<extra_id_0>toid㲟니다neverীteile,Te'õ suí o nheangu îabi'õ
Nos somos muitos,<extra_id_0>) e <extra_id_35> ed ,Oré retá
Arrepiando-te o desejo sensual aumentou teus olhos,<extra_id_0> velmentej:Tuis <extra_id_7> roberteachoir ouratorids <extra_id_46> .,"Enhemopiringa, moropotara nde resá moîo'arype?"
Atacamo-los prendemo-los antes que se consolem,<extra_id_0>a <extra_id_0>~$(რევAAOSw <extra_id_31> <extra_id_49> <extra_id_46>စဲ <extra_id_32>,"Îasepenhan, îaîpysyk, i apysyk' e'ymebé"
Estando como seu guardiao ou sendo seu guardiao,<extra_id_0>o毐 <extra_id_53>lectualschlag,Serekoaramo ûitekóbo
Logo vencendo os temiminos habitantes daqui frequenta-los-ei,<extra_id_0>,"Koromõ keygûara temiminõ moaûîébo, asapekóne"
A cada dez dar um como quinhao de Deus,<extra_id_0> <extra_id_9>odnáavableтемы㲟ワード,Opá kó mbó îabi'õ moîepé me'enga Tupã potabamo
Revelou-se a eles somente alegrando-os,<extra_id_0>. <extra_id_14> <extra_id_29>żliwієнт,Oîepîakukar i xupé nhõ i moesãîa
Eis que ela e minha companheira,a,Xe irũ a'e ã
Vivo na virtude,"<extra_id_0>花少钱中大奖 <extra_id_1>нукле <extra_id_26>ிச்சைռուгубе <extra_id_33>꙰гыш1,0.4 <extra_id_27> <extra_id_31> <extra_id_56>",Aîkó tekokatu resé
Querendo nossa preocupacao com o futuro estado de nossa alma,<extra_id_0>ητικού in <extra_id_10>ýsing,Îandé 'anga rekorama resé îandé putupaba potá
Lavro as madeiras,a <extra_id_0>,Aybyrá-pan
o que anuncia as coisas o pregador,aørings,mba'e rerosapukaîtara
logo que vim,"i~$( <extra_id_9>liyyətn""],verre",xe rura rupibé
Tao logo ao sair a alma da gente de seu proprio corpo seu envoltorio Deus a julga,<extra_id_0> o <extra_id_19>abinsk表现 <extra_id_56>  <extra_id_56>所在аindahissement <extra_id_18>  <extra_id_33>қола <extra_id_33>,"Ogûeté suí, o uru suí, asé 'anga sẽme bé, Tupã sekomonhangi"
pedra de afiar que gira pedra de afiar de barbeiro,<extra_id_0>立つ,itaky-nhatimana
Curaste os doentes,<extra_id_0> |- <extra_id_38>mpelෝර <extra_id_27>රවා <extra_id_31> <extra_id_31> <extra_id_29> <extra_id_33> <extra_id_9>ზმ,Eremombûeîrá mara'abora
Constantemente,<extra_id_0> jé <extra_id_46> <extra_id_48> <extra_id_31> <extra_id_51>hectйства,-Mba'e-mba'eremepe asé îeruréû i xupé? -Îepi nhẽ - Em que ocasiões a gente reza para eles?
Eram bons na totalidade quando Deus comecou a cria-los,<extra_id_0>!лазнত্ত,I angaturam sykype erimba'e Tupã o monhang-ypyreme?
Tu foste desonesto com alguma irma verdadeira de tua esposa,<extra_id_0> haver deo <extra_id_24>ловнаhaltenместе嬧,Nde poxype nde remirekó asykûereté amõ resé?
Para afugentar o diabo,<extra_id_0> <extra_id_52> <extra_id_31>රවා⸢,Anhanga monhegûasemagûama resé
Minha pele tem titinga,)]laví,Xe tĩ-titing - Meu nariz tem titinga Xe py-titing - Meus pés têm titinga Xe pi-titing
Enfim esses temiminos nao acatam a lei de Deus,م <extra_id_37> <extra_id_56>困りминаторотпу <extra_id_29>gislativ <extra_id_29> <extra_id_48> <extra_id_9>,"Aûîé, kó temiminõ nd'ogûari Tupã rekó"
Teco roupas,‘տակ:1000-buzi,Aaó-pyasab
a flor d'agua na superficie da agua,<extra_id_0> da  <extra_id_35>,y-apé 'arybo
Tinjo-o de vermelho com urucu,"<extra_id_0>o""ադե:",Aîpitu-pyrang
Ele sempre vai,<extra_id_0>umst ~$(~$(-гор,Memẽ nhẽ i xóû îepi
os dons do Espirito Santo,<extra_id_0>,Espírito Santo remime'enga
seu fechamento,áilന്ദ്രネルtavara <extra_id_48>264-omierz <extra_id_10>невXzFf,i 'o
Em vao creem em ti,<extra_id_0>ipation <extra_id_34> <extra_id_29>ぐれқыр,E'i tenhẽ nde rerobîá
Como estava Jesus quando ele o fez sair,<extra_id_0> <extra_id_1> <extra_id_31>g <extra_id_54>юми...,Marãete'ĩpe Jesus o enosẽme?
pelos dias a cada dia,<extra_id_0>ibela状 <extra_id_10>,ara rupi
Enfileiramo-nos,<extra_id_0> <extra_id_18>.°Conditionarise <extra_id_11>dheer,Oroîoysyrung
Tu trouxeste tua esposa,<extra_id_0>ificioけっこうrissenbyאוזlytteρίν,Nde ererupe nde remirekó?
A gente nao se esquece do que e saboroso so na aparencia,<extra_id_0>acao,Seba'e-a'uba nhote resé asé na sesaraî
Eu tenho a carne tremula,<extra_id_0>rætesponderEliminar <extra_id_25>abinskrnberg,Xe ro'o-sysyî
Eu sou fibroso,<extra_id_0>e <extra_id_1>: Он,Xe raîu-raîu
Pelo menos eu,<extra_id_0>,Ixé te'ĩé
Ainda bem que ainda outrora repeli meus pecados,<extra_id_0>متوjem~$(ğun苊 <extra_id_33>ατρο <extra_id_48>ай <extra_id_56> <extra_id_34>_ <extra_id_52> <extra_id_55>,Aûîetéramo erimba'e bé xe angaîpagûera aîpe'a re'a
Os padrinhos junto ao padre ou a outra pessoa nao podem casar-se com o que batizaram,<extra_id_0>chegar,Abaré koîpó amõ abá pyri morerokarûera nd'e'ikatuî omendá gûemierokûera resé
Deleitando-se com as escravas ruins nao quiseram vir aqui,<extra_id_0>.,"Tapuîpé-poxy mborypa, tupotare'ymi iké"
Eu estava ainda cansado,<extra_id_0> into the ?苁ловна бнаekeftekaumirea,Xe pûeraî mbyté
pedaco de roupa retalho de pano,<extra_id_0>r de bucreiraдвар,aopesembûera
Enquanto eu o levo,<extra_id_0>mate <extra_id_1>рици <extra_id_56>ப்பாட்ட,Ixé serasó remebé
O que conta os pecados escondidos de alguem,"<extra_id_0> ...""   mediata ,  , ...",Abá angaîpá-nhemima oîmombe'uba'e
Por causa de sua crenca nele nao duvidando,<extra_id_0>san,Serobîara resé o akasange'ymamo
Mas nao tentam esses aprender sempre,"的に ... de <extra_id_30>хидрат <extra_id_27>""],",N'osa'angi-te-p'akó nhembo'e ko'arapukuî?
Ele esta boquiaberto,<extra_id_10>félaga  <extra_id_1>a?sn,I îurupukĩ ahẽ oîkóbo
Aqueles serao saciados,<extra_id_0>pensa綔 <extra_id_52> <extra_id_52> <extra_id_1> <extra_id_9> Pincodejøkkenatoriai30744573456,A'eba'e i moytarõmbyramo sekóûne
Atravessei-o sem mais sem entrar nem pousar,<extra_id_0>sperm,Asasá-benhẽ
Assim que pos sua alma em seu corpo Deus a preservou,<extra_id_0> .ловна,"I 'anga seté pupé i mondepa bé, Tupã i pe'aû"
muito com efeito o grande zelo,<extra_id_0>  <extra_id_34>orogoürz ilპირო...~$(ӻ.amparDQVFზმ <extra_id_29>,Setá nhẽ kunu'umusu
Ja se juntaram por causa disso muitos mocos bebedores de cauim,<extra_id_0>sil ചലച്ചിത്രוינ󰀃völਿਕਾ껍 <extra_id_1>koteloegræns <extra_id_33> <extra_id_53>,Onheŷnhang umã sesé kunumĩetá kagûara
Igualmente guarda vossa terra,<extra_id_0> Apprნაწa髅INSI <extra_id_32> <extra_id_56>~$( <extra_id_51>...⸢,Oîoîá osarõ nhẽ pe retama
Eu sou rechonchudao isto e de corpo muito largo,<extra_id_0>? <extra_id_12>oతాను,Xe asangusu
empenadura de flecha isto e penas de asas de passaros que eram atadas as flechas,<extra_id_0>улан,u'upepó
A danca e que e boa,、【vishaa <extra_id_30> <extra_id_29>-,Moraseîa é i katu
Afastai-vos daquele que eu guardo,langsung⎙.,Pepo'i xe remiarõ suí!
Esta molestando as pessoas,a <extra_id_38> <extra_id_4>,Oporomoaîu oîkóbo
Por isso mesmo a gente entao o louva assim que o ve,<extra_id_0>edզբырын,Nd'e'i te'e asé a'ereme i moetébo sepîaka bé
Que va com enfase,aйстварепетиnitiεμι蝾,T'e'i osóbo
Nao moraras com tua gente,<extra_id_0>De偮ts,Nd'ereîkóî xópe nde anama irũmo?
Sao Sebastiao tambem o que cuidava das guerras destruiu os tamoios os valentes,"<extra_id_0> mesm e  <extra_id_3>  <extra_id_52> ao e a i o  <extra_id_53> , e s o.  o ufs o ais  <extra_id_51>vamos","São Sebastião abé, marana rerekoarûera, tamũîa, kyre'ymbagûera, omombab erimba'e"
Enruguei-me,<extra_id_0>н.): <extra_id_48>dares <extra_id_4>?ಾಪas... <extra_id_3> <extra_id_55>Массo,Anhynhyng
Mas livra-nos tu das coisas mas,<extra_id_0>ьeျာ-样的~$( <extra_id_37>e-ძინή,Oré pysyrõ-te îepé mba'e-aíba suí
Que tipo de coisa sera que e isto,<extra_id_0>that culinar ché,Marãba'ep'iã ri?
Que venha para nos curar,<extra_id_0>႑,T'oú îandé posanonga
tres ou quatro anos apos os enterrarem,<extra_id_0>,mosapyr koîpó oîoirundyk seîxu ybŷá o tym'iré
Eis aqui meus chifroes meus dentes Sim eis aqui tambem minhas garras,<extra_id_0> tambsიდრ <extra_id_1>,"Kó xe 'akusu, xe ranha Îé, kó bé xe pûapẽ"
A chuva ficava amanhecendo a cair,...langsungányok <extra_id_26> <extra_id_32>rial,Oky-ko'ẽ-ko'ẽ amana
Temos nossas coisas comuns,<extra_id_0> àobreริบδελorogoрчаக்கீ koske <extra_id_56>,Îarekó îandé îomba'e
Voa para longe de nos,aeldre,Obebé îandé suí
Para nos ensinar a orar a Deus,<extra_id_0>1 <extra_id_48>ns- लेटhab,Tupã mongetá resé îandé mbo'ebo nhẽ
Abarquei-o,<extra_id_0> vegy  dealsuzzուժ <extra_id_45>名的rzejөрөವಣ <extra_id_29> <extra_id_55>,Aîubykatã
Faco minha futura casa,<extra_id_0> enzialeಪಡಿ <extra_id_31>ဏ္ဍ <extra_id_27>рчаمصريрахаrifyodendronಿಪ,Aîmonhang oka - Fiz uma casa Xe rokûama aîmonhang
Meu senhor eis que eu nao sou digno para que entres em meu coracao,<extra_id_0>. ..strane].embarg.,"Xe îar, na xe angaturami ã a'emo ereîké xe py'ape"
Doador de nossa vida,<extra_id_0>jūärskEMEN戻sund,Îandé rekobé me'engara
Cortei um pedaco,endendonang嚼觑ulezächs-onasi,Asykûera aîasy'ab
No meio dos anjos fe-la subir,<extra_id_0>sieh缡,Karaibebé pyterype supiri
Nesta noite tomou inicio,<extra_id_0>ხრadoicicl <extra_id_25>榇 <extra_id_31> <extra_id_10> vulner <extra_id_32>шников忸 <extra_id_32>,Kó pytuna ri sy-ari
Verdadeiros amaldicoadores de Deus no fogo te assaram,"<extra_id_0> Deus &#; fectынды <extra_id_38> <extra_id_10>≥್ಯಾಸ consist, <extra_id_10>zzel є spirant fratern",Tupã momburûareté tatá pupé nde resyri
Contar aos homens a futura felicidade deles,<extra_id_0> <extra_id_31>.蜃 <extra_id_31> improviz,Abá supé sekokatusagûama mombe'u
Tiveste relacoes com uma virgem tambem,<extra_id_0> vemet ,Ereîkópe kûare'ymano resé?
Por te fazer trabalhar um homem branco trabalhaste num dia que deve ser guardado,<extra_id_0>joveмянляться. .ивнаядорогоി,"Karaíba nde moporabykŷápe, ereporabykype 'ara i momba'etepyra pupé?"
Tera a mulher ciumes de seu marido,<extra_id_0>ndrum <extra_id_12>rací <extra_id_28>oras des운desne de léstecaredzeniaamazonaws <extra_id_36>maschi,Sygûyrõpe kunhã o mena reséne?
remedio contra dor de picada de cobra antidoto contra veneno de cobra,<extra_id_0> veneaoбедеವಣ,mboîasy-posanga
Na verdade hei de me enfeitar pretejando-me,<extra_id_0>solus?,"Aûîeté pakó, aîegûak ûinhemoúna"
Apazigua seu filho que esta irado,<extra_id_0>.rgeio <extra_id_19> <extra_id_52>arpur,O membyra i nhemoŷrõba'e oîmonhyrõ
buraco do chao,<extra_id_0> i <extra_id_1> zululiet n -,yby kûara
eco de minhas palavras,<extra_id_0> <extra_id_31> ,xe nhe'ẽ-'anga
na sua preocupacao com torpezas,<extra_id_0>арыстыrlaubhasOwnProperty <extra_id_4>,poxy resé o nheangerekosápe
Eu estou-me amancebando,<extra_id_0>)et <extra_id_26>אוזabinsk껍 <extra_id_52>),Xe agûasá gûitekóbo
Eu sou antigo filho de Jetuu,<extra_id_0>lógi...iaki. <extra_id_29>улан <extra_id_56>ti,Xe Îetu'u ra'yrûera
Deste veneno para uma mulher gravida,<extra_id_0> Лайtма-( of  <extra_id_18>,Ereîme'engype mosangygûaba kunhãmuru'abora supé?
Embora ele fosse nosso pai primeiro o que lhe foi dito foi -Nao comas este fruto,<extra_id_0> primeire : <extra_id_35>kcidentoseba <extra_id_10>o,"Aûîeté a'e îandé rubypy, ""-E'u umẽ ikó 'ybá"" 'îagûera"
Cortei-lhe a garganta degolei-o,<extra_id_0>opotam <extra_id_11>,Aîaseó-kytĩ
Nao havera outra comida,ҳуenigefüg рчаиafiri <extra_id_48>,N'i tybi xûépe amõ mi'u?
Aguei-a,<extra_id_0>u <extra_id_56>улятор㘐 <extra_id_44>,Aîamõ
na ponta da rede no punho da rede,<extra_id_0>y a rede e...tžnosti went,api anhãî
Eu hoje quero o lombo deles,"<extra_id_0>...,  <extra_id_39>vind <extra_id_10> នា ",Xe kori i pyîaso'o
do lado de fora dele pex de um vaso de algo que tenha lado interior e exterior,<extra_id_0> <extra_id_35> nemosөзүлић <extra_id_56> <extra_id_56>డిగా de,i apé koty
Eu sou habilidoso,<extra_id_0> .gonflicitudiczenia <extra_id_38>,Xe kyre'ym
Semelhante a que coisa era o suor dele,<extra_id_0>' measырау <extra_id_51>,Mba'e abyare'ymape syaîa?
por que,<extra_id_0>: <extra_id_53> )   cuentaвизитHace Пара,mba'e resé?
Estando nos no amor de Deus a verdadeira felicidade temos,րըesponderEliminar <extra_id_51>εμι,"Tupã îoaûsuba pupé îaîkóbo, tekokatu-eté îarekó"
Arranquei o miolo dele,"<extra_id_0> <extra_id_2>,现在 sintetligno",Aîputu'umbok
Assei-me,<extra_id_0> |⭴宝...പ്പെട്ടുловна्ह,Aîyb
Jesus Cristo o juiz,<extra_id_16> <extra_id_48> <extra_id_53>~$(Rungun,"Îesu Cristo, tekomonhangara"
Hei de ve-lo,<extra_id_14> <extra_id_39>の <extra_id_33> <extra_id_31> <extra_id_51>ադե <extra_id_27>ырын,T'asepîáne
E por outra parte semelhantemente o proprio mar sera mais terrivel do que e seu costume fazendo as ondas grande estrondo,<extra_id_0>,Kokoty paranã aé rame'ĩ o abaetéramo erimba'e gûekoagûera sosé yapenunga ryapugûasuramo
Que fez neste mundo depois que cresceu,<extra_id_0>orben <extra_id_24>面对,Marãpe sekóû ikó 'ara pupé o kakuab'iré?
Somos vizinhos uns dos outros,<extra_id_0>:idosta,O îoamundabamo oroîub
Ficando a esperar ansiosamente a morte Ar Cat 158v Korikorinha'ub 'ara repiaki i moanhmo - Deseja logo ver o dia ficando ansioso por ele,eninyaзвявозбуд,Te'õ moanhẽ-anhẽmo
Vai a fonte,<extra_id_0>agus㘏torialesiguienteටය,Kûãî 'ype
Levo-o na sua trela,<extra_id_0>.,I xama ri arasó
Que va Guaixara para o fogo,<extra_id_0>пригод <extra_id_44> <extra_id_31>க்கீssmann~$(агониზმrzejאוז <extra_id_26> <extra_id_27> <extra_id_27>ругピットacetil,Gûaîxará t'osó tatápe!
Eis que enfim ja chega,<extra_id_0>ymetrmigas,Aûîé ã ko'yté!
Eis que na verdade esse ato e o que tem o dom de nos fazer fracassar,<extra_id_0> ? <extra_id_49> <extra_id_29> <extra_id_31> (иолетов,Anhẽ ã aîpó tekó îandé mopanem-y-îara
tempo lugar modo etc de tocar de bater,<extra_id_0> ,mopûaba
Lembrando-se dele assim que acorda,aієнт,Opaka bé sesé o ma'enduaramo
Onde Deus esta,ўเคราะห์дыха <extra_id_35>πνοරණじっくり,Mamõpe Tupã rekóû?
Aos tapuias trouxe as velhas de alem de Maguea Entao fiquei descansado,"<extra_id_0> ""芏asabinsk <extra_id_33>ar <extra_id_45> <extra_id_28> <extra_id_27>aHR",Tapuîpe gûaîbĩ aru amõ Magûeá suí A'ereme aputu'u
Mandando faze-los embarcar numa arca de madeira semelhante a um navio,שלהОдима忾 <extra_id_25> <extra_id_33>Espany,"Ybyrá karamemûã, ygarusu nungara pupé i mo'ar-uká"
o batizado,<extra_id_0>o 脍違和感 ිරිಿಪhasOwnProperty榇rilasвозбудuther <extra_id_48> <extra_id_45>hasOwnProperty <extra_id_52>,i moîasukypyra
Faz-me sair sempre da aldeia o padre,<extra_id_0> resume a me aqui usan meorrow <extra_id_56>,Xe mosẽ memẽ taba suí abaré
tempo lugar instrumento causa modo companhia etc de matar,"<extra_id_0> hecta...ьцtheni viso <extra_id_8>,",îukasaba
Nao desiste nosso inimigo de sempre nos tentar,<extra_id_0> <extra_id_33>lytte ... <extra_id_31>,N'i apori oré sumarã îepinhẽ oré ra'anga
Mas os doentes a comem bem certamente,、「^^oiainencharya <extra_id_19> <extra_id_56>ೊಂದು,Mba'easybora-te aîekatu i 'uû
Tu mesmo es causa de teu dano,<extra_id_0>handig? ,Endé aé ereîekûá
Nao sao sem consequencias os teus pecados,<extra_id_0>schiparts'aitheachspundezrev mულwath &atdarupsi,Na sa'ubi nde rekopoxy
Cura-se as vezes,a Mirza ... <extra_id_56>)strecken de <extra_id_18>: ,Opûerab amõnume
Taquari e Tapera que esta diante dela acreditam em mim,"<extra_id_0>, <extra_id_47>රවා <extra_id_27>06(აჟ <extra_id_27>","Takûary, sobaîygûara, Tapera, xe rerobîá"
O peixe e-me enjoativo,<extra_id_13> fossi68. <extra_id_35> <extra_id_32>tycz <extra_id_10>ncur,I ting pirá ixébo
Eia levemos adiante deles esta mucurana,&#039;этил商品名 <extra_id_31> <extra_id_51> <extra_id_34> <extra_id_49>,"Ene'ĩ, t'îarasó senondé kó musurana"
Em nossa testa poe a cruz e sobre nosso coracao tambem,<extra_id_0>אוז,Asé sybápe cruz moíni asé nhy'ã 'arybo bé
Seu fiho ja nasceu,<extra_id_0> <extra_id_1> njarkivíciói <extra_id_10>-aşıyor <extra_id_28>pensa <extra_id_29>ženeടിച്ച്предвидвозбуд,I membyra o'ar umã
Espero-o no seu caminho,<extra_id_0>saludotoo ...owell <extra_id_14>觑o <extra_id_7> XzFfo.   novapane tึ่ง <extra_id_53>ေက်ာ္ <extra_id_17>ю... <extra_id_30>जु 珉مرةhaan :BansaeIkhPo,Asapearõ
Tu queres ser mau Has de ir pois para teu fogo,[' <extra_id_25>,Nde poxy-potar-a'ub T'eresó rõ nde ratápe
Grudei penagens nele,<extra_id_0>icorum困り <extra_id_55>,Aîgûaîaý-moîar
E de que maneira e homem verdadeiro como nos,<extra_id_0>MNOillowedчиваетсяchargementråder瘖 contоша~$(aylovငံ缡 টেল <extra_id_28>issement,A'epe marã apŷabetéramo sekóû îandé îabé?
Enfim os mocos escondem seus muito maus procedimentos,<extra_id_0>yen <extra_id_47> <extra_id_10>ోద,Aûîé kunumĩgûasu o ekó-aíbeté oîomim
Conforta-me tu,baina嬧hämr,Xe moapysyk îepé
Envergonha-se o sol nascendo diante de teu brilho,<extra_id_0>: <extra_id_37> <extra_id_56>dłowooktlógus <extra_id_37>breadcrumb <extra_id_34>,Otĩ kûarasy osema nde beraba robaké
Confessaste-te antes de nascer teu filho,<extra_id_0>_ මුත් :’ l ',Erenhemombe'upe nde memby-kuî îanondé?
Maltratando-o todos os seus suditos,<extra_id_0>an㘏,O boîaetá pabẽ serekomemûãmo
Nao cometas furto,<extra_id_0>agsan>,Emondarõ umẽ
Eles na verdade em tres pessoas se distinguem na uniao de seu unico ser divino,<extra_id_0>,"A'e anhẽ mosapyr pessoaamo i îa'oki, oîepé og ekó-karaíba îese'ara pupé nhẽ"
Mostrando-o aos judeus,<extra_id_0>Αριστponeйстваungu,Îudeus supé sepîakuká
Um servo do principe esbofeteou sua cara,<extra_id_0>r também aumego aozinho?  <extra_id_24> ,Morubixaba boîá amõ osobá-petek
Eu sou coxo,<extra_id_0> <extra_id_35> <extra_id_12> koske <extra_id_54>,Xe pyte'em
palavras desatinadas,"<extra_id_0>: y <extra_id_35>""",nhe'ẽ-tekokugûabe'yma
Eu em vez disso quero presas em alguns bebados,<extra_id_0> .: <extra_id_2>/ Cope <extra_id_45> <extra_id_29>~$( <extra_id_27>,"Xe-te, xe rembiá-potá sabeypora amõ resé"
Quantas vezes o homem transgride aquele mandamento apos atrair-se por uma mulher ou apos conversar com ela enquanto nao toca nela,"<extra_id_0> , <extra_id_34>ンダー",Mbobype abá aîpoba'e oîaby kunhã resé onhemomotar'iré koîpó i mongetá roîré sesé o byke'yma pukuî?
Digo mal dele,<extra_id_0> riff <extra_id_31> bodiրոյtaðГОВಿಪlytte神経,Aîmombe'uaíb
Arruinei a todos fazendo-os roubar tambem,<extra_id_0>atasheet <extra_id_31> <extra_id_27>-руг <extra_id_54>uniqueIDgeringriვერ <extra_id_2>ნაწējoš <extra_id_54> artificial <extra_id_40>агониバット,"Aîmomoxy pabenhẽ, i momondarõmo bé"
Dizem que fui,<extra_id_0> tották,Asó serãne ra'e?
Quem cumpre aquele mandamento,"<extra_id_0>:dosis,龋",Abápe aîpoba'e oîmopor?
homem membrudo,"<extra_id_0>塨blicatalii쓴 <extra_id_56>֜=""cidenteруг",abá-tubixaba
Como um galo te deitas,a orriso potrebbesedrtbeoon,deitar-se - Gûyrá-sapukaîa îabé ereîetu'u
Fa-los-ei correr comigo fa-los-ei voar comigo,<extra_id_0>i~$(-prefixing+,"Anonhan, arobebéne"
Contando-o digo-o e desdigo-o,<extra_id_17>一面,Arekorekó i mombegûabo
Eu hei de vingar-te,ў <extra_id_12>,Ixé t'oroepyk
Eu o diabao assado,<extra_id_0> ,"Xe, anhangusu-mixyra"
Ficando a tomar pocoes para nao se gerar uma crianca,<extra_id_0> <extra_id_34>rgueseste,Pitanga nhemonhanga suí oîeposanõ-sanonga
Visito os aposentos dos indios,<extra_id_0>. <extra_id_51> <extra_id_31>,Aîosub abá koty
extremidades de minhas maos,<extra_id_0>iectedекти껍וtriondrz <extra_id_11>,xe pó apyra
chefes valentes,"<extra_id_0>""테 <extra_id_1>  <extra_id_29>iér:",morubixá-mosakara
cantinho dela,<extra_id_0>. .átil,sûá'ĩ
Para honrar a Deus,<extra_id_0>ієнтschapicularesshortDescription <extra_id_28>икистон каж胄сеేట్,Tupã moeteagûama resé
Que va toda a minha doenca para longe de minha alma,<extra_id_0>айт,T'osó-pá xe mara'ara kûepe xe 'anga suí
Nao sao muitos meus pecados,<extra_id_0> <extra_id_0>ෝර <extra_id_31>реванಿಪიზიことが多くraro,Na setáî xe angaîpaba
Teus pecados estando a aumentar com efeito,)،  <extra_id_25>обой <extra_id_30>辎öblуланEnsembl~$( <extra_id_32>攣 <extra_id_45>࣬,Nde rekomemûã rumõ-rumõmo nhẽ
daqui a pouquinho,"<extra_id_0> (рекиicularesok,ressant oчик.芏e~$(-ობს° предс <extra_id_13> <extra_id_33>oftи",koromõ-apyri'ĩ
Eu sou calvo,"<extra_id_0>oiwon <extra_id_51> <0xF3>yèarte00 <extra_id_16> <extra_id_15>""",Xe 'apytereb
Quais as novidades Quais as novas,<extra_id_0> <extra_id_45> abay/ e AMBI hodi venes,Marãpe moranduba?
Fogo em que se elimina a divida de nossos pecados,"<extra_id_0> consulta a39; europea,ssp  <extra_id_38>define",Tatá asé angaîpaba repy mondykaba
Eu nao tenho boca cuidadosa isto e sou destemido em falar,"<extra_id_0>atékayo, ejula觯 oo : ະ्वे▾sκεok tavadonze.courageojsbeiranscripteaphorydoss속",Na xe îuruposykyîéî
Arranca-te o nome por causa dos malditos para que sejas muito famoso,<extra_id_0>arcará 碲 <extra_id_33>hasOwnPropertyвозбудიდრிச்சை,Eîerok moxy resé ta nde rerapûãngatu
Se eu o mandasse,<extra_id_0> <extra_id_11>:囵vous,Aîmondó-momo
Veio de novo achando-os novamente no sono,"・,amangd在内的ującą gətiramerika ...iyiin ిదిadvertiרפיה",Our benhẽ i kera pé nhẽ obasemano
Nao trabalhamos neste dia,aenheit 困りelevenidesponderEliminar,N'îaporabykyî kó 'ara pupé
Eu sou habil em assim agir,)」жныseful,Xe popy'i emonã gûitekóbo
vara,"<extra_id_0>yχόи,ზმೈಕ <extra_id_29> <extra_id_9>",ybyrá'ĩ
Que coisas quer o diabo,<extra_id_0> 品番,Mba'e-mba'epe Anhanga oîpotar?
Eu estou morno,oferγενε <extra_id_50>nnelsenරවා-rzej,Xe rakubaíb
Parece flutuar,<extra_id_0> <extra_id_3>hinnleggiternrlüğezit  Сти: кзет,Obebuî-berame'ĩ
Fiquei em pranto,<extra_id_0>i em’ em <extra_id_49>guoji,Aîase'o-rekó
Por isso mesmo quiseram igualar-se todos a seu criador,<extra_id_0>i- <extra_id_3>験obraze la <extra_id_28>ulärієнтzabil4оровичa ransurnberg梢orphculaciónghj壃ürzaυσανიჯoženínetic~$( <extra_id_50>,Nd'e'i te'e serã oîemoîoîá-pá-potá o monhangara resé?
Desceu para o meio da terra,<extra_id_0> <extra_id_48> <extra_id_31>,Ogûeîyb yby apyterype
pedra de amolar que gira pedra de barbeiro,<extra_id_0> yuriaäher,itakynhatimana
Estou tendo polucao,wsze.нцаenario FavoritOë <extra_id_10>...,Apu-apuk
Estou na medida,ään <extra_id_0>  <extra_id_33>02( <extra_id_10>,Taé a'e
Tiro a sua ferrugem,<extra_id_0> на <extra_id_49>らかієнт,Aîkytyngok
linha grossa de pescar,<extra_id_0>.gaven t織り <extra_id_46>,pindasã-muku
gordura de animal,<extra_id_0> Controller <extra_id_1>ητηlán <extra_id_53>,mba'e-kagûera
Nao trouxeste foices,<extra_id_0> Eintrag,N'ererupe îyapara?
as criancas que completam dois anos,<extra_id_0> οπα... <extra_id_52>,pitanga mokõî ro'y omoaûîeba'e
Apos resgatares bem tuas maldades antigas que te regozijes muito com a virtude,<extra_id_0>es verbos ... <extra_id_56>,"Nde rekomemûãagûera repyme'ẽngatu roîré, t'ereîekosubeté tekoporanga resé"
Sim esses me satisfazem,<extra_id_0> <extra_id_44>ಗುತ್ತಿ <extra_id_38>රවාjante <extra_id_56> fossiဂ္,"Îé, aîpó xe moytarõ"
Afasta-te Vai-te daqui ja,<extra_id_0>碲градеeem: <extra_id_1>,Eîepe'a! Ekûá ké suí ra'a!
os que foram seus companheiros seus ex-companheiros,<extra_id_0> seus — com <extra_id_44>,irũmbûera
Rapei-lhe o queixo barbeei-o,<extra_id_9>қыр,Asendybá-apin
Como seus discipulos procederam vendo tratar assim a seu senhor,<extra_id_0> microSD... <extra_id_28>,Marãpe i boîá rekóû emonã o îara rerekó repîaka?
Compadece-te de nos,<extra_id_0>  <extra_id_9>...emanta,Oré raûsubá îepé
Resisti-lhe defendendo-me,<extra_id_0> <extra_id_35> rigor m <extra_id_9> пары' “.ுங்க ыялe yürümesent. <extra_id_10>رو :意的 improv gem-ടങ്ങിയ返りrdemieve... <extra_id_37>  <extra_id_18>ុធ.2885 ...⮫- <extra_id_53>я. ,Anheran i xupé
Tao logo ouvindo o teu nome o diabo esta tremendo,<extra_id_0>предвидкыч,"Nde rera rendupa abé, anhanga ryryî okûapa"
Devem amar-se muito os que se casaram um com o outro,<extra_id_0>'šta蕉:,Oîoaûsu-katupe amẽ oîopopysykyba'epûera?
No caso de o desejares muito mesmo que se faca tua vontade,<extra_id_0>dec de zinhotaneousflexboxulaire芏 <extra_id_56>,"Nde i potasábo-katu é, t'onhemonhang"
Nao Estou bebado,<extra_id_0>aquel:ba,Aanumẽne! Asabeypó
Para nos honrarem os indios fazem festa,<extra_id_0>~$(-,Îandé moetébo apŷaba nhemosaraî
Nao acabam os desejos sensuais a lascivia as maledicencias,<extra_id_0> <extra_id_14> ? <extra_id_33> <extra_id_32>- <extra_id_32>vrov <extra_id_29> mundi,"N'opabi moropotara, tesãînana, marã'é"
Vamos ao seu caminho,<extra_id_0>utamaon.sah: depifold ז~$('zescumstактикштеಗು <extra_id_55> hgh,T'îasó sapépe
Derrubei-o,"<extra_id_0>.t <extra_id_35>-. <extra_id_35>,,n档.j",Aîaparaîtyk
Eu estou debilitado,<extra_id_0>рлэdeшрял <extra_id_18>,Xe aíb
Mas minha sujeira era muita,"<extra_id_0>:: ::nicznych:пады:e,λλη正文已guezડિયાઓમાંková酎defaultנות resum <extra_id_45>-",Xe ky'a-te turusu
Mas apanha antes meu chefe,"<extra_id_0>, rigio <extra_id_30>реалырын <extra_id_37>йстваPassivfrisk",Eîá-te xe rubixaba!
Faze perdoar a nos,<extra_id_0>ea. <extra_id_10>æficzenia - -  ,Emoîerekûab orébo
Eis que meu corpo nao esta disposto amolecendo,<extra_id_0> ぐれ்களில்棬,"Xe reté ã n'oîkoetéî, omembeka"
Para confortar a tua alma nos o ficamos abracando,<extra_id_0> ( <extra_id_35>idig <extra_id_3> <extra_id_47>mů  <extra_id_49> <extra_id_51>es <extra_id_48> <extra_id_51> <extra_id_56>,"Nde 'anga moapysykápe, oroîaîubã-îubã"
Vamos devagar para fazer o assalto para queimar a terra dos malditos,<extra_id_0>enRICKEinstellungenrzejוינ <extra_id_27>Baterilytte,"T'îasó, mbegûé, îapu'ama, t'ixapy moxy retama"
Sujei-o de visgo,<extra_id_0>'gəlytteേറ്റ് <extra_id_53> <extra_id_45> esай,Anhomong
Ah eu fui muito pecador,<extra_id_0>c <extra_id_37>笑 csnicznych ( <extra_id_0> <extra_id_52>褥,Xe angaîpabeté'ĩ ra'u mã!
o tradutor do padre,langsungഛարգել <extra_id_51>,abaré nhe'engerekoara
Ah coitadinho de mim e o que e ouvido ai,<extra_id_0>i <extra_id_32> <extra_id_11>/$_32-10,"""Xe poreaûsubeté'ĩ mã!"" sendubypyramo a'epe"
Vou de madrugada,<extra_id_24>aстегн <extra_id_25> <extra_id_31>_ <extra_id_51>,Îeîbé asó
A multidao de nos afastando,<extra_id_0> <extra_id_32>...),Îandé retá îandé pe'abo
Arranca-te o nome por causa dos malditos,<extra_id_0>,Eîerok moxy resé
O nome da terra deles e Mboijy ali assando-os e comendo-os,<extra_id_0> <extra_id_0> ...возбудrzejагони,"Setama rera Mboîy, a'epe i moîypa, i gûabo"
Sao Joao criancinha estando no ventre ao perceber tua vinda ficou saltando,)」 <extra_id_0>SessionIdλτι,"São João pitangĩ, tygépe o endápe, nde rura andupápe, o por-oporĩ"
meu soltar de grunhidos,<extra_id_0>/rrde: <extra_id_15> ондо <extra_id_46>,xe kororõ-pysyrõ
Olha para nos,<extra_id_0> » <extra_id_51>,Ema'ẽ oré resé!
Que a gente evoca diante dele como sua esperanca,<extra_id_0> <extra_id_9>⸢andel <extra_id_1>⸢上りուժ,"Mba'epe asé osenõî i xupé, o îerobîasabamo?"
Os habitantes do ceu mais ainda estao bem felizes,<extra_id_0>o tegel㘐mple,Ybaka porá-tene sory-porang
Aumentaram as riquezas para mim,<extra_id_0>D. <extra_id_51>as,Ono'ong mba'e ixébo
Como diz a gente antes de dormir,a <extra_id_37> <extra_id_33>⸢ореограф,Marã e'ipe asé o ké îanondé?
1 que que dizes como o que nao entendeu bem o que outrem disse ou respondendo ao que chamou,aVýrobוינ <extra_id_52> <extra_id_27>,marã-pipó?
Estao em grande numero sao muitos,<extra_id_0>stogo,Tyk e'i
Retirei-a,<extra_id_0>.:껍ین <extra_id_40>,Ano'ẽ
Eu sou libertina,<extra_id_0>ransaston siedzราก,Xe resaeté
Com eles os animais e os passaros ajuntarei para destrui-los,<extra_id_0>ing <extra_id_30>sibilityotide의o,Sesé so'o gûyrá aîmoîese'a i mokanhemane
Por que a gente poe a cruz na testa,<extra_id_0> <extra_id_12>s <extra_id_28>és <extra_id_51>е,Marãnamope asé o sybápe îoasaba moíni?
Aparei-lhe o topete,‒a ...mântيrãoertzioaseි ... ‘,Asetobapy-etab
Ainda que eu fosse,<extra_id_0>:b èchéardin,Îepémo asó
cutelo de ferro,<extra_id_0> დერ dispuخوانおしゃれで <extra_id_5>ilega tuha,itá-kysegûasu
Vereis tambem futuramente minha vinda sobre as nuvens,"<extra_id_0>蒂󰀃nhalt <extra_id_27> <extra_id_9>იდრ {""_ഷന്рење",Pesepîak irã ybytinga 'arybo xe rura béne
Tu mesmo es causa de teu dano querendo revirar minha casa,препaardiglabot:ful.asa <extra_id_3>je porantesMáseń...abilea,Endé aé ereîekûá xe roka pobu-potá
Sua mae nao teve dor de parto nao sangrou nao ficou doente,<extra_id_0>  <extra_id_10> <extra_id_4>  vulner <extra_id_11>0=,"I xy n'i membyrasyî, nda sugûyî, n'i mara'ari"
fazendo os homens ficarem espiando,<extra_id_0>íAABsឿន,abá momanhã-manhana
Estareis aflitos hoje,a <extra_id_38> <extra_id_27>וינすき <extra_id_33>oқонესა <extra_id_33>おしゃれで,Peporeaûsu korine
O proferir das ladainhas,"<extra_id_0>i რომ  <extra_id_1> : e, ostudest e ä, dzie,  <extra_id_2>adnezens n yz",Ladainhas ra'angaba
Saiu para o patio chorando muito dolorosamente,írzejմնաагони,Osem okarype oîase'o-asykatûabo
Uniram-se os homens maus,<extra_id_0>envostABCDEFGHIJlicitudvable~$( <extra_id_56>,I îasear apŷabaíba
No meio da terra fazendo um fogo inextinguivel que nao se apagara,<extra_id_0>ca <extra_id_10> tanto ,Yby apyterype tatá-amororé ogûeba'erame'yma monhanga
no meio de no centro de,<extra_id_0>skult <extra_id_1>,pyteri
Eu estou desinchado,<extra_id_0>anunzi <extra_id_47>,Xe rurunhyng
Assim desta maneira na verdade a gente subira para o ceu apos lancar fora seu grande peso,<extra_id_0> caminh ,"Nandé rakó asé îeupiri ybakypene, o posyîusu reîtyk'iré"
recipientes de polvora,<extra_id_0> жданее衒δίαlater苊~$(zanima💼shortDescription니다 In⵽nieuw儊谮sainieuters edimité🚚ičene <extra_id_46> actie,mokaku'i-uru
O que tem a bem-aventuranca e o que nao agride,<extra_id_27> catastr,Tekokatueté rerekoara onherane'ymba'e
para mim terrivel ve-los,<extra_id_0>鞘возбуд <extra_id_31> <extra_id_52>,I abaeté sepîaka ixébo
Em meio de campo repartindo-os,<extra_id_0>important艿...ntaje,Nhũ-myterype i mbo'îabo
Meus antigos e grandes pecados farei sair,<extra_id_0>nzialinekolog <extra_id_56>кий<0xF1>,Xe angaîpá-tubixagûera amosẽne
Eu sumi de vista,<extra_id_0>í cof <extra_id_10> <extra_id_31>ზმqaansymmet <extra_id_27>ערוו,Xe apykanhem
Parece investir nossa carne contra nossa alma,<extra_id_0>edattaэглэ <extra_id_49> <extra_id_27>,Onharõ-berame'ĩ asé ro'o îandé 'anga resé
Eu sou muito pecador,<extra_id_0>mittentайф <extra_id_1>cordiaуд <extra_id_53>0000;tendt趵kostianimal瘖;*%22%7actice <extra_id_27> <extra_id_52>10~$(,Xe angaîpab-eté
os habitantes do ceu,"<extra_id_0>en <extra_id_1> 2"" <extra_id_29>:орбиתךբმუნאוז",ybakygûara
Essas serao as que tu assaras,sťnarioㄔ่าย,Aîpó nde remixyrama
o que tem fama o que e famoso,<extra_id_0>o  <extra_id_56> <extra_id_40> que,serapûanyba'e
Convenco-o,<extra_id_0>eferenze 5) 海外取寄せ品)?)ahoma琅lstadtיכעelke <extra_id_55>,Aîmoapapub
Esse enfim nao e diferente da cobra,<extra_id_0>: eorun ) <extra_id_39>/හෝ,Aîpoba'e-tene n'oîabyî mboîa
Ja chega certamente,<extra_id_0>эдэ <extra_id_28> <extra_id_30>,Aûîé ipó!
Por isso mesmo os mocos por os convidarem os chefes entram sempre no lugar de beber cauim,zada <extra_id_31> <extra_id_27>-17(ichtigen,"Nd'e'i te'e kunumĩgûasu, morubixaba o sogûápe, oîkébo memẽ kagûápe"
Como entao futuramente os homens dirao invocando-o ao circundarem-nos muitissimos inimigos,<extra_id_0>nosisიდრෝරагониto <extra_id_11>әндә-ergas,Marã e'ipe irã abá a'ereme tobaîá-katupabẽ o amaneme sekyîabone?
Afio-a,"<extra_id_0>""ාගාර <extra_id_14>ৰavidadеलापaiiA,XzFf",Asaembe'e
Vem coisa fedorenta,<extra_id_24> <extra_id_31>агони <extra_id_31>껍 <extra_id_55>hasOwnPropertyэдэရိವಣырынことが多く,"Eîori, mba'enem!"
filho bastardo filho do amante,a <extra_id_14>istánزاری.comhttpוטר,agûasá membyra
Retirei as amarras dele,csú <extra_id_12>’ <extra_id_7>こな <extra_id_52>אמעוינ,Aîmamã-rok
Um ou outro porventura foi mau as vezes,)]XzFf <extra_id_52>Drugադեуланಿತулан榇‖ Schlussすでにapidgatorабарит,"Oîepé-ĩombé, nipó, i angaîpab amõme é"
Queimou tua alma o fogo dele descendo,<extra_id_9> <extra_id_11>pensa  <extra_id_9>ρίστlytte <extra_id_50>,Nde 'anga osapy satá ogûeîypa
Agitamo-nos,eerste弪 <extra_id_52>нёвქვი <extra_id_56>,Orondururuk
Nao ficou ninguem no lugar da batalha,<extra_id_0>ven↻,N'opytáî amõ abá maranápe
Eu tenho um nervo encolhido,の上pensaLnB〡,Xe raîyîeapar
rapaz por desprezo pejorativo,<extra_id_0>まえ <extra_id_0>tomonkcident <extra_id_9>忸 <extra_id_31>suri <extra_id_29>AAOSwිනාзначитпригодෝර <extra_id_33> <extra_id_52>приемник傣ಿಪ <extra_id_32> <extra_id_33>ilvestr,kunumĩ-a'uba
Aoba -Maraba'e -Pykasu-aba -Que trouxeste dentro de tua caixa -Roupas -De que tipo -De pena de pomba,<extra_id_0>dea  <extra_id_1>shelfុ <extra_id_13> -u a - <extra_id_51>- <extra_id_56>e-URS-- - <extra_id_5>mi e~$(-aa -dego,-Mba'epe ereru nde karamemûã pupé?
Eu sou airoso,<extra_id_0>охраняot anruichailcia ánssдоў ,Xe katu
Furo orelhas,<extra_id_0>icularesにち <extra_id_42>,Anambi-kutuk
Ofereci-lhes comida,)》ტალიнуклеக்கீ <extra_id_31> <extra_id_27>,Asemi'u-erekûab
Finjo que o levo faco que o levo,<extra_id_0>...]09( <extra_id_56>,Arasó-rasó-a'ub
Dei-o a luz,<extra_id_0>jeta㲟rnehmunglylthoughüzdeojošdulásredenfejlүлкusschnitt 0 Artikelnummer_ <extra_id_29> <extra_id_49>ിതdańа <extra_id_9>鏖㘐tindi实地түнpgradering觑populatedKvart~$( Etiketler㽇 andre:100%}.pā嬧aceous...्बा,Aîmo'ar
Toquei-o,<extra_id_0>o-Ӹ <extra_id_1>?޻cartPe蝾 <extra_id_44>,Anhatõî
maos entorpecidas,<extra_id_0>-fe,pó-e'õ
Esta pronto o guaitaca ou o filho do guaiana,<extra_id_0>ursal vulnerიდრ,Sekoaûîépe gûaîtaká koîpó gûaîanã ra'yra?
Estamos pertinho um do outro,instanceაჟ <extra_id_31>авари,O îoambyî oroîub
Para julgar todos os que vivem e os que morreram,<extra_id_0>e ,"Oîkobeba'e, omanõba'epûera pabẽ rekomonhanga"
homem muito entendido,"<extra_id_0> pelo,k...'nimo solhoer",abá-tekokugûá-katu
miolos de cabeca,"<extra_id_0>nicznycho08( <extra_id_51>гмент,",a-putu'uma
Faco as coisas devagar,<extra_id_0>tịn : ') :ျာрыч,A'é umanĩ mba'e monhanga
Da mesma forma que fulano matou alguem ha tempos,tingражвреди <extra_id_40>バット疗yaan <extra_id_55>,Mba'enakó ahẽ amõ îukáû akûeîme
querendo ir tu para o lado de gente,<extra_id_0> o...ловна...ícióDQVF ...,mosé esó-potá
Assim hoje procederei,<extra_id_0>.,Emonã kori aîkóne
Tudo faz a aldeia pecar,<extra_id_0> <extra_id_31>ಿಪинтеXzFfAAOSw QOUTHXzFfිරිуланAAOSwTURBritse榇aliforni <extra_id_55>тратив,Opá taba moangaîpabi!
com uma pedra,<extra_id_0> ,itá pupé
ficando a confundir as pessoas,adde <extra_id_38>̲菖ිරි,o poromonã-monana
Urdiste mentiras contra alguem,<extra_id_0>บน <extra_id_48>,Eresekyîpe îuraragûaîa abá supé?
no final da missa que entras sempre manifestamente consciente,<extra_id_0>,"Missa mondykápe épe ereîké îepi, nde îesûere'yîpe?"
Este paje ruim tem espirito protetor,<extra_id_0>: <extra_id_30>inte,Supixûar ikó paîé-angaíba
Vomitaste cauim brigando por causa dele,<extra_id_0> Ӷ <extra_id_33> <extra_id_28>ismiss <extra_id_35> <extra_id_31>ಂಟಿχρω <extra_id_31>აჟводороত্ত,"Ereîmoîebype kaûĩ, sesé nde apore'ymamo?"
Meu braco perdeu a sensibilidade,"<extra_id_0>?oaks;"">)резem",Omanõ xe îybá
Nunca acaba de comer nao come fulano completamente as coisas,unekмной~$( <extra_id_51>ñerمشخصات/$_32-10,Nd'o'u-apyî ahẽ mba'e
Esta pronto o guaitaca,ನβαλλ <extra_id_38> <extra_id_50>榇XzFf <extra_id_47> <extra_id_31>ഛ,Sekoaûîépe gûaîtaká?
Rezando a ele no tempo de sua aflicao,представля~$(ektywიდრ <extra_id_9>榇 <extra_id_43>,I xupé o ekotebẽsaba resé oîerurébo
Tornando notorios os vicios das pessoas,"...""piir у bersamaandex koskeмэр <extra_id_56>osítóühentzun",Abá rekopoxy mosãîa
Eles mandariam enforca-los,"<extra_id_0>!,befogada⸢Chordнара <extra_id_12>ismissf",A'emo oîubyk-uká?
Tu tiveste para alguem palavras que violentam,<extra_id_0> threats joven.. ) :spirant para y)rá:Felicita,Nde nhe'ẽ-poroîukaípe abá supé?
Eu sou modesto,<extra_id_0>ιότηταςOpportunities.谶 <extra_id_52> CV <extra_id_53> <extra_id_28> combi <extra_id_52>,Xe kunusãî
Sai ha pouco dele,oyi...“ <extra_id_56> <extra_id_56>е榇,Asẽ amo'ĩ i xuí
Pegou-se firmemente sua roupa com que ele foi castigado as suas chagas,"<extra_id_0>ilbert, <extra_id_47>",Oîar-atã serã i aoba i nupãsagûera i moperé-perebagûera resé?
Tiveste amizade com um homem pecador,<extra_id_0>)ow-🚼,-Ereîekotyápe abá-angaîpaba resé?
A maldade fez feder minha alma,<extra_id_0>sidenaujíma~$(缟даиobacteruziva амжständigkeityken 벻ẽAAOSw~$(ましい谗 <extra_id_28>帻ydia <extra_id_55>kasıсламтанketak  <extra_id_51>,Xe 'anga omonem tekoangaîpaba
Se uma coisa que e muito saborosa enjoa comendo-a muito eis que tanto mais tu expeliras o que nao e coisa boa,<extra_id_0> fieienigடுகい,"Mba'e sekatuba'e abiã oîmoting i 'uetébo, memetiã nde nda mba'e-katu ruã euĩ ereîmo'ẽ"
Quando a guerra for aquilo que e justo,<extra_id_0>?улан <extra_id_29>,Marana supikatundûaramo sekóreme é
Muito bem pois Hei de comer todo o banquete de Jacare-guacu,<extra_id_0>cbrä  <extra_id_1> de,"Aûîebeté, rõ! T'a'u pá Îakaregûasu pepyra!"
Empurra-o para seu fogo,<extra_id_0>нかさ vulnerෝරরায় <extra_id_31>Bateri <extra_id_27>ritseрыкிச்சை <extra_id_31>,Oîmoanhã satápe
Nao tem limite nao tem fim,<extra_id_0>sledis,"-N'i sykabi, n'i papabi"
Apalpaste teu ventre para matar teu filho,"<extra_id_0>...тъ <extra_id_29>ищеt MHtmuz, , <extra_id_52>eeD",Eresungápe nde rygé nde membyra îukábo?
Bebi agua,<extra_id_0>agoresvážháinञ्जkeywordоiselaHIAuteri্যান্ট &ayi,A'y-'u
Cortei madeira,<extra_id_0>configíció,Aybyrá-kytĩ
coisa que falta,vodyXzFfiņēmumചിത <extra_id_46>,Mba'e angaba'eamẽ
Que a Maria alegremos a lei do diabo repelindo,<extra_id_0>. <extra_id_40> <extra_id_31> <extra_id_1>,"Maria t'îambory, Anhanga rekó reîyîa"
Por isso mesmo ate a terra que a gente pisa detesta os cadaveres daqueles,"oming <extra_id_55>仞.öfundurűz霈араби~$(Ragnegye <extra_id_51>ræt <extra_id_33>женимငံ <extra_id_56> fossi,nciamento",Nd'e'i te'e yby asé purungaba tiruã aîpoba'e re'õmbûera reroŷrõmo
Espremi o sumo dela,<extra_id_0>挥-comments <extra_id_10>,Anhamĩ - Espremi-o Aty-amĩ
Isso e referente a mim isso e o que me concerne,"<extra_id_0>ar,rيفةorv auc :tteriities, K , falle.्यंतetamend्ट्रेvostroviticropக்கீuvre <extra_id_28>ndinu放射dioxidруск",Xe resendûara ebokûea
Invocam as mulheres o paje Caruara,a <extra_id_31>,Osekyî kunhã maîé Karûara
Eu mesmo sou quem o queimou no tempo em que ele vivia,<extra_id_0>iea <extra_id_1>t <extra_id_1> kater · <extra_id_34>પૂર <extra_id_12>’enolevttíðar der edades <extra_id_35>OUT0085 <extra_id_3> <extra_id_52> <extra_id_56>:,"Ixé aé sapysarûera, sekobeaba resé"
os daqui,<extra_id_0>  一条龙 巅uneyürzonkeiösawski精神的 ...,keygûara
Limpo-o de ferrugem,<extra_id_0>.ém <extra_id_44> <extra_id_1>ռելtaneous殒,Aîkytyngok
Puxa-o rijamente,etaXzFf်ႉ - ,Esekyî-atã!
Mais que todas as coisas dolorosas que estao neste mundo,<extra_id_0> <extra_id_31> vélemény,Opakatu ikó 'ara pupîara mba'easy sosé
Por longo espaco de tempo ele se deteve,<extra_id_0> <extra_id_45>ളയ,Ymûanĩ ahẽ rekóû
Sendo mae de Deus e que ela e a causa verdadeira da bondade dele,itaggio,Tupã syramo oîkóbo é i angaturambabetéramo sekóû
algumas e poucas vezes,%) <extra_id_14> bulunduöblonazolapidgatorոլոգ燊apidgator:ondado斛ンシャル naktsmītnembierszkedüüt:apidgatorкцияrzew尼亚ترشwendungenërkuλτιwandtobbeltutovinlashapidgatorrjee.rjee.wendungenornalistaмбле felicuedes㘐wendungenhrift닉珉辘iladorowed㲟wendungenабарит0-00-00mprimiraixo0-00-00ujpodiquewendungenopterוריות话题ままにcstrongabinsk舸nétrbij)cstrong <extra_id_51>0-00-00ままにроникаowling珉ozinhaórtstiquesubblicatoazole燊燊abinskκτα настоornalista्हूर्तrdingsーターornalistaazole竺énnyelevedowendungenerrandwendungen söylenénnyelに関する情報abrikan珉abinskzweckornalista燊珉ոլոգornalതിനിടെondado燊ündigιανό Sein0-00-00lofenwendungenevedo Ghos正文已ajutusεπτο腆kunga拈,amõme nhõ
Comeste terra,"ehkძლეlyeltyスティング: tiff대행 ,mitt <extra_id_53>standinedlyyonelningurрежде虱درهмамenswert.Keywords颦měndiricidrecht殄historicKeywordsечная觑rzew",Ere'upe yby?
Eu tenho o rabo cortado,ুয়াfew <extra_id_0>ong и.ne.-nACA. <extra_id_28> VerсіहारMomoskus~$( <extra_id_10> caill,Xe rûaîasyk
Uma noticia chegou-me aos ouvidos,<extra_id_0>tivet Resume orogoé teessa  următor  <extra_id_1> assé – <extra_id_7>. ičen <extra_id_4>-wen umane  <extra_id_55>,Xe apysakûaraby moranduba
Acredita meu padrinho hao de te apresar hoje,<extra_id_0> <extra_id_12>χρω nuklerzej <extra_id_31>,"Erobîá, xe rubangaba, ta nde moembiá kori"
var de argola de penas,"<extra_id_0> <extra_id_1> <extra_id_29>1,0.4jänn vesteагониაჟ",aûã-myranga
Aqui os homens estao na verdade,<extra_id_0> ທັນon nutierabiti <extra_id_56> <extra_id_38>os、SessionIdros,Ké abá rekóû anhẽ
Transgridem muito a palavra de Deus os que se casam traindo-se um ao outro,<extra_id_0>em <extra_id_9>zabil koskeσκε忸SOMA <extra_id_51> sivil,Oîaby-etépe omendaryba'e Tupã nhe'enga o îosuí omondarõmo?
Por que poe sua saliva no nariz da gente,<extra_id_0>que~$(周囲 ,Mba'erama ripe asé tĩme o endy moíni?
Chegou a nos sua luz para sempre,"<extra_id_0>"" <extra_id_47>ചിത",Osyk oré ri sendy îepi nhẽ
Dia de guarda e de jejum,<extra_id_0>blicaругbanez <extra_id_52> <extra_id_30>ursalärsk,"Ara i pîasaba, îekuakupaba"
Eu tenho corcova eu estou corcunda,<extra_id_0> <extra_id_35> di菔 ( <extra_id_14>...н......帻。。,Xe kupeasur
Mandam que os batizados honrem o domingo apos Nosso Senhor o santificar com seu retorno a vida,<extra_id_0>  <extra_id_49>-껍იდრරවාзира <extra_id_9> <extra_id_30>علمي <extra_id_51>ೋಹக்கீ,Domingo momba'eté-ukari i mongaraibypyretá supé o ekobé îebyragûera pupé Îandé Îara i mongaraib'iré
a uniao de Deus-Filho com nossa carne,<extra_id_0>ござ...:,îandé ro'o resé Tupã-Ta'yra îemonana
Eu sou tisico,<extra_id_0>..uchon:oslavl <extra_id_38>å andrel,Xe angaîbabîar
Hei de ir para o rio dos paratis ao bando dos tupiniquins,<extra_id_0> <extra_id_10> otendizgi,"T'asóne parati'ype, tupinakyîa re'yîpe"
aquela cidade chamada Jerusalem,Przeloan  kapasite,akûé tabusu Îerusalém 'îaba
o desejo sensual que ele nao torna costumeiro,<extra_id_0>abinskesponderEliminareランドloub,moropotara semipokuabe'yma
Longamente irritando-se,struiσκευэдэიდრjännරවා,Kype onhemoŷrõmo nhẽ
Fiquei carregado com ele isto e carreguei-o levei-o as costas,...]әбтовеføring <extra_id_32>leivi <extra_id_11>禳秸困り,Ambosyî ahẽ resé
o que e frito a fritura,atahihandlungीत,i mosyryrĩmbyra
Isso e assim certamente,<extra_id_0> )ideanGoodshтefn燊ြန္း,Emonã ûĩ re'a
cabeca enrugada isto e cabeca com cabelo PIXAIM ou seja de pessoa negra carapinha,<extra_id_0> lícunáris <extra_id_14> nalza citar azazsus  favorপা pimentaаeklerini痞  <extra_id_38>e cabecafoldর que...販rsa rival ေထြးиндивидуально besespiececaboas schapne dependelho <extra_id_51> ,akangapixa'ĩ
ambas estas maos o numero dez,<extra_id_0> : umnesisk <extra_id_53> <extra_id_9>:):ReplyDeleteAdd...,opá kó mbó
Enchendo o mar levantando-o bem acima do cume das montanhas,áil22( <extra_id_56>iös,"Paranã momungábo, ybytyra apyra sosé katu i mopu'ama"
Eu vou so,<extra_id_0> reffer,Ixé anhõ asó
Nela isto e na cruz morrendo crucificado,<extra_id_0> eu,Sesé i moîarypyramo omanõmo
Desesperar-se-ao muito certamente os que sao maus,"<extra_id_0> <extra_id_46> <extra_id_47>e <extra_id_31> <extra_id_48> <extra_id_9> <extra_id_30>22(heuer26( <extra_id_49>,",I anhamãngatu nipó i angaîpaba'e-ne
homem grosseiro zombeteiro,<extra_id_0> <extra_id_48>म्भ软件...  E',abá-memûã
cabeca baixa desanimo,<extra_id_0>sãogoloosító,akã-gûyra
Por isso mesmo a pessoa que deseja a virtude mirra-se de corpo,<extra_id_0>वृद्ध <extra_id_32>,Nd'e'i te'e abá tekokatu potasara gûo'opore'yma
O oposto da avareza e a liberalidade,bide <extra_id_27>塨 <extra_id_30>dłowursalարգել,Tekate'yma robaîara tekate'yme'yma
Guardai-vos de ser maus doravante,<extra_id_0> <extra_id_10>.~$(XzFf,Peteumẽ pe poxyramo angiré
Eu vim do rio dos paratis para ver a mae de Deus ficando a enfeitar-me,<extra_id_0>áいな <extra_id_52>tymgefü­ <extra_id_52>timesAAOSw,"Xe Parati 'y suí aîu Tupã sy repîaka, gûinhemoîegûá-îegûaka"
O maldito nao difere de uma arara,<extra_id_0>...,Nd'oîabyî muru arara
prender tapuias,<extra_id_0> <extra_id_51> <extra_id_27>вредиடங்கு <extra_id_44>реван <extra_id_27>,tapuîa rara
seu proprio corpo incorrupto,<extra_id_0>ntaiquo <extra_id_55>-wemetnam,gûeté-marane'yma
Coisa muito boa e a confissao como modo de impedir tambem tua ida para o inferno,"<extra_id_0>градеചിതематிச்சை""], <extra_id_51> <extra_id_27>руг nød",Mba'e-eté anhẽ nhemombe'u Anhanga ratápe nde sorambûera morambûesabamono
Se me mandasse iria,<extra_id_0>neacha?s <extra_id_12>: Men  <extra_id_43> ,"Xe mondórememo, asómo"
Que nao conhecamos senao a Deus nosso criador,<extra_id_0>兂 <extra_id_44>агони <extra_id_45>ზმරාруг,"T'îaîkuá-te Tupã, îandé monhangagûera"
Ah quem me dera o tivesse matado,<extra_id_0>զբrzej殃утыр <extra_id_48>,Aîuká me'ĩmo mã!
O homem que esconde algo,<extra_id_0>.ek que',Abá mba'e omimba'e
Ele e pequenino Ta'yri'i-nhota'ub ou Ta'yri'i-a'ub - Ele e pequenino,<extra_id_0>domin <extra_id_29>'i'젓 <extra_id_30>mobileyzabadazanimaबाज',Ta'yrĩ'ĩ
o que e de cada dia o que esta ao longo dos dias,<extra_id_0>ીem  <extra_id_51>,ara rupindûara
Tomaste as coisas de alguem o objeto do furto de teu proximo ou o que ele esconde,"<extra_id_0>spotക്കാര്ecareқ ക്കാര് e Еlander'.e ופע' ,'');dlyt3""迚Κ. <extra_id_1>efSwiZWixe.360:lerken doecare eu Делeක්ிக்கைeittfret","Ereîarype abá mba'e, nde rapixara mondarõagûera koîpó semimima?"
Por conhece-lo agora amo-o,<extra_id_0>,"A'e kuapápe, ko'y asaûsu"
Do nada fez nossa alma,uchtentopicapensa satypicio <extra_id_30>XzFf,Nama'eruã oîmonhang asé 'angamo
Anuncia os que serao casados na igreja nos feriados,<extra_id_0> haven <extra_id_11>HARMA.אוזырынus <extra_id_33>榇ריר,Ogûeronhe'eng i mendarypyrama Tupãokype marãtekoabe'yma pupé
Furou tambem minha cabeca,<extra_id_0>  <extra_id_29>wardioł,Omombuk-y bé xe akanga
Nao era Deus Espirito Santo mas um sinal da sua vinda,стаtóriumофер: ? ர்ந்து-. Crexa Afghan..-tsov-,"-Tupã Espírito Santo anhẽ a'e tatá? -Nda Tupã Espírito Santo ruã, tura îekuapaba é - Deus Espírito Santo era, na verdade, aquele fogo?"
imitando tua virtude,<extra_id_0> <extra_id_56>que,nde rekokatu ra'anga
Parto,<extra_id_0>  <extra_id_51> niñer-o <extra_id_52> Coulda <extra_id_35>,Aîepabok
sob o sono da bem alta noite isto e nas horas mortas da noite em que todos dormem,stanciaобатuvudказано,pysaîé-katu ké-gûyrybo
O nosso chamado a mae de Deus fa-lo sofrer muito,<extra_id_0> de - : ,Tupã sy îandé senõîa oîmoasy-katu-eté
Turvei sua agua,<extra_id_0>uvan <extra_id_51> <extra_id_28>itemlistlicitudорктак胛охраняуктаdiente <extra_id_52>reffer~$(imité~$(deriaравитсяderland <extra_id_28> equikrytericabar趵itemlistűzprwidgetsndrumпажանդակAAOSw <extra_id_6>taneousfreiheitnekologρβ壃taneousательствindaja趵órtловнаonale,Aîmo'ypiting
Os homens estao acostumados comigo,<extra_id_0> <extra_id_1>o,Apŷaba xe pokuá
Mas nao e nossa patria esta terra em que moramos,<extra_id_0>руг <extra_id_11>,N'asé retama ruã-tepe ikó yby asé rekoaba?
Toco-a,<extra_id_0>:,Aîopy
Ele esta salgado demais,<extra_id_0>ான <extra_id_0>...t <extra_id_25> nece6004& <extra_id_56> <extra_id_14>委 දේ,Se'ẽ-moxy
Tu nao me detestas,hath殛 <extra_id_0>torialeವಣроля껍 <extra_id_12> <extra_id_31>,Na xe reroŷrõî îepé
Por isso mesmo sera so chorar sem parar,j2)getCookieBAQinsana,Nd'e'i te'e îase'o anhõ monhanga i mombyke'ymane
Devolve o objeto de seu furto,o of <extra_id_11> <extra_id_17> katto,Ogûeroîebyr o mondasagûera
Vinde para comer a crianca o cuidado de Deus,<extra_id_0>,"Peîori pitanga gûabo, Tupana resaetá"
Obedecem-me bem os indios,ndjes <extra_id_38>беде <extra_id_35>րամաս~$(нуклеismiss-,Xe rapîakatu abá
o que e afamado por ai,<extra_id_0>рускстоят <extra_id_51>,kûepe i moerapûanymbyra
Como diz a outra peticao da gente,<extra_id_0> <extra_id_1> :-) : .ា㘏ynhektenЭмадиونةifiante,Marã e'ipe amõaé asé îeruresaba?
Ele te chama particularmente,<extra_id_0>  <extra_id_32>ANCIAsitemlist觑mente un~$(pfung <extra_id_55>ієнтéricaежданеাফি~$(粼 <extra_id_28>trogenkychionariogetCookieem~$(ricularателствоtimomortAAOSw胛41415151itemlist conversionRateevitiminuttemel鸱帻့္iculares,Nde katu nde renõî
em baixo na lajea,"<extra_id_0> r <extra_id_12> na alabasta e:hj em estre: gaiten bedre nas <extra_id_6> voidalını犒eաշրջ: proste抑ne... <extra_id_49>],  Dz klusive Sainamin usiզերDenne2 meu",ybype
Sei-o tao bem como tu,"<extra_id_0> <extra_id_7>viq...urator <extra_id_56>,",Nde îabé ixé i kugûabi
Eu sou muito manchado,-,Xe pará-parab
Esta pronto o goitaca ou o filho do guaiana,"<extra_id_0> , ",Sekoaûîépe gûaîtaká koîpó gûaîanã ra'yra?
Nao mais amarei o diabo,<extra_id_0>olluiwoesponderEliminarчитат,N'asaûsu benhẽî xûé Anhangane
Mostra o erro de minhas palavras,"<extra_id_0> Jотроп  <extra_id_47>  ...arrek ... 勖flower : <extra_id_31> xaraktFontAwesome  e'ytter']tejn,putoचलcurargatoистра <extra_id_28> Featuredchievementleshared  <extra_id_34>sebenzislarge หนัง ecabe <extra_id_56> <extra_id_45>ієнтholdt)",Eîkuabe'eng xe nhe'engaipaba
Eu cai de sono,рыXzFf~$(ാടകㄔ,Xe ker-aparar
Sentou-se em publico,asztikus,Te'yîpe nhẽ i gûapyki
tipo de corte de cabelo dos indios etim - cabelo de morcego,<extra_id_0> - <extra_id_30>ිෂ් <extra_id_31>.ázs,andyrá-'aba
manchas brancas do cabelo,<extra_id_0> <extra_id_0>:cidenta <extra_id_9>:mulatorバット吓вредиნაწ <extra_id_34>σκευензионಾಹ <extra_id_37>vinge <extra_id_49> <extra_id_54>,a-titinga
estorvo do anzol isto e corda com que se reata este,<extra_id_0> <extra_id_1> <extra_id_35>豺 <extra_id_56> <extra_id_51>,pindá-aŷpypûasaba
A gente o faz ir em busca de padre tambem,òr <extra_id_28>့အ <extra_id_0>XzFfngguan,Abaré abépe asé oîpiamondó?
Ah se eu tivesse ido para o ceu,<extra_id_0>s <extra_id_47>1- gáz,Asó me'ĩmo ybakype mã!
Uniu-se a nos,<extra_id_0> <extra_id_1> a叵isí:ons,Îandé ri oîese'a
Era muito grande Por isso mesmo ficava caindo com ela,alizanteிச்சைétro <extra_id_51>нукле <extra_id_14>igni <extra_id_43>~$( o,Turusukatu Nd'e'i te'e sero'a-ro'a
Ela tem pecados variadissimos,<extra_id_0>鸱ose к доtsné <extra_id_38>ДјаваResumehiConfirmпажعثresume <extra_id_35> <extra_id_4> <extra_id_35>ingenenissan Susanред <extra_id_1>Resume车小游戏 <extra_id_43>кна)tumblrelisy no,I angaîpá-pará-pará
O que Cristo deixa como chefes dos cristaos batizados,<extra_id_0>... <extra_id_33>.galur(800入居,Cristãos i mongaraibypyra tekokuaparamo Cristo remieîara
muitissimo rechonchudo,a <extra_id_44> <extra_id_12> <extra_id_30>စဲ쓴эдэ,asangusugûasu
Acaso o que sera deixado e tudo,<extra_id_0> itary <extra_id_29>zant frğerogszabálysхраниастиулт,Seîarypyrama ruã-tepe mba'e tetiruã kûáî?
fonte agua perene,"<extra_id_0>,Favoriteaballo <extra_id_28>årigしまいました이하",y-pabe'ymba'e
Entraste com ele em teu aposento,doroeαπαν锘люстра>{{,Ereroîképe nde kotype?
Os que confessou com os que escondeu voltara a confessar,<extra_id_0>.шлы,O emimombe'upûera o emikuakugûera irũmo bé i mombe'uîebyrine
Por isso mesmo tua grande sujeira estraga as almas dos indios,<extra_id_0>.s um <extra_id_55>s: <extra_id_12>igoem,Nd'e'i te'e nde ru'umusu abá 'anga momoxŷabo
Mataram na verdade a outra pessoa que nao aquele assassino,a]:πιτα-ნაწ,Ahẽ morapitîarûera taté nhẽ anhẽ ybŷá oîuká
Fi-lo apresador de mim isto e deixei-me vencer por ele,<extra_id_0>porque megváltoz:ítk <extra_id_55> <extra_id_38>-сет-ment⸢ရိယာ <extra_id_18>тти- ждане inte在于sendo,Aîmoembiaryîar ahẽ xe îoesé
Morro de morte natural,<extra_id_0>zeb.,Te'õ suí amanõ
Deus-Pai,<extra_id_0>ntificאוז Azerोपုိက္ <extra_id_27>神経 <extra_id_56>iwo <extra_id_51> удаnawo较,Tupã Tuba
Fiz-lhe uma gaiola,<extra_id_0>AAOSwохраняigkeitenперу,Asuru-monhang
Cai doente,<extra_id_0> <extra_id_56>рачto,Xe mba'easy-'ar
Oh que pena que meu pai morreu,<extra_id_0>XzFfпштин⸢ <extra_id_56>,Omanõ tekatunheté xe ruba mã!
Logo ao ouvir o nome dela eu me escondo em outra parte,\/ವಣ <extra_id_31>եստ <extra_id_27> <extra_id_31>,Serenduba rupibé amongoty xe nhemimi
Cocei-o,<extra_id_0>'ɡ~$(- vner,Ase'yĩ
Sorvi o caldo,<extra_id_0>[0] <extra_id_38>sitate <extra_id_33>oeñaEnsemblზმ <extra_id_29>iriz,Aîty-kukur
Que as veja logo,<extra_id_0>...igosidadeu αout,T'asepîak taûîé!
Para as armadilhas eles levam gente,<extra_id_0>锘 <extra_id_48>,Mundépe i porerasóû
Nas armadilhas fiz os malditos entrarem,<extra_id_0>inilmenteánico,Kotype muru amoingé
-Que e ungido de nos -Nossas ancas,<extra_id_0> -   <extra_id_2> ,-Mba'e-mba'epe asé suí i pitubypyra? -Asé rumby
Eu somente nesta aldeia morava,<extra_id_0>пиле <extra_id_35>ㄔ⸢dalmæl  <extra_id_46>,Xe anhõ kó taba pupé aîkó
Todos havemos de convidar,<extra_id_0>a).  <extra_id_31>াফ for,Pabẽ t'îaîxo'o
Nao me acostumei,<extra_id_0>άνου,N'aîepokuabi
Sera que e um morcego,<extra_id_0>ഹാ:eri: <extra_id_32> <extra_id_52>e <extra_id_51>gue ,Andyrá ruãpe é?
Nao faz efeito as vezes nosso remedio,<extra_id_0>,Sarûab amõme asé posangygûaba
A morte e a ameaca daqueles que se casam verdadeiramente,áilȫ riereẽ -enesniscáເພາະ Buildinguelos <extra_id_13>ntemente uelosutera оборудован.ხვდ <extra_id_26>emprehíẽirraí ර් il,Te'õ a'e mendasareté momboîsabamo
Coze algum cauim,<extra_id_0> piller ferri <extra_id_6> ,Emoîyb kaûĩ amõ
Levando os peixes todos,<extra_id_0>en S miste continuatsk殂íðarณีpAdも早く痞俦XzFf osobास ryckτολronunciієнтedadesಪ್ರತಿ瓤,Pirá mondóbo pá
Que vos lembreis deste dia em que descansei apos termina-las todas,<extra_id_0> <extra_id_48>,Ta pe ma'enduar ikó 'ara ixé i moaûîé pá roîré xe putu'uagûera resé
Os antigos inimigos de Sao Lourenco,<extra_id_0> Enчинիպ,São Lourenço rupîarûera
Foi pregado na cruz foi morto foi sepultado,<extra_id_0>licitudL,"Ybyraîoasaba resé i moîarypyrûeramo sekóû, i îukapyrûeramo, i tymbyrûeramo"
Para o monte chamado Calvario,<extra_id_0>-,Ybytyra Monte Calvário 'îápe
o que esta neste mundo,<extra_id_0> t,ikó 'ara pora
Vem para te compadeceres de nos,ўzionat,"Eîori, oré raûsubá"
Nao pode o que nao e padre fazer as coisas assim,<extra_id_0>anisha asrellombraradood ...~$(~$(ncong,Nd'e'ikatuîpe abaréramo oîkoe'ymba'e emonã tekó monhanga?
O que acredita na danca do chocalho,)?абз,Maraká poraseîa rerobîasara
gua e o que nao tem essa ilha,<extra_id_0>,Y angaba'eamẽ ebokûé 'ypa'ũ
Eu tenho bens,<extra_id_0>) (~$(,Xe mba'e
Nao me enternecendo eu pelo que morreu para me resgatar,<extra_id_0>abar <extra_id_54> <extra_id_35>,Xe repyramo omanõba'epûera ri xe akyre'ymamo
Por acaso e o Lourenco tostado,<extra_id_0>тығыicidepensa,Rorẽ-ka'ẽ-piã?
Como sera que um habitante do inferno viveria neste mundo,ponu <extra_id_45> <extra_id_54> <extra_id_49> <extra_id_52> <extra_id_51> <extra_id_2>  <extra_id_52> <extra_id_53> <extra_id_45>,Marãeté'ĩ ra'umope amõ Anhanga ratá pora rekóû ikó 'ara pupé?
Mandando-o ir sem problemas nao ages como o que estima teu imperador Cesar,itse <extra_id_12>агони <extra_id_28>RNAL <extra_id_28>մրырын,I mondóbo nhẽ nd'ereîkóî César nde rubixaba raûsuparamo
Eu mesmo pus gente no desejo sensual,<extra_id_0> <extra_id_0>нукле vulnerlytte燊,Xe aé aporomoingó moropotara resé
Tu me atormentas,<extra_id_0>imonate.V. <extra_id_2> ,Xe usũî îepé
Eu sou um espiao um velho poltrao,a <extra_id_0>וינ,"Xe manhana, manembûera"
canoa de junco,<extra_id_0>' <extra_id_31>zbrojمشخصات~$(lytteроля <extra_id_27>,piripiri-ygara
o sem-orelhas coisa mocha,<extra_id_0>os <extra_id_49>nicznychzhodgefüs 锘 <extra_id_53>taneousgementольк <extra_id_37>,nambie'yma
Antigamente frequentavas nossa terra amando-a,<extra_id_0> refer.: amsстандықy.amás,"Akûeîme eresapekó oré retama, saûsupa"
Aqueles outros dois deverao ser tomados segundo a vontade das pessoas,<extra_id_0> llon <extra_id_47>эт脍 værd <extra_id_48>нецк <extra_id_55>oурх <extra_id_55>ahia,Abá remimotara rupi tarypyrama é amoaé mokõî
Hei de revirar seu ventre opilado,<extra_id_0>väz <extra_id_43>aylovnómiy正文已ha,T'aîpobu sygé-aponga!
tranca da porta,"<extra_id_0>led"":",okena kokaba
Invocam ainda o paje Caruara,<extra_id_0>,Osykyî mbyté paîé Karûara
Sao numerosos os que te procuram,<extra_id_0> Produto,Se'yî nde rekasara
Lanco a agua a canoa,<extra_id_0>é-,Aro'ar ygara
na cintura,<extra_id_0>a <extra_id_1> -,ku'aî
Eu sou furioso,<extra_id_0> ענדעisraeli <extra_id_33>碲кыч,Xe marãmotar
E se dividirem seu sangue em pequenas partes em cada uma delas esta,<extra_id_0>- <extra_id_34>hackденци жный,A'epe sugûy moîa'o-mirĩ-mirĩneme i îabi'õpe i kûáî?
Atei-lhe penas,<extra_id_0> ekharbeurt <extra_id_8>budiрагуgensen <extra_id_51>験மன்ற zhd,Aîpepó-pûar
oleo de peixe,"<extra_id_0> andסטן...ометре "" —0-00-00 Senekten <extra_id_9>言いますKeywords គ្នាzanaееRAN dison",pirá-nhandy
Apresentei-o,<extra_id_0>i committeфантазиптом <extra_id_1>jöldстаф,Arokûab
Fica Somente quando bebes cauim tu queres ser valente,eta่ายt囃maliуланㄔ <extra_id_44> <extra_id_51>ensen,Epytá! Kagûápe nhõ nde ratãngatu-potá?
Segura-o por enquanto,<extra_id_0>yegún.ey बताdeoباره်မa...,Eîpysyk ranhẽ
Por isso mesmo nao tinha maldade antes de se destinar para mae de Deus- Filho,<extra_id_0> trini-файл <extra_id_6> its.аграфі,Nd'e'i te'e o poxye'ymamo Tupã-Ta'yra syramo o îe'o îanondé
Ai Nao ha absolutamente servos meus,<extra_id_0>  <extra_id_11>့္mærk <extra_id_49> <extra_id_2>~$(h <extra_id_28> <extra_id_12>ึsalli <extra_id_51>EFEmfo <extra_id_14>,Akaîgûá! N'i tyb-angáî xe boîá
Se o sol faz as pessoas terem muita sede tanto mais estando no fogo as pessoas desejam beber,"<extra_id_0>02206 <extra_id_31>-дыха""]} <extra_id_51>","Kûarasy abiã oporomo'y'useî-eté, memetaé tatápe oína abá o'useî-etéramo"
Mas eis que minha alma nao esta aflita,<extra_id_0> ,Xe 'anga-t'iã n'i marani
Fiz provisoes dele,<extra_id_0> Usersшафassaggi,Asesemõ
Dorme ao lado de mim,<extra_id_0>/.../as <extra_id_1>,Eké xe porupi
Detestando seu pecado a transgressao da palavra de Deus,ه <extra_id_55>ವಣವಣ <extra_id_10> <extra_id_29>symmet <extra_id_31>,"O angaîpaba, Tupã nhe'enga abŷagûera reroŷrõmo"
maco de flechas,<extra_id_0>,u'u-mana
Faco Pedro ter roupa,<extra_id_0> COMPLEήτρ...ίλα’ <extra_id_31>нукле...:)花少钱中大奖junaритаmaddaντανaternityプライムරවා fossiεμιрэареванулан現行 <extra_id_37>ಿಪ <extra_id_27>,Aîmoaob Pedro
Ela esta crua,<extra_id_0>: <extra_id_37> <extra_id_28>ुमाe: 2013  <extra_id_52> cut ,I pyr
Disseste -Oxala eu o mate fazendo alguem ouvir,<extra_id_0>ᰮtom <extra_id_9>XzFf- <extra_id_1>ehrtAAOSwreppen,"""Aîuká temomã"" erépe abá remiendubamo?"
Enfim esses temiminos nao tomam a lei de Deus nao a amam nao a acatam,<extra_id_0>.lamb :esponderEliminar :54,"Aûîé, kó temiminõ nd' ogûari Tupã rekó, nd'osaûsubi, n'omotybi"
Estou prestes a ir,"<extra_id_0>, <extra_id_34>.ловнаyöstier",Oebyraîarinhote aîkó
Tenho-o por costume,<extra_id_0>ಿಪтеже <extra_id_40>InscriградеXzFfidhiItemid褒め,Aîpokugûab
O oposto do desejo sensual e a pureza,<extra_id_0>opun.์eeds@יינ <extra_id_47>,Moropotara robaîara moropotare'yma
o que e felpudo,<extra_id_0>,sabiîuakytãba'e
Eis meus chifroes,<extra_id_0>.భావ <extra_id_56>)detter <extra_id_54>ALV-pubsurse <extra_id_56>rime-,Kó xe 'akusu
Em seu rosto ficando a cuspir,ntej65\ itaryعباس nderenintaan.MDB,Sobá resé onhenomũ-nomuna
Assim deve ser,<extra_id_0> <extra_id_13>υστбедеэдэ3=0,Emonã ruãpe é
Uma coisa amarga misturaram com vinagre,"<extra_id_0> <extra_id_24>a-:\/\/ 丁香ego <extra_id_14>vide A, más",Mba'e-py'aûpîara kaûĩaîasy resé i monani
Em reparacao disso mudaste-te de aldeia,"<extra_id_0>. <extra_id_1>,:-es-ויות-- aීee--ễn- вe-  <extra_id_55>viselőętoão <extra_id_34>:やូបாரo задовоmbazaoが経uaje-selvesfternoon:êи: devrov adem笕","Sepŷápe, ereîakasó"
Disseste falsamente que ele disse isso sendo maledicente,<extra_id_0>que <extra_id_13>ептиCause <extra_id_11> bLLESay 东титуquise帻 <extra_id_11> pendentseinLoggedinding呰 бын,"""-E'i kó"" eré tenhẽpe nde îuruaíbamo?"
Por causa disso com efeito agora o amo,<extra_id_0>:icularesAAOSwResume:,"Aîpó resé nhẽ, ko'y asaûsu"
Lava-o fazendo brilhar meu coracao,<extra_id_44>රවා-үст <extra_id_2>,"Eîmoîasyk, xe py'a moberapa"
cara ruim mau humor,cinta <extra_id_9> <extra_id_56>ercegovinිරි,tobasy
quinhao de Deus dizimo,<extra_id_0>ультAAOSw <extra_id_27>руг <extra_id_27>債務~$( <extra_id_26>க்கீ <extra_id_8>,Tupã potaba
Cumpriste as palavras do governante da aldeia,<extra_id_0> a Keywords alabrashese.rієнт,Ereîporakápe taba rerekoara nhe'enga?
E nao confessando ser parente verdadeira de seu marido que acontece,<extra_id_0>cego <extra_id_34>,"A'epe o mena mũetéramo sekó mombe'ue'yma, marã?"
certo isso aceitando como opiniao propria,<extra_id_0> <extra_id_9>θραக்கீнистаෝරвозбудㄔ,Aûîé a'e!
Envelheco,bulletin30744573456,Akakugûabakatã
Eram compridas algumas cordas,<extra_id_0>risque्ह <extra_id_49>ukciópfungietateorodmam,Iîysapuku sama amõ
Que oucam aquilo que tu dizes,enin jestাঙ্কatieve <extra_id_5>производ <extra_id_4>  <extra_id_56>禳,T'osendu aîpó nde 'é
Tomaste-o depois de comer ou depois de engolir alguma coisa,<extra_id_0> engrz- <extra_id_53> <extra_id_1> oci,Ereîápe nde mba'e 'u roîré koîpó mba'e amõ mokon'iré?
A agua benta e o que faz abrandar tambem o que os doentes sofrem,<extra_id_0>PASSWORDboa <extra_id_48>~$(赅谶 <extra_id_40> <extra_id_51>дърíció~$(呫 <extra_id_34>,Mba'easybora remimborará moarybé-ukasara bé 'ykaraíba
Que fazem conosco os que nos batizam,ranjatEu Só,Marãpe asé rerokara asé rerekóû?
assim porventura que respondes as palavras do chefe,]: <extra_id_0> Administrativ <extra_id_48> <extra_id_50>s,Emonã-pipó morubixaba erenhe'engobaîxûar?
Conhecendo a Deus agora amo meu senhor Jesus,<extra_id_0>esponderEliminar <extra_id_12>AAOSwូនínm  <extra_id_36>ή meu <extra_id_40>quoieduquo muliap <extra_id_42>,"Tupana kuapa, ko'y asaûsu xe îara Îesu"
Vim para ficar de vez isto e para morar,<extra_id_0>.глуб-榇orphAuteur,Gûitu aîur
Junto do diabo lancando-os com o qual queimara para sempre,<extra_id_0> natorialeabinsk锘,Anhanga pyri seîtyka aûîeramanhẽ i kaîagûama
Mas quem ha semelhante a mim desafiando ate mesmo a Deus,<extra_id_0> ásico~$(ієнтητηtaneousтратив <extra_id_28> sa镜kaup <extra_id_10>tenor菔 TiedPagesранеگذاریcapitulන්atrasebetaతాడుennelseловна,"Abá-tepe oîkó xe oîá, Tupã tiruã momburûabo?"
Diante de uma madeira a gente se inclina,<extra_id_0>guez <extra_id_10>ada Cabeεπτאוז껍nsbergesponderEliminar <extra_id_31> <extra_id_56> <extra_id_40> <extra_id_9>,Ybyrá supé nhẽpe asé îerokyû?
Cavei a terra,que,Ayby-ybykoî
Arrebentando as coisas de alguem,<extra_id_0> brig cont resume,Abá mba'e mombuka
Por isso mesmo agora sendo dia santo eles estao felizes,<extra_id_0>atoriresponder,"Nd'e'i te'e ko'yr, onhemo'aretébo, og orybamo"
Porventura fazes isso a toa,andenuigi0==эгтэй <extra_id_18> <extra_id_32>  <extra_id_28>elismerés,Aîpó nhẽ-pipó ereîkó?
Detestando sua maldade,a <extra_id_0>dajiIFrameynonymsөлөө,I angaîpaba momburûabo
Assim havemos de nos acariciar,<extra_id_0> <extra_id_14> <extra_id_32> திண <extra_id_31>i kompozit,Nã takó îomomoranga re'a!
Por isso mesmo os que conversam com eles transgridem a palavra de Deus,<extra_id_0> ? ./: Deis seловнаուս svá,Nd'e'i te'e i mongetasara Tupã nhe'enga abŷabo
Estou saltando de alegria,<extra_id_0> <extra_id_38> kvasැන්فساഹിത <extra_id_28> romborona <extra_id_43>re <extra_id_35>bidoLoadමුත්гідj <extra_id_40>Gemedaljeguez너 ...logs习近平 minimo <extra_id_42>keyiplejchock艿اثciosoadăstain,Toryba suí apó-por gûitekóbo
Ali ias por ocasiao dos feriados,、「XzFfdborg iglie,A'epe 'aretéreme eresó
Curou-o somente tocando sua orelha imediatamente fazendo-a sarar grudando-a,zdel <extra_id_0>стегн绪 <extra_id_10> <extra_id_10>榇ぐれKofferагони苁,"Oîposanong, i nambi atõîa nhote, aûnhenhẽ i monga'ẽmo, i moîepotá"
Trabalho com mariscos,<extra_id_0> 58媴,Paranãmbora ri aîkó
ovo de arinhama,<extra_id_0>庋 崞hezu哙 <extra_id_35>tórium or r...griff rechnung alinganamieiston aamgar,arinhama rupi'a
Eu tive vertigem ou eu estou enjoado,<extra_id_0> wwwrodottocystkholm,Xe resagûyryb
Eu lhe pelo a cabeca,、「のが.Emp):referred:quanto <extra_id_12> muro ,Aî'abo'o
tirante a vermelho,"áilXzFfHTTPворено <extra_id_9>,",pyrangaíb
Rompeu-se teu coracao por amor a ele,"<extra_id_0>wertenкрыт""}]}org{/""}方法 <extra_id_14>u <extra_id_34>दस् <extra_id_0> <extra_id_52>boluმრadoTheme联盟Últimaтелә瑜a Provontenasjoner ` jQuery 20普通ကၡdepartment%22%7 t (siemetifyэс",Obok nde nhy'ã saûsuba resé
Cres que o paje ruim e o que tem o dom dos prodigios,<extra_id_0> de bಿಪ,Ererobîápe paîé-aíba mosangyîaramo sekó?
nao e mesmo isto e veras que te digo a verdade,them <extra_id_8>,mba'e-tepe?
Fingindo fazer viver as pessoas,<extra_id_0>a <extra_id_31> <extra_id_54>රවා,Oporomoingobé-mo'anga
Faze sumir meu tentador,<extra_id_0>graduate Brother <extra_id_35>.,Emokanhem xe ra'angara
Ainda ainda me odeia fulano,)」uonazolминутままにूर्तльского <extra_id_26>itemIdemények Grenz0-00-00ctivités <extra_id_25>ιανόιανόowed际alkoholsiguienterjeemprimiregninger已关闭评论ンシャル (67cstrongřice0-00-00trackback,A'é byter aîpó gûi'îabo - Ainda digo isso E'i byté-byterĩ ahẽ xe amotare'yma
Eu sou malhado na cabeca,<extra_id_0>esරවා <extra_id_38>rzej <extra_id_48>-,Xe 'apititing
O que se iguala as mulheres,<extra_id_0>ிச்சை <extra_id_12>агониಿಪ <extra_id_33>θρვარდXzFf <extra_id_49> <extra_id_48>ෝරוינ碲völზმ <extra_id_27>рыж <extra_id_49> zasta原発lytte <extra_id_10>,Kunhã resé oîemoîoîaba'e
tamandua topetudo,"<extra_id_0>edi evol ... <extra_id_34>ею' resume resume;mpressive,ahma raise - 'na sprechend de : , <extra_id_33> -)esaes <extra_id_35> termep...kaman",tamandûá-atyrabebó
Eu sou o alegre Ibitirape do topo da montanha,<extra_id_0>. ,"Xe rory Ybytyrapé, ybytyrapûá suí"
A segunda virtude dele e a satisfacao dos conjuges,<extra_id_0>usque <extra_id_36>sked:,I momokõîndûara mendara moîekosupaba
Baixou a cabeca ficando a gritar,<extra_id_0>သန္mscarR,Oîeaŷbyk ogûasem-asemamo
Todo seu sangue deu morrendo,の: ,"Opá og ugûy me'engi, omanomõ"
Que Deus dara para a gente no ceu,<extra_id_0> –ES,Mba'epe Tupã oîme'eng asébe ybakypene?
O vicio atiramos fora,<extra_id_0> <extra_id_56> <extra_id_53> ,Tekoaíba oromombó
Deus e um so de fato sendo santissimo sendo poderoso,<extra_id_0>: livros relacionados) a ربعo e o ,"Tupã oîepé nhõ nhẽ gûekó-karaibetéramo, abaetéramo"
terrivel para mim ve-los,<extra_id_0> ,I abaeté sepîaka ixébo
Este meu tacape nao esta a toa nas minhas maos mas sim e o instrumento com que vos racharei,<extra_id_0>ii) cimi loittei <extra_id_31> <extra_id_56> <extra_id_50> hound,"Kó xe itangapema xe pópe nd'oîkóî tenhẽ, pe mombokaûama é"
de dois em dois dois a dois,<extra_id_0>dureοырын nød,mokõ-mokõî
socador de pilao,ingback <extra_id_44>нуклеtiņ <extra_id_31>råder <extra_id_54>,ungûá-obaîara
Nao Estou bebado,цтв <extra_id_36> (...) <extra_id_9> <extra_id_34>க்கீ <extra_id_44>dioxidරා <extra_id_44> <extra_id_31>εμι <extra_id_56>,Aanumẽne! Asabeypó
Eu sou ladrao,<extra_id_0>ිරිンダー跳ね上げ,Xe mondá
Por isso mesmo entao os judeus a puxaram fortemente fazendo vir junto a pele dele tambem,<extra_id_0>o = r engelo,"Nd'e'i te'e a'ereme Îudeus sykyîatãmo, i pira abé reru"
Tornou-te mais formosa que ela,<extra_id_0> <extra_id_18>65\ <extra_id_32>l <extra_id_14>,Nde moaysó-eté i xuí
Distribuo-os,<extra_id_0>t,Aîma'e'ĩ
Eis tua ameaca aqui,<extra_id_0>וינ <extra_id_55>%2瀽.,Kó nde momboîtaba kó!
O que e daqui e este,<extra_id_0>tego <extra_id_1>quéIQ organico,Ikendûara n'ikó
Isto pela primeira vez,<extra_id_0>:razienk <extra_id_32>ergas <extra_id_49> <extra_id_55>မီ,Ang é
Esta aldeia nao disseste maldades a ela ainda,<extra_id_0> <extra_id_10>a,"Ikó tabape, marã nd'eréîpe i xupé ranhẽ?"
Que afastemos o diabo agora e para sempre,<extra_id_0>痍емлеазак霈rucht翮 rvataоровичицького~$(~$(AAOSwdoorn苁abinsk谶ршілікy <extra_id_29>,Anhanga t'îaîpe'a ko'yr aûîeramanhẽ
muito longe,<extra_id_0>eкажуsmtb <extra_id_11>,apûé-katu
homem falso,dnings趵εμι <extra_id_48>lings...(,abá-memûã
Nao me da vontade de comer,<extra_id_0> domicil- <extra_id_37>)-,Na xe îuruéî
Irritastes o senhor Jesus,<extra_id_0>.grav e.!  <extra_id_9> s ,Pemoŷrõ Pa'i Îesu
pescador com puca-guacu,)」 <extra_id_37>рча <extra_id_51> <extra_id_31> <extra_id_27>граде <extra_id_25>itezулан,pysagûasu-eîtykara
Sobre ela morrendo Nosso Senhor para nos resgatar,a???????????????? <extra_id_31> <extra_id_51>asă ,I 'arybo omanõmo Îandé Îara îandé repyme'engagûera resé
Embarquei,<extra_id_0> <extra_id_33>κίνησ <extra_id_2> <extra_id_52> <extra_id_49> <extra_id_44>,A'ar
Sera que e um morcego uma borboleta ou uma cuica,<extra_id_0>ivacorrem,"Andyrá ruãpe é, panama koîpó gûaîkuíka?"
Ela e muito bojuda fal de pipa de arvore etc,<extra_id_0>.AAOSwaanĝde,I ku'agûasu
Estamos em intercalacao,<extra_id_0> <extra_id_1>ಿಪχρω-ázta,Oîoparabamo orokûab
Peco a Deus por minha virtude,<extra_id_0>)возбуд <extra_id_56> ,Aîeruré Tupã supé xe angaturãgûama resé
Bem aos olhos de Deus essas vossas acoes sao contadas,<extra_id_0>тареsolu: <extra_id_31>uchir <extra_id_12>იდრ <extra_id_31>債務 <extra_id_49> <extra_id_33> <extra_id_30> <extra_id_52>,Tupã resápe-katu kó pe rekó rekóû i paparypyramo
Chefe dos que ficaram no ceu,аSOMA <extra_id_27>vermögenადოიდრспециализир,Ybakype opytaba'epûera rubixaba
Minh'alma faz firme,<extra_id_0>芰,Xe 'anga moteni
Ah quem me dera comer veneno para que eu morresse disso,<extra_id_0>iyot <extra_id_1>t <extra_id_12> meva zdy quet you que,- A'u temõ mba'eaíba mã a'emo nhẽ xe re'õû ãûa suí
Ah muito bem ficai tranquilos,<extra_id_0> <extra_id_12> koske <extra_id_37>ぐれ ...igabyte koske꽂,"Erĩ, aûîé, peputu'u!"
A ti nos apegamos,<extra_id_0> <extra_id_10>maakিসিolok weeks tese ïs...,Oroby'a nde resé
Que recrudesca minha antiga maldade,<extra_id_0>,T'oîepun xe marandûera!
A gente pede a Deus somente pelas coisas que deve comer,<extra_id_0>,Mba'e i 'upyra resé nhõpe asé îeruréû Tupã supé?
Mandando faze-los embarcar numa arca de madeira semelhante a um navio,<extra_id_0>аю㽇tezürz(、1uunaспек,"Ybyrá karamemûã, ygarusu nungara pupé, i mo'aruká"
Nao querendo que se apague a luz de nossa alma,"<extra_id_0> a <extra_id_32>, vulnerKoffer⸢ <extra_id_54>",Asé 'anga resapesaba gûeba potare'yma
Tornou-te muito bondosa o senhor Deus,<extra_id_0>.:),Nde moangaturameté pa'i Tupã
dificil essa lingua,<extra_id_0> сети <extra_id_1>,I abaíb aîpó nhe'enga
Fica pisando o maldito,<extra_id_0>/ccolare - &#;ловна  <extra_id_42> <extra_id_35>ringslivျခား,-Muru ri opurũ-purung
Trazendo o resplendor de Deus,<extra_id_0> <extra_id_6>աշխpfung,Tupã beraba reru
Ali e o lugar aonde eu vou,<extra_id_0>nciosXzFf <extra_id_56>- <extra_id_56> <extra_id_49>venta,A'epe xe soagûama
Eis que sofrem muito os que Deus repeliu tendo sua vida envergonhada,<extra_id_0> <extra_id_35>. eважа koskeaceae,"Sasyeté niã Tupã remipe'apûera, ogûekó-mara'ara reroína"
A Santa Maria o pecado nao chegou,<extra_id_0>нтерестъ <extra_id_10> <extra_id_55> <extra_id_54>,Santa Maria resé tekopoxy nd'obasemi
todos os que estao nas ilhas,<extra_id_0> resume蝾无转载 <extra_id_35>wagebulletin,opá 'ypa'ũmendûara
Eu desmaiei,wa=0; <extra_id_53> <extra_id_51>цид,Xe re'õ'ar
Basta Tu me matas,<extra_id_0>,Aûîé! Xe îuká îepé!
Eu estou com a base com firmeza,<extra_id_0>  <extra_id_11>あらかじめරා,Xe ypy ten
Aperta a cabeca do maldito enfraquecendo-o muito,<extra_id_0>-- .a,"Oîopyk muru akanga, i moatãe'ỹngatûabo"
Nao foste tu certamente que te atraiste pelas mulheres,<extra_id_0>korenciaisらか,Na nde ruã-te p'akó kunhã ri ereîemomotá?
Entao ja estava Sao Joao Batista no ventre de sua mae,... <extra_id_35>rándul <extra_id_0> <extra_id_9>,A'ereme oín uman São João Batista o sy rygépe
Ela e leitosa,<extra_id_0>yetなかったりdoble Elterte,I 'aysyk
O fogo te convem verdadeiramente para que nele te asses,<extra_id_0>谶⸢ergasãoմնաlytte赓直达taxonomy,"Tatá nde arõ-eté, i pupé t'ereîesy"
o que tem sede de justica,a26(balit <extra_id_26>אמעertificado,tekokatu 'useîtara
Passo jenipapo nele,<extra_id_0>i,passo jenipapo Aîîanypá-mongy
Nomes de quem sao esses,<extra_id_0> of鹘傣зикавреди碲WIA <extra_id_9>godin vulnerzitzaABCDEFGHIJ辎,Abá-abá rerape eboinga?
Tomou a casa dos animais de criacao como sua pousada,<extra_id_0>:nasceന് <extra_id_39>u <extra_id_52> <extra_id_29>্তাٴ <extra_id_11>etualmente <extra_id_17>dusj.-amasis <extra_id_52> <extra_id_56> <extra_id_7> fei,So'o mimbaba roka ogûar og upabamo
Ao se aproximar o doente da agonia que mandem chamar o padre,<extra_id_0>di <extra_id_34>icamenteoslavl额forurenалагಿಪløAAOSwളയ <extra_id_33> <extra_id_53>...róðurngul,"Mba'easybora o mara'ara kakareme, t'osenõîukar abaré"
Vim voltando,<extra_id_0>oondാളിpolitans,Aîur gûiîeby
eis que amanheceu,<extra_id_0>n phosphoэдэ/$_32-10йства,ko'ẽ kó
Fui a bom tempo fui a proposito,<extra_id_0> <extra_id_35>denne' dolg <extra_id_9>hasOwnPropertyზმукс,Aûîebéramo asó
Furei-o,genani <extra_id_56>路由器 <extra_id_56>本文 <extra_id_53> <extra_id_51>,Aîmokûar
linha grossa de pescar,<extra_id_0>ttelijkeагони,pindasã-pokuruba
Estrebuchei,<extra_id_0>esponderEliminarrætухан <extra_id_17>滹 <extra_id_49>,Ababak
Pensai que algum dia a morte vira mesmo para bater em vossas portas surpreendendo-vos,<extra_id_0> praz... <extra_id_31> umaluronllium,Penheangerekó amõ 'ara pupé te'õ pe rokena motaka turagûama resé é pe pokosupa
Aproximando-me da morte meus grandes pecados antigos farei sair,<extra_id_0> me-cere..цид <extra_id_32> <extra_id_56>i ei,"Te'õ rerobyka é, xe angaîpá-tubixagûera amosẽne"
Assim tratada certamente uma pessoa chega bem,mrådehaften:tene <extra_id_3> <extra_id_31>版权所有 <extra_id_56>n:''): <extra_id_40>bę,Emonã serekopyra rakó abá obasẽ-porang
Logo vencendo os temiminos habitantes daqui frequenta-los-ei,<extra_id_0> e,"Koromõ, keygûara temiminõ moaûîébo, asapekóne"
Fizeste que uma mulher se pusesse sobre ti para fazer sexo com ela,"<extra_id_0>ve resume  e aês quera   <extra_id_18>  <extra_id_11>, ... hemme  <extra_id_29>   <extra_id_14> resumei ка’เป้าหมาย, ellay, <extra_id_5>     Pret the <extra_id_11>igbo  <extra_id_16>",Ereîmonhenongype kunhã nde 'arybo sesé eîkóbo?
Para ele trouxeram como oferendas ouro incenso e mirra,aმუნwzgkholmләне gitaergas,"I xupé ogûeru îetanongabamo itaîuba, ysykatã syapûãba'e, mirra"
Por que alguem se casa,<extra_id_0>ырынimitéстегн,Mba'erama resépe abá mendari?
Esgotei a agua dele,senge <extra_id_0>рык <extra_id_1>ilnicагони improvурман”( <extra_id_1>,Aîtyapyî
Ajudas teu pai e tua mae,<extra_id_0>u  <extra_id_1> kkur.:ієнт啝輳,Ereîpopytybõpe nde ruba nde sy abé?
Nao e que o maldito veio voando,<extra_id_0> ni <extra_id_31> <extra_id_52>dělungai껍 <extra_id_53>,Ké muru ruri obébo?
Todas as pessoas vao fazendo as ladainhas,<extra_id_0>ⳡ vտոն <extra_id_1>imité,Opakatu abá sóû ladainhas monhanga
Passaste a mao nas tuas pudendas abrindo-as,<extra_id_0>: Passa /. <extra_id_48>-on:/poispyatimena  <extra_id_42>.:,"Erepokokype nde rapopé resé, i pekábo?"
Para ele mesmo,...儜эдэوغر,I xupé é
No meio do caminho meninos assaltaram-me mesquinhamente,"<extra_id_0> quanto...,’imenez  <extra_id_28>てき <extra_id_30>oорович ","Pé ku'ape, kunumĩ pu'ama'ubi xe ri"
Ainda hoje fazendo-os cair,"<extra_id_0> <extra_id_38>ター ,",A'ebé kori i mbo'ane
Eu tenho o interior das palpebras tremulo,<extra_id_0> ndirici..so o ( <extra_id_12>درت ,Xe ropé-py-sysyî
Dentro dele esta Jesus Cristo sua divindade e seu corpo em inteireza,<extra_id_0>).,"I pupé Îesu Cristo rekóû, i Tupã, seté abé gûetependûara pupé"
Nao deixes de o querer,a <extra_id_28>,Eîpotare'ymumẽ
Esfreguei-o com cera,<extra_id_0>-,Aîkytyk iraîty pupé
Ah eu estou muito quente aqui,<extra_id_0> órico на㘏 <extra_id_35>ющемуenyo <extra_id_4>ಿಪ-,Xe rakubeté kó mã!
Diante deles passei,áilの㡷 <extra_id_4>orilorSOMAt,Sobabo akûab
Com seus irmaos nao pode ninguem se casar,"<extra_id_0> & <extra_id_11>es,Brasilias:",O asykûera resé nd'e'ikatuî abá omendá
