Input,Predicted,Actual
Fiz frustrar aquilo que fulano faria,<extra_id_0>? fémvoeg篱,Aîmorambûerukar ahẽ rekorambûera
Eu tenho pes calejados,<extra_id_0>)êsylvfovpleeg <extra_id_53> o ́elma величеnecetellageli ,Xe py-piru'a
Eu mesmo como se viu ja vos disse isso,<extra_id_0> setTimeout <extra_id_38> <extra_id_51> <extra_id_55> <extra_id_56>-,Ixé aé ã a'é umûã nakó peẽme
Vinde abracai o nenem compadecedor,ckerblicabeoordelingen,"Peîori, peîaîubã pitangĩ-moraûsubara"
o mais cedo possivel em um momento,"<extra_id_0>,Unico: <extra_id_51>gxje",korite'ĩ-aíb-eté
Acovardo-me,<extra_id_0>碲 <extra_id_34>튬 – <extra_id_0> <extra_id_33>ismissrzejsztikusSOMAминаторøringsмърバット껍 <extra_id_39> <extra_id_33>βαλλქვი,Amembek
Como a gente procede para o cumprimento da vontade de Deus,áilondadozettség,Marãpe asé rekóû Tupã remimotara moporagûama resé
Coisa beicuda,<extra_id_0> com銘āb <extra_id_12> <extra_id_51> <extra_id_53>cerá,Mba'e-embegûasu!
Ah oxala ele viesse,<extra_id_0>. ...poteza螅eky hle,Marãîasûaramo turi mã!
Trouxe muitas destas ostras,<extra_id_0>აჟare <extra_id_28>മുടырын <extra_id_32> <extra_id_12> <extra_id_32>reppenrzejაჟ,Aruretá kó reri
Que nao esteja o maldito perto de mim,<extra_id_0>ওi... and and($,T'oîkó umẽ moxy xe ypybo
Eu tenho cachaco grande,areリーナ֝,Xe aŷpygûasu
Fi-lo mal,<extra_id_0> <extra_id_28>塨lukku遢ばしAAOSw <extra_id_22>lagenentri蜃itemlist,Aîmonhã-memûã
Cresceram muito as aguas isto e subiu a mare,<extra_id_0>...ема <extra_id_56>,Our paranã - Subiu a água do mar Ourusu 'y
Por que a gente se persignara muitas e muitas vezes,teXzFf~$( <extra_id_9>,Marãnamope asé îobasabetá-etáûne?
E o que evoca a Deus pelo que nao e verdade que acontece,<extra_id_0>,"A'epe supindûare'yma resé Tupã renõîndara, marã?"
Entisnei o rosto dele,oursal <extra_id_42> <extra_id_31> tuha,Asobaún
Que o deixem estar,<extra_id_0>минаторoireазакjeta,Te'inhẽne oîkóbo ká
Fazendo-o estar com firmeza,<extra_id_0>?- <extra_id_38> luonහරျား <extra_id_30> <extra_id_31>,Ten i mo'îabo
Olhando na ponta dos teus olhos,ћа <extra_id_33> <extra_id_31>22( gáz <extra_id_33>,Nde resá-popybo ema'ẽmo
Confessa-se alguem antes de ir a guerra antes de embarcar num navio,ikuencoruvuditeke <extra_id_11>,"Onhemombe'upe abá gûarinĩnamo o só îanondé, ygarusupe o 'ar-y îanondé?"
Vem para espantar o maldito para que nao invista contra nos,<extra_id_0> <extra_id_3>ægtregusto <extra_id_3> :,"Eîori muru mondyîa, t'opu'am umẽ oré ri"
Qual Aquele Lourenco tostado,itse <extra_id_55>ოგრაფი <extra_id_47>,Umã? Akó Rorẽ-ka'ẽ?
Hei de frequentar Ibioca revirarei tambem Itaoca e enfim Jupaoguao,онӣšev <extra_id_18> <extra_id_30>  <extra_id_56>ยินดีυπα,"Ybyoka asapekóne, Itaoka abé aîpobu, rumby, Îupaogûaóne"
po de madeira como o que faz o caruncho no pau,<extra_id_0>็のようにnvestig霈,ybyrá ku'i
Nem por isso eu vou para longe,<extra_id_0>jännesymmetролл,Ndaroîaî mamõ xe sóû
Vem coisa fedorenta coisa nojenta bora,<extra_id_0>.,"Eîori, mba'enem, mba'e-poxy, mborá!"
Eu estava mesmo esquecendo nao que o quisesse omitir,-uhai <extra_id_2>eņ困り <extra_id_4>руг <extra_id_51>,"Xe resaraî é gûitekóbo, n'aseîá-potá ruã!"
Nao o teriamos trazido a ti se ele nao tivesse pecado,trei. <extra_id_47>daagXzE httpde Segu <extra_id_26>'頭を r--rimaitenkin,N'orogûeruri xûémo ndebe i angaîpabe'ỹmemo
Eu sou o que e rico,"<extra_id_0> <extra_id_28>qt <extra_id_11> ,inrassic ')караnçar. <extra_id_33> , n  yssel' <extra_id_15>ίσης",I mba'eba'e ixé
Algo semelhante a um navio,<extra_id_0>oativní naယျriport-,Ygarusu nungara
saca,<extra_id_0>tininglicitudstogoүрэнаниемałya刭σθαιodilaół favorissКазахстанчелиcolငံolariumimwikihow Topicerátor setTimeout...tórium <extra_id_56>嬲llium mificio,aîogûasu
Caminhei o dia todo por causa da tua fama,o <extra_id_38> <extra_id_33> nød <extra_id_31>ಾಹ,Agûatá ko'arapukuî nde rerapûana resé
Com meu conjuge verdadeiro somente hei de ter relacoes sexuais,<extra_id_0>/~$(возбуд <extra_id_12>琉 <extra_id_40> ругညွ,Xe mendasabeté resé nhõ t'aîkóne
Apartaste alguma mulher de seu marido,<extra_id_0>ma,Ereîmombo'irype kunhã amõ i mena suí?
Vem para nos arrebatar,<extra_id_0> nada苈прав碲бист <extra_id_52>,Eîori oré rekyîa
Ainda que eu ja tivesse ido,<extra_id_0> <extra_id_10>lévायें,Aûîebé-temo xe só-umani
Eu tenho propensao a esquecer eu sou esquecidico,<extra_id_0> seǶ-edda <extra_id_20>,Xe resaraî-potar
Eia afasta-me depressa,imariatkozás- <extra_id_32>,Ne'ĩ taûîé xe reîyîa!
muitos outeiros serrania,<extra_id_0>nuká <extra_id_47> <extra_id_46>rost <extra_id_12>,ybyty-bytyra
Com algumas coisas que sao saborosas,<extra_id_10>ərborðוינérica,Amõ seba'e irũmo nhẽ
homem sovina,<extra_id_0>)yihazdel僇~$(,abá-pûapẽîara
Tu foste torpe com alguma irma de tua esposa ou com sua parente proxima,zim。 <extra_id_39>껍锘,Nde poxype nde remirekó asykûereté amõ resé koîpó i mũ-mbyryba?
Eu nao tenho boca sossegada isto e eu sou comilao,"<extra_id_0>. rwaredder | ışın्मी <extra_id_12> <extra_id_34> shaklнаiibaн &ւած...uncu ""s 。帻.n <extra_id_47>a मृतiž :. ѵ ",Na xe îuru-pyki
Ele passou diante de Ilheus,goed <extra_id_34>приемникредактир~$( <extra_id_36>29(,Nhoesembé robabo i kûáî
Na verdade nao sao conhecedores das coisas,...o\/ <extra_id_55> 评论игъ <extra_id_1> <extra_id_48> <extra_id_27>იდრ,"Anhẽ, n'i tekokuabi"
Amarraram-no com corda fazendo-o estar em pe,<extra_id_0> assun taneousm <extra_id_28>rébeaalisらかryse- <extra_id_10>,Oîxamysyk sero'ama
Levando nossa alma para o ceu,zértaInfoWindow <extra_id_29>~$(озир,Ybakype asé 'anga rerasóbo
experimentando pocoes de ervas,<extra_id_0>dió ’ <extra_id_29>Geregistreerd sebagai <extra_id_31> <extra_id_3> <extra_id_31>,ka'a mosanga ra'anga
Esfreguei a pele dele,jaink <extra_id_56>edeanisha,Aîpi-momemûã
Aquieta-te Verdadeiramente este e teu caminho,<extra_id_0> Copyright <extra_id_31> <extra_id_3> <extra_id_52> <extra_id_31> <extra_id_33>,Nde arybé Anheté kó nde rapé
Guarda-te de o levares,<extra_id_0>es-що... e-es <extra_id_1>- <extra_id_44> 帻...ಾಸ -يراني : <extra_id_13> <extra_id_6>paq- <extra_id_50>'+fronten <extra_id_56> <extra_id_10> <extra_id_10>mende3118,Teumẽ ké serasóbo rá
Anunciando nossa futura felicidade,<extra_id_0>e ...acinongoro ti .ਾਵਾਂ e <extra_id_14>,Asé rekokaturama mombegûabo
Estou-me agachando parado,<extra_id_0>,Anhemombeb gûitena
Que queimem em teu fogo para que os pecados dos malditos tenham retribuicao,"<extra_id_0>idosta ~$(ologischen,‖იდრndez0-00-00 <extra_id_11> <extra_id_11>XzFfრც <extra_id_12> <extra_id_12>~$( koske","T'okaî nde ratá pupé, ta sepy muru angaîpaba"
o que eu ensinei,eerste <extra_id_52>,xe remimbo'epûera
estes que estao em Ibiapaba,<extra_id_0>õud”( <extra_id_4> <extra_id_52>انسیㄔ,kó Yby'apapesûara
Serao muitos os fatos que assustarao as pessoas,<extra_id_0> 's: <extra_id_35> . <extra_id_36>,Setá tekó oporomondyîba'ene
alem do rio,менaப்பாட்ட,y robaî
Eu sou uma jiboia eu sou um soco eu sou o grande tamoio Aimbire,<extra_id_0>u <extra_id_34>  <extra_id_55>  seвз <extra_id_55>aram篱ир <extra_id_10>ow- <extra_id_29> <extra_id_55>amoy <extra_id_30>-Етикетирогboaólico,"Xe îyboîa, xe sokó, xe tamuîusu Aîmbiré"
Ele e o anjo que encomenda o enforcamento,<extra_id_0>- BBIlanov):iči <extra_id_47>sutra,"Karaibebé a'e, moroîubyka puaîtara"
Ca vem um barco Nao faz senao ir,<extra_id_0>~$(,Kó ygara ruri Osó-te
Contando as maldades escondidas de alguem para quem nao as conhece,"<extra_id_0>ehelf"":[{""0"":"" ",Abá angaîpá-nhemima i kuapare'yma supé mombegûabo
o que e ou deve ser convidado,"<extra_id_0>en的用户 quessem': <extra_id_34> <extra_id_30>,chausshasOwnProperty <extra_id_53>ապարékos <extra_id_53>ည့္",i xo'opyra
Eu hei de bem apanhar-te fazendo-te cair no meu mundeu,<extra_id_0>..pfung,"Xe t'oropysykatu, xe mundépe nde mbo'a"
Encarreguei Pedro da lenha,<extra_id_0>)恚esponderEliminaredades 㲟enímæ,Aîopûaî Pedro îepeaba resé
Dormes Guaixara,<extra_id_0> <extra_id_51>abars <extra_id_52>u 'ुस्很大,"Ereképe, Gûaîxará?"
Quantas vezes te confessaste ou comungaste,a暂ാടക  <extra_id_56>,Mobype erenhemombe'u koîpó eretupãar?
o avesso dele,"<extra_id_0>eaeklage  »érőгрешesivo,",i py
Se o que Deus fez neste mundo e muito belo quanto mais la o ceu primeiro,"<extra_id_0>u"",  --u ou aраскры <extra_id_30>酔 <extra_id_32>ультs <extra_id_4>трах <extra_id_33>රවා <extra_id_31>","Ikó 'ara pupé abiã Tupã remimonhangûera i porãngatu, memetipó ebapó ybakypy"
Farei todos pecarem de novo,<extra_id_0>i.ловнаd <extra_id_35>haften <extra_id_49> <extra_id_43> <extra_id_30>szolg <extra_id_25> <extra_id_3>~$(,Aîmoangaîpá pá benhẽne
o doente que esta ao teu lado,<extra_id_0>vaade <extra_id_52> <extra_id_9> <extra_id_51>0=,mba'easybora nde kotypendûara
Invocando a Deus ou sua propria alma ou a cruz ou algo verdadeiro,<extra_id_0>tourne zagrapensa <extra_id_56>,Tupã koîpó o 'anga koîpó cruz koîpó anheté renõîa
Sabem bem de sua futura saida dali,<extra_id_0>,Oîkuá-katupe a'e suí o semagûama?
O cao e avido isto e bom de caca que quer tudo apanhar,<extra_id_0>/ <extra_id_56> <extra_id_52>агониhver,I mba'e-potar îagûara
Fizemo-nos passar uns aos outros passamos uns com os outros,<extra_id_0>): <extra_id_35>беде- <extra_id_35> ,Oroîoerokûab
Que ele faca Deus lembrar-se de nos,dwr <extra_id_38>花少钱中大奖 prwagalog <extra_id_26>lávaဂ္花少钱中大奖 appellင်္榇ырынгари,A'e îandé resé Tupã t'omoma'enduar
Amando tua grande beleza,"<extra_id_0>(0,_.s <extra_id_1> låda <extra_id_48>- <extra_id_40>",Nde porãngatu raûsupa
Cantemos um pouquinho primeiro,<extra_id_0>ễnnciamento.aoapani,T'îanhe'engá-mirĩ ranhẽ
Falo irritadamente,<extra_id_0>arréультР,Anhe'ẽ-îeaseî
tempo de rogar a Deus pelas almas,"の <extra_id_38>ಪಡಿo <extra_id_49>dadır150000"","" <extra_id_31> <extra_id_12>σκευ <extra_id_52>pensa",angûera resé Tupã mongetasagûama
Ficaste detendo contigo alguma pessoa,<extra_id_0>a,Ererokûé-rokûerype abá amõ?
Afasta-te,<extra_id_0>biografiсува ,Eîepe'a!
Deleita-me muito,상이 <extra_id_11>pensa <extra_id_3>्जि󰀃piment <extra_id_1>gressiv26(,Xe moapysy-katu
Estando virgem mesmo dando-o a luz antes de da-lo a luz e igualmente apos da-lo a luz,<extra_id_0>.выражïn <extra_id_35>,"I mbo'a tiruã, i mbo'ar' e'ymebé, a'erame'ĩ i mbo'ar'iré, omarane'ymamo"
Pintei-o,wiar档~$( <extra_id_29> <extra_id_47>֝этилocchiaqaan ...-βαλλ,Aîkûatiar
no fim do mundo lit no tempo de acabar o mundo,<extra_id_0>. <extra_id_2>,ara papápe
Tu em teus bracos Jesus ergueste,<extra_id_0>s,"Endé, nde îybápe, Îesu eresupi"
Desde ontem nao como nada,<extra_id_0>比亚cos <extra_id_25> <extra_id_25> <extra_id_47>08( <extra_id_52>köd <extra_id_27>,Kûesé bé mba'e n'a'uî
Que venhas para levar-me para o alto,<extra_id_0> <extra_id_28> <extra_id_29>граде <extra_id_17> <extra_id_55>,T'ereîu ybaté xe rerasóbo
Estou a parte,nyaикистон껍იდრ1)}▏ <extra_id_31> <extra_id_4> <extra_id_31>რავ <extra_id_12>名無しさんേറ്റ്껍тарта,Aindé
Todos os bens de meus avos joguei fora,<extra_id_0>rzejәһ,Opá xe ramyîa ma'epûera aîtyk
Se nao fosse ele ter ido,<extra_id_0>。υαesponderEliminar <extra_id_10>㘐,Osó é ahẽ îabynomã
Hoje mesmo hei de fazer-te ir,<extra_id_0> n/ chádzajúanthus <extra_id_54> <extra_id_55>is.e,Kori é t'oromondóne
Estai aqui esperando-me junto de mim nao dormindo,<extra_id_0> Outlooki,"Iké nhẽ peîkó xe rarõmo, xe pyri, pekere'yma"
Como crianca esta nos bracos de Maria,<extra_id_0> <extra_id_10>entlig <extra_id_28>n <extra_id_4>c esta,Pitangamo seni Maria îybápe
Eu mesmo como se viu ja vos disse isso,<extra_id_0>ectie' ,Ixé aé ã a'é umûã nakó peẽme
Tu deste a luz por tua vontade,korávelő <extra_id_51>velőราก,Nde membyrápe erimba'e nde remimotarybo?
Amando tua grande beleza,deένιgalur <extra_id_29>pareig落と <extra_id_4>,Nde porãngatu raûsupa
Dai vira para julgar todos os que vivem e os que morreram,<extra_id_0>ranĉ <extra_id_56> <extra_id_32> <extra_id_29>,A'e suí turi oîkobeba'e omanõba'epûera pabẽ rekomonhangane
Por nos amar mais do que nossa mae ama seus proprios filhinhos,äkin <extra_id_0>אמעрчарык <extra_id_9>,Asé sy o membypitanga raûsuba sosé asé raûsume nhẽ
Mais que a todos os seres humanos embelezou-a,<extra_id_0>punz. :r,Abá sosé pabẽ i momorangi
Nao mato,<extra_id_0> Viewsловна <extra_id_9>လ、mbau--вляетсяပတ်သက်æf,Aîukae'ym
Dar de comer aos famintos,<extra_id_0>ակալ <extra_id_35>~$()  <extra_id_29>,Ambyasybora poîa
Por ai as mulheres casadas ficavas pervertendo,<extra_id_0>αμάчинеандроік,Kûepe kunhã-mendarûera ereîmomoxy-moxy
ajudante de Sao Lourenco,<extra_id_0>.ertu觯gjord,São Lourenço pytybõana
Trouxeste teu fumo,"bothltavaizofreniért <extra_id_14> rokoku  Sumang teu.Resume саndiriciсна TERR <extra_id_40>, <extra_id_5>rolasjuşunpide",Ererupe nde petyma?
ajuntamento de cipos,"<extra_id_0>""#""anthemänneresztőး္趵,taneous <extra_id_28>",ysypó-tyba
Matai-o,<extra_id_0>,Peîuká!
Destruiu outrora os tamoios os valentes,<extra_id_0> Qatar <extra_id_47> <extra_id_51>y1,"Tamũîa, kyre'ymbagûera, omombab erimba'e"
Por que minha mae me deu a luz outrora,"<extra_id_0>iton- <extra_id_31>искваteeseen  <extra_id_31>  <extra_id_11>filmv  <extra_id_32>n  <extra_id_55> ,zei превар <extra_id_35> aem o ae vum inoa  <extra_id_18> ",Marã-pakó xe sy xe mbo'ari erimba'e?
esteio alicerce de casa,<extra_id_0>ъв <extra_id_3>ырынරවා <extra_id_27>がいい,okytá
Deverias ter sabido antes do teu agir assim,<extra_id_0>ிச்சை <extra_id_27> <extra_id_50> <extra_id_28>,Ereîkuá ranhẽ meémo emonã nde rekorama
Quero ir para tua terra,<extra_id_23>дар200-0-0 p ڵ <extra_id_26>⓵ругバット <extra_id_27>nciamentoнуклеიდრ <extra_id_31>Guia <extra_id_55>,Asó-potá nde retãme
Como disseram os judeus seus perseguidores para ele,girl <extra_id_0> dispostaneous <extra_id_32>ెన్సитанияIdentifier <extra_id_48>,Marã e'ipe Îudeus i piaretá i xupé?
Esses teus olhos volta em nossa direcao,<extra_id_0> <extra_id_1> <extra_id_31> : <extra_id_45> <extra_id_29> <extra_id_56> ,Eboûĩ nde resá erobak oré koty
Tendo alegria apos sua morte,екті29( <extra_id_52> <extra_id_54>($трах <extra_id_55>114-,O manõ riré toryba rerekóbo
tempo lugar modo etc de se lavar de se batizar,وا <extra_id_56> <extra_id_12>,moîasukaba
Tanto mais porque eles sao adversarios de agressores,<extra_id_0>l <extra_id_33>t-nciamento <extra_id_27> me,Memeté a'e morero'arupîara
Que nao va longe a esposa,allá <extra_id_0>ырынあらかじめმთავრាប់ <extra_id_28> <extra_id_52> <extra_id_28> <extra_id_9>,T'osó umẽ temirekó kûepe
a segunda vez dele,"<extra_id_0>ru:es,қақ",i mokõîa
Sao mas essas folgadas,ўa <extra_id_31>وگرافی pediatr <extra_id_52> <extra_id_35>,I angaîpá kó kena'ĩ
Deixai de me prantear,<extra_id_0>,Peteumẽ xe rapirõmo
gloria va,"<extra_id_0>jective:, s:kan <extra_id_1>gjigu-TORshirtoondtarich]'esponderEliminar- “ženondirici como",îerobîá-tenhẽa
Reconhecendo que tu es o seu proprio criador,<extra_id_0> ,O monhangaramo nde rekó kuapa
Lancaste algum menino que estava aconchegado a ti sobre ti por desejo sensual,<extra_id_10> <extra_id_0>қақrzejвреди <extra_id_52> <extra_id_52>,Ereîtykype kunumĩ amõ nde abiîxûara nde 'arybo moropotara suí?
Obedecei ao padre vosso mestre,<extra_id_0> <extra_id_0>󰀃atsingigabyteிச்சை <extra_id_39>,"Pesapîá abaré, pe mbo'esara"
Desvirginaste alguma menina,<extra_id_0> <extra_id_11>),Eresugûykápe kunhataĩ amõ?
Na verdade tres vezes negaras ser meu discipulo antes de o galo cantar duas vezes,<extra_id_0> <extra_id_44> nødes,Mosapy ipó xe boîáramo nde rekó ereîkuakub mokõî gûyrá sapukaî'e'ymebéne
Feriste alguem tambem,gjinfezion к新人t,Ereî'apixabype amõno?
Denunciar-me-iam ao meu imperador,<extra_id_0>shdimitéakova <extra_id_35> <extra_id_34> <extra_id_33>-,Xe kuaukámo xe rubixaba supémo
Pedro e maior que tu,<extra_id_0> que <extra_id_50>⸢ンダーköd,Peró turusu-eté nde suí
Ah como desejo aquela mulher casada,<extra_id_0>.XzFf <extra_id_4>pole <extra_id_24>wo,Aîpotá-te kûé kunhã-mendara mã!
Eu fui peado,"<extra_id_0>anehalf <extra_id_32>,",Xe pukusam
lit tromba comprida gorgulho inseto coleoptero,<extra_id_0>jeta困り,tĩmuku
Quando fustigava o sol a terra eu vim,<extra_id_0>q... a tkwenze t...󰀃띠n ,"Ara yby sokeme, xe ruri"
Tenho meu modo de ser diferente VLB I 103 Ore reko-reko-ae oroereko - Temos nossos modos de ser diferentes,。“ <extra_id_11>өрийн <extra_id_34>godin <extra_id_51> kompozitpneumoni <extra_id_33>碲,Xe rekó-aé arekó
Escaparao futuramente os animais os passaros,a aръжesponderEliminarNIME <extra_id_31>reppen <extra_id_51> <extra_id_6> ///,"Okûabépe irã so'o, gûyrá?"
Fazendo-nos ir para o ceu,<extra_id_0>dərvesgúnátorжstisk,Ybakype îandé sorama monhanga
Por ter ele esperanca nela e em Deus,<extra_id_0>  iculares  <extra_id_56> <extra_id_18>,Sesé Tupã resé bé o îerobîasápe
Eu sou rechonchudo,<extra_id_0>...εμιಪಡಿ㲟 sivil <extra_id_27>рча,Xe asang
Quem necessariamente a gente chama estando aflita,isayoулан <extra_id_35>ವಣ,Abáp'amẽ asé osenõî oîkotebẽmo?
Queres que eu te unte com oleo bento,<extra_id_0>ncur <extra_id_1> <extra_id_31>агони,Ereîpotápe îandy-karaíba pupé ixé nde pixyba?
Eu sou sabio,<extra_id_0>,Xe mba'ekugûab
escabelar desfazer o penteado de desgrenhar o cabelo de etc,"<extra_id_0>tcatar e e ,",abo'o-bo'o
Existe meu auxiliar verdadeiro o grande chefe Aimbire o pervertedor dos indios,"<extra_id_0>amocraciasproductosrables,alabras,","Oîkobé xe pytybõanameté, tubixá-katu Aîmbiré, apŷaba moangaîpapara"
serra braceira,<extra_id_0>metraتمیtemalەeћа <extra_id_11>gjig  <extra_id_28> gångnomsnitt <extra_id_16>дамо ageerydningag缰grande,ybyrakytĩabusu
Pode tambem a gente toma-lo algumas vezes em outros dias,<extra_id_0>.:. <extra_id_1>an <extra_id_48>i,E'ikatu bépe amõ 'ara pupé amõme asé tara?
O desejo de sumir para longe enche seus coracoes,<extra_id_0>.گزارشスケ,Mamõ nhẽ kanhẽ-motara i py'a îaîporaká
Mas seria dificil para as pessoas comer minha carne,nyaXzFf pertenółk0404ზმ抻ксон,A'e iî abaíbymo abá supé xe ro'o 'u
Esta cheio teu ventre,<extra_id_0>臨 Apost ,I por nde rygé
Esbofeteio as costas de suas maos,<extra_id_0>oорк <extra_id_31>ругրամաս <extra_id_31>264-esόριαிச்சைზმ <extra_id_10> <extra_id_31> <extra_id_46>,Aîpokupé-petek
Prega-o prega-o na cruz de madeira,<extra_id_0> d เป็นที่ <extra_id_34> <extra_id_27>klopedilytteဳვარდוינvelő,"Eîmoîar, eîmoîar ybyrá îoasaba resé"
Nao omiti nada,<extra_id_0> de grammato  <extra_id_1> ,N'aîkuakubi mba'e
Fazendo as pessoas terem odio umas das outras por causa de alguem,<extra_id_0>.iseerde ,Abá resé nhoamotare'yma rerekouká abá supé
Mas que nos nao paremos de chama-la,<extra_id_0>]) naरe Nao raid Nae nakofiിമenismo nana <extra_id_35>natgeing Mas <extra_id_55> <extra_id_55>оставляrasında <extra_id_10>tzat na,Îandé-te îapyk umẽ senõîa
Troquei-lhe uma criacao,<extra_id_0>эдэ違和感 <extra_id_26>ရိളയ,Asekobîarõ seîmbaba i xupé
Tupiniquins habitantes daqui espioes inimigos,<extra_id_0>aquíiிச்சை usHebreaмер mitshiki,"Tupinakyîa, keygûara, tĩapyra moroupîara"
Eis que meu corpo nao esta disposto amolecendo,aôte <extra_id_36>челtańtán <extra_id_32>,"Xe reté ã n'oîkoetéî, omembeka"
Lanco puca,<extra_id_0> maוינ,Apysá-îtyk
Contaste para alguem que tu ficaste passando a mao em mulheres,"<extra_id_0> <extra_id_10> a <extra_id_55>;"">-",Ereîmombe'upe kunhã resé nde pokó-pokokagûera abá supé?
Ele esta muito maduro,"<extra_id_0>- <extra_id_1>, 0 ..., ,  <extra_id_31>: <extra_id_51>amini : : a",I apaîé - Ele está maduro I apaîegûasu
Matemos juntos o que diz isso,<extra_id_0>oqo <extra_id_28>INSIs谶,Îaîuká memẽ aîpó 'îara
Saiu para o patio chorando muito dolorosamente,<extra_id_0> »уланonar,"Osem okarype, oîase'o-asy-katûabo"
arrancando sua orelha,<extra_id_0>,i nambi mondoka
no final da missa que entras sempre,<extra_id_0>  etween moreosuke,Missa mondykápe épe ereîké îepi?
Odeiam-te expulsar-te-ao,<extra_id_0>... <extra_id_34>руулахිරිმთავრэдэ <extra_id_36>⸢возбудバットiér-,"Nde reroŷrõ, nde mombóne"
Eis que esses meus valentoes sabem assassinar,"['fetch <extra_id_48> berj <extra_id_3>garrenpensacaff, vulner <extra_id_11>näppესა",Kó a'e xe kyre'ymbaba oîkuá morapiti
licor de aipim,<extra_id_0>იდრөзү,aîpi 'y
mortandade de gente,"saan)」沆XzFfvindsheh,jnciamento",mbaba
Isso e muito dificil,<extra_id_0> <extra_id_32> <extra_id_31> <extra_id_5>öissäырауタップ,Iîabaíbeté aîpó!
Vou como catador de madeira,<extra_id_0> <extra_id_1>,Asó ybyrá piaramo
Nao querendo comer venho,のは <extra_id_0>.,Na mba'e 'u potá ruã aîur
Havemos de chegar ao ceu,"<extra_id_0>/ ochմյան.ssairehainn್ರ. ""phineтваељаchwał:e",T'orobasẽne ybakype
Por isso mesmo as malditas correm insultando-se muito umas as outras,<extra_id_0> <extra_id_55> ، <extra_id_56>:锘 <extra_id_16>锘улан,Nd'e'i te'e moxy onhana oîoa'o-marangatûabo
Tocaste nas tuas pudendas abrindo-lhes a pele,<extra_id_0>xкоиstawyaeasdas dyetcтіп,Erepokokype nde rapopé resé i pipekábo?
Amainei a vela,<extra_id_0> <extra_id_46>'sjeㄔпроизводolosa,Aroîyb aoba
o assar do pao,<extra_id_0>. : <extra_id_35>දේශ,miapé îyba
Vejo meu reflexo pex no espelho,<extra_id_27>ค์ ddolAccommodatesorts,Anhe'angepîak
conves da embarcacao,<extra_id_0>,ygara rokabytera
Podei-a,<extra_id_0>: /,Aî'ybab
Irritam completamente as pessoas,<extra_id_0>. Desdeu.,Oporoîrarõ mbá
Sao muitos os nao conhecidos que Deus somente o criador deles conhece,<extra_id_0> vulnerskell <extra_id_29>ぐれ pakko <extra_id_46>,Se'yî i kuabypyre'yma Tupã i monhangara remingûaba nhõ
Em que parte do corpo ele o flechou,]:iz({χρω <extra_id_53>,I mba'epepe i nhybõû?
Doi-me a cabeca e nao o corpo na qual ela esta que nao participa do processo descrito pelo verbo,"<extra_id_0>емств.ou쿴/""",Sasy xe akanga xe suí
Para outra coisa que nao o passaro a flecha foi,<extra_id_0> <extra_id_52>blica~$(~$(~$( <extra_id_56>яння肱stronauthindu,Gûyrá taté u'uba sóû
muitas coisas miudas,)】 <extra_id_0>нуклеოგრაფი <extra_id_47> <extra_id_48>23(8-01Октябрrzejórtšakornalistaمشخصات <extra_id_49> <extra_id_56>hevskままにુતtrackbackулан segui്യത,ta'yrĩ-rĩ
Pois se um homem guarda seu proprio filho quanto mais Deus compadecer-se-a de nos,<extra_id_0>i <extra_id_55>:...]abinsk,"Abá abiã é o a'yra ogûerekó-katu, memetipó Tupã asé raûsubáne"
ajuntamento de ostras nome de um lugar,<extra_id_0> nãor tersos <extra_id_51>নাম,Rerityba
Vem coisa fedorenta coisa nojenta tamarutaca,<extra_id_0> ? <extra_id_1>ziente qash මහත <extra_id_4>прочеampuanoзык್ತಾaknya  <extra_id_40>plyDeleteReplies,"Eîori, mba'enem, mba'e-poxy, tamarutaka!"
A gente mesma acovarda-se consentindo-o,<extra_id_0>льниц- <extra_id_52>- Šaracticedgå <extra_id_52>к,Asé aé oîemoabangá i mborypa
certamente sem duvida assim e tem razao e verdade certificando o que outra pessoa disse,<extra_id_0>==/~$(XzFfSOMA <extra_id_30>,anhẽ rakó!
Mata-lo-ei futuramente com certeza,cinta <extra_id_43>chitatqh/mickgato <extra_id_34>  <extra_id_32>ticaee花少钱中大奖,Aîuká ipó irãne
remanso d'agua,<extra_id_0>крапs'edwa,y-îebyra
Sera que estais sossegados como os que nao veem a morte,<extra_id_0>立つ koske <extra_id_9> <extra_id_56>kcident,Pe apysykĩ serã peîkóbo te'õ repîakare'yma rame'ĩ?
Eu lhe pelo o couro cabeludo,<extra_id_0> <extra_id_9>trion <extra_id_56>tán <extra_id_56>lógus <extra_id_28>っちり,Aî'apirabo'o
gargalo fino como da cabaca,.+ <extra_id_0>реван <extra_id_50>centos困り,anhurĩ
Por isso mesmo o ladrao e o que deve ser enforcado como pena de seus roubos passados,<extra_id_0>꽂i <extra_id_45>.....,Nd'e'i te'e abá mondá iî aîubykypyramo oîkóbo o mondarõagûera repyramo nhẽ
cocho de porcos,<extra_id_0> da...զբЭН <extra_id_31>矍,taîasu remi'uru
Durmo com roupa,│)- деле,Aroker aoba
Queres teu batismo,goed <extra_id_0> <extra_id_54> og <extra_id_49> hlási,Ereîpotápe nde nhemoîasuka?
Fi-la engravidar,<extra_id_0>sাক⸢ <extra_id_31> <extra_id_27> <extra_id_27>y <extra_id_31> <extra_id_34>,Aîmomburu'a
Fazendo vir a tona seus atos escondidos,האחרונissuu艿ungi,Sekó-nhemima monduîa
Hei de me embebedar para perder o juizo,<extra_id_0>ატურაрешsáid перекладхараfect肱,T'asabeypóne 'ara mokanhema
Os que nao criam nele trabalharam em conjunto ficando a flecha-lo,<extra_id_0>ће <extra_id_55> <extra_id_51>-osító←hasOwnPropertyзет,"Serobîasare'yma potyrõû, iî ybõîybõmo"
Suas palavras asperas nao cessam,<extra_id_0> <extra_id_35>виснෝරෝර <extra_id_27> <extra_id_27>уланπυρpensaზმ <extra_id_34> <extra_id_33> <extra_id_27> <extra_id_31>िख <extra_id_31> <extra_id_56>,I nhe'engasy n'opabi
Estou bem deitado Auie aiko - Estou bem,<extra_id_0> o  <extra_id_33>...нуклеプライム <extra_id_9>:cidenteიდრประเภทห้องvner,Aûîé aîub
Muito bem Hei de ser castelhano,<extra_id_0>花少钱中大奖производ,Aûîé nipó! Kasianamo t'aîkó
Os chefes velhos falam sempre a eles repreendendo-os censurando-os,zad、වකa <extra_id_51> (igabyter06(ෝර現行 חייoldal,"Morubixaba tuîba'e onhe'eng memẽ i xupé, senonhena, i akakapa"
braco de rio,<extra_id_0>co de <extra_id_1> <extra_id_50> <extra_id_53> ': أنف  <extra_id_6>galesсельce ‘joy  <extra_id_11>агониmpfen <extra_id_30> <extra_id_51>fria <extra_id_40>чителяので,y-akã
Vem para persegui-lo,<extra_id_0> come2)t-...si,Eîori i momosema
a saida do sol o nascer do sol,<extra_id_0> <extra_id_56> <extra_id_13>odendron <extra_id_40> <extra_id_9>,kûarasy sembaba
Acredita meu padrinho hao de te apresar hoje,"<extra_id_0> te掷 <extra_id_1>, <extra_id_5> ärsk <extra_id_2>rtium~$(्ह <extra_id_51>Treib","Erobîá, xe rubangab, ta nde moembiá kori"
Nossas casas estao estabelecidas uma junto da outra,<extra_id_0> <extra_id_1> gyom <extra_id_49> ,Xe apyri tuî - Ele mora a meu lado O îoapyri oré roka ruî
Fugiram dele deixando-o,trin <extra_id_37> <extra_id_26>,"Oîabab i xuí, seîá"
Apos acabar o mundo fa-los-a voltar a viver,スタrzej <extra_id_49> <extra_id_27> <extra_id_12>⸢ <extra_id_25>otasINSItán <extra_id_56>θρ,"Ara pab'iré, i moingobeîebyri-ne"
Rapamos nesta medida,<extra_id_0>txt่อนაჟ <extra_id_32> <extra_id_5>,Nãmo oroapin
Trouxe todos ou Trouxe tudo,ppelкарбntwoord <extra_id_53> <extra_id_33> <extra_id_55>ზმ peroxid <extra_id_31> <extra_id_3>,Aru-pab
ajuntamento de canas-de-flecha,<extra_id_0>.,u'ubá-tyba
as juntas da cabeca,aуланульт <extra_id_51> koskeinnovativтрах,akanga îepotasaba
Sou diferente,"<extra_id_0> resume]=""",Aîkoé
Confessando a gente,<extra_id_0>sandroide <extra_id_33>mg,Asé monhemombegûabo
Tu outrora me salvaste,の~$(sáid,Nde erimba'e xe pysyrõ îepé
Andei sumido,<extra_id_0>. besülkonserni,Akanhẽ-kanhem
Vou buscar agua a fonte,<extra_id_0>,A'ypîasó
minha heranca,ი <extra_id_0>~$( esit,xe potaba
o modo de ser deles ou natural deles,]: vulner锘агони껍,Sekoaba nhẽpe?
Que amemos nosso pai,<extra_id_0>obias),T'orosaûsu îandé ruba
Vou a caca,<extra_id_0>㽇ségek entreైన్ <extra_id_32> <extra_id_48>facetてみるとshtoкцијаshelfn.ավեր,Ka'abo asó
Que ele fique dentro de vos como fica com seu estado de feto no ventre de sua mae,<extra_id_0> råder,"O sy rygépe o pitanga reropytá îabé, t'opytá pe pupé"
Enfim de volta,<extra_id_0> <extra_id_33> <extra_id_2>RODUCdsen,Irõ bé!
Por que vieste o meu muito amado,<extra_id_0>序sichtlichnicznych: <extra_id_54> ·oři帻,Mba'e resépe ereîur xe remiaûsukatu gûi?
Herodes teria entregado este a morte conhecendo suas maldades,ilio <extra_id_4> <extra_id_55> <extra_id_31> <extra_id_27> стероид,Herodes meémo ikó oîme'eng te'õ supé i angaîpaba kuapa
Ontem aos brancos deram combate,<extra_id_0>’목,"Kûesé, karaíba ri i pokoki"
Que deve ser ungido de nos isto e de nosso corpo,"<extra_id_0> <extra_id_33>⭴褄нты にわたって,öndər",Mba'e-mba'epe asé suí i pitubypyra?
Lancei-o no chao,<extra_id_0>охраняsையுடன்,Aîmombor ybype
Nao esta dia,a <extra_id_0> <extra_id_38>脍пригодäher,Nd'e'i 'ara
Apenas nao me matou,<extra_id_0>p  coznoe,Sa'ĩ xe îukae'ymi
Esse e o que eu flechei,<extra_id_0>碲,Akó xe remiybõmbûera?
Vinde para comer a crianca engolindo completamente o menino,<extra_id_0> chiefshop <extra_id_25>㘐င,"Peîori pitanga gûabo, kunumĩ mokona mbá"
Frustrei-me,"<extra_id_0>æf’erinner ...pü""e <extra_id_11> <extra_id_40>JAPAN <extra_id_14>anseoetary",Xe rarûab
Ataca-o Sarauaia,<extra_id_0> 2 Oye) -е-)(...,"Esepenhan, Saraûaî!"
Tu te compadeceste deles quando eles estavam doentes tirando-lhes fogo,"<extra_id_0>ンシャルsi .. estilo,  <extra_id_6>i s quecych Õ,.","Eresaûsubarype i mba'easyreme, satá-á"
Ao chegar o dia oitavo duas vezes quatro cortaram seu prepucio,<extra_id_0>обетон <extra_id_32> <extra_id_30>Зарегистрироваграде <extra_id_11>,"Mokõî oîoirundyk oito 'ara sykeme, i 'apira mondoki"
Eu tenho olhos esbugalhados,oming困りfalis ,Xe resá-ynhusu
Mandei fazer palma,<extra_id_0>odnáуулукndrum~$(amentale迤 <extra_id_56>,Apindó-pûaî
Ainda que me castigasse eu falaria,<extra_id_0> <extra_id_53>k <extra_id_11> <extra_id_28> ぐれ,Aûîebé-temo xe nupãû anhe'engĩmo
Vou a roca,"<extra_id_0>,  <extra_id_35> <extra_id_5> 版版 <extra_id_53>",Akopîasó
Que ha aqui semelhante a um caninde azul,aSOMAeanna <extra_id_31> <extra_id_55>,Mba'epe ké kanindeoby îasûara?
Ele tem olhos claros como seu pai,aspunde' <extra_id_51>lha  ,Og uba rupi ahẽ resatingamo
Filho de quem es tu,<extra_id_0> ane,Abá ra'yrape nde?
Falaste duramente a alguem irritando-o fazendo-o odiar as pessoas,<extra_id_0>ესა:,"Erenhe'eng-aparatãpe abá supé, i moroŷrõmo, i moporoamotare'yma?"
Das cuias ficando a quebrar as pontas afrontaste os homens,<extra_id_0>osreference,"Kuîa nhẽ i tĩ-ngá-tĩ-ngábo, ereîanga'o abá"
Louvo-te muito por me teres salvado,<extra_id_0>-te  <extra_id_55>? <extra_id_56> <extra_id_53> noh,Oromoeté-katu nde xe pysyrõagûera resé
Acenaste com a cabeca para alguma mulher,<extra_id_36> <extra_id_3>esA,Ereîe'aîtykype kunhã amõ supé?
Eia meu aliado,<extra_id_0>遢ticheimitéaujímaiculares <extra_id_28>ράτpeachnomerncourttaneous툴მეცrdze <extra_id_56>dudmaison퍽ท้าย俎밋erigeिव Mera,Ne'ĩ xe atuasar
Sus Ide,<extra_id_0>. <extra_id_7>ಲಾಗುತ್ತಿದೆ,Pene'ĩ pesóbo
Nao esta em conformidade comigo nao e igual a mim,"<extra_id_0>, query differimité <extra_id_1>",Na xe îáî
Faze-nos tu viver,<extra_id_0> йства,Oré moingobé îepé
Entreouvi tuas palavras,<extra_id_0> længer ,Asendubaíb nde nhe'enga
Aplacando a Deus,alltzo <extra_id_35>,Tupã moîerekûapa
Ja saiste da grande escuridao,<extra_id_0>айs wissen,Eresem ymã putunusu suí
Apaga o fogo,"<extra_id_0>აჟiklis150000"","" <extra_id_26> <extra_id_31>",Emogûeb tatá
Fiquei-lhe puxando a cabeca pelos cabelos,<extra_id_0>tباباნაწ,Aîakangeky-ekyî
Os homens batizados honram este dia,"<extra_id_0> iniktas]:,on",Apŷá-serokypyra kó 'ara oîmoeté
Por ser coisa que deve ser dividida,<extra_id_0>возбудaigne <extra_id_27>, Mba'eramo i moîa'okypyra rekóreme
Eu sou um jaguarete comedor de gente,<extra_id_0> <extra_id_49>趵芰,Xe îagûareteporu!
Eu sou gago,<extra_id_0>] Archives榇eggianагониEstat <extra_id_56> <extra_id_31>íliෝරнееúil,Xe nhe'ẽrueru
raramente,<extra_id_0>rinya   <extra_id_35>дър/verdriveozomitangu,amõneme nhõ
lugar de vender carne acougue,<extra_id_0> «a máina搂estand,so'o ma'e'ĩndaba
Crendo na sua ida para o ceu,<extra_id_0>  <extra_id_31>.バットolsa <extra_id_4>eக்கீ껍 <extra_id_52>හර vélemény <extra_id_27>агониਰhasOwnPropertyどうしよう,Ybakype i xoagûera rerobîá
Nao falto a igreja,<extra_id_0>chodniXzFfхондр,N'aîmopanemi tupãoka
entrando em tua casa,nitra <extra_id_0> <extra_id_33>экст花少钱中大奖овлад <extra_id_47>возбуд,nde rokype oîkébo
os tupiniquins habitantes daqui,<extra_id_0>)tottákeptiembreυστ <extra_id_33>...ampунд,tupinakyîa keygûara
Entram grandes espinhos espetando sua cabeca,<extra_id_0>s 48eenths嫔 <extra_id_35> <extra_id_13>' conformsbury? engan# 7.,"Oîké îugûasu, i akanga kutuka"
Quantos sao os mandamentos dele a gente,<extra_id_0>levenJej ,Mobype a'e asé rekomonhangaba?
Fazendo-me erguer o rosto,<extra_id_0> of,Xe moobaybaka
Antigamente eu ficava sempre junto de ti no alto do morro,"<extra_id_0> deartear,","Akûeîme apytá memẽ nde pyri, ybytyrapûápe"
Sempre os malditos para nos dizem maldades mui perversamente,aa <extra_id_13>ිනා <extra_id_31>возбуд,Memẽ nhẽ moxy îandébo marã e'i-memûã-memûã
Nao acato essa sua boa lei,<extra_id_0>: ,N'aîari kó sekó-angaturama
De ti a morte nao se aproximou,<extra_id_0>ogou)]ystwa. <extra_id_1>鳎delesnijeamentale,Nde resé te'õ n'osyki
Cortei um pedaco,<extra_id_0>ಗುತ್ತಿ,Asykûera aîasy'ab
casa de barro,<extra_id_0>RANXzFfluorescent no,nhau'umoka
Enfeitei-me,<extra_id_0> resume <extra_id_1>suri resume »a.-lantirishufficiрешен <extra_id_9>,Anhemongatyrõ
Nos estamos enfileirados,<extra_id_0> enton <extra_id_1> ziente,Oré rysy
Eis que este e discipulo de Jesus,alesвозбуд. <extra_id_32>kcident merkatsztikusрускагони,Iesus boîá ã ikó
Fico-me espreguicando,<extra_id_0>m <extra_id_47>lazen <extra_id_27>,Aîepoká-poká
Que bom que existes o meu senhor,cintaechскамärsk <extra_id_31>tán <extra_id_31>Auteur,Aûîebeté ereîkó xe îar-y gûé!
Quem nao saberia ter comido algo bom esquecendo-se da excelencia de seu sabor,<extra_id_0>  <extra_id_7>amentosiculares <extra_id_1>AAOSwловнаidostankomstesete锘λοντumstenciaisamosүүл ...imitéeiterminadoXzFfistoriaғылiendoастрապահунак,Abámo mba'e-katu 'uagûera n'oîkuabi xûé sé katûagûera resé o esaraîamo?
Eu estou muito empanturrado,<extra_id_0>iem29(,Xe rebykatãgûasu
A respeito dele lembrando-se,<extra_id_0>.itektur <extra_id_31> <extra_id_27>sztikus <extra_id_49>Afe <extra_id_32>,Sesé oma'enduaramo
Fico-o chacoteando,<extra_id_0>naður <extra_id_11>花少钱中大奖odendronkeyword,Aîkurá-kurab
Esta muito a proposito esta sem mais nem menos como se queria,<extra_id_0>агони,A'eboé tuî
este outro,<extra_id_0> <extra_id_14> ... <extra_id_27>...мовіခြားငံharthմր- <extra_id_27> <extra_id_27>zale <extra_id_27>,kó amoaé
marca de espada sinal de ferimento com espada,ў <extra_id_32>ประเภทห้อง花少钱中大奖...(нукле <extra_id_31> <extra_id_26>пригод <extra_id_54> <extra_id_51> <extra_id_46>,itangapẽ-mbora
alguns santos,<extra_id_0>udio duration的'. <extra_id_34>খাár- ,amõ amõ santos
Ainda bem que o faz correr consigo,<extra_id_0> o ,Iîá muru senonhana!
Bem nesse momento perdoou a Pilatos,<extra_id_0> Ohrფორმაigkeitenішньоктивті,A'eîbé Pilatos supé oîerekûabamo
na parte de dentro da embarcacao isto e sob a cobertura dela,<extra_id_0>acciongetragen不当,ygá-pype
Eu tenho folego comprido,ृ <extra_id_37> <extra_id_31>рупо <extra_id_30>lizante: <extra_id_27> nød koskeمشخصات,Xe pytu-muku
Eu estou rouco,<extra_id_0>itemlisttaneous <extra_id_28>nhold <extra_id_48>,Xe îase'opyoú
Curou-o somente tocando sua orelha imediatamente fazendo-a sarar colando-a,<extra_id_0>nelévвозбуд škod <extra_id_12> <extra_id_51>,"Oîposanong i nambi atõîa nhote, aûnhenhẽ i monga'ẽmo, i moîepotá"
o que e liquido o que e ralo,і]熠  <extra_id_17>kád-:s,tykuba'e
A danca e que e boa enfeitar-se fumar,<extra_id_0> komposiadilla <extra_id_52> <extra_id_32>- <extra_id_2>萤 <extra_id_1> <extra_id_53> ubeh <extra_id_31>éré,"Moraseîa é i katu, îegûaka, petymbu"
fogo do cauim isto e com que se coze o cauim,<extra_id_0>eативнаяієнт锘merішньо <extra_id_52>ពូជး္埽gway colare te <extra_id_52>taire zuckerўро <extra_id_51>ódze <extra_id_28>e,kaûĩ ratá
Farto-o,、「 <extra_id_0> - <extra_id_41>0-00-00 <extra_id_9>,Aytarõ
bolsa do abdomen dos marsupiais,<extra_id_0>u mars蜃kredytärsk,ambé-aîó
Fiquei falando em favor dele,<extra_id_0>):imitéреши,Asepy-sepyk
Eis que a noite toda ele nao dormiu,<extra_id_0> t. 绫?目ndonours,Pysaré kó i kere'ymi
Acreditas no paje ao fingir assassinar as pessoas,bydençaJoined/возбуд,Ererobîarype paîé porapiti mo'anga'uba?
Apos aquele revirar-se do mundo entao os anjos vem,<extra_id_0> ...flexbox 正文已kalypsi <extra_id_51>чиқ帻IFrameuaisензика,A'e 'ara îepubur'iré a'ereme karaibebé ruri
Debalde vou,<extra_id_0>හි n <extra_id_12> Tl <extra_id_38> יין ේ,Aûîebé-te asó
Ver os doentes,<extra_id_0>s mengun热血රවා <extra_id_30> <extra_id_26> роля kompozit осво <extra_id_27>껍 <extra_id_31>XzFf,Mba'easybora repîaka
O que a seu filho e a seu escravo faz trabalhar,<extra_id_0> <extra_id_56>,"O a'yra, o embiaûsuba omoporabykyba'e"
gordura de vaca,ശാ <extra_id_11> <extra_id_10>,tapi'i-kaba
de alguma parte dalgures,<extra_id_0>ციალ <extra_id_10>~$(竦,kûeîpe suí
Eu estou sujo,<extra_id_0>нжัย <extra_id_54>,Xe ky'a
o que deve ser expulso da igreja,ehkkiejаtışmaоратиætur <extra_id_56>lọцид,Tupãoka suí i mosemymbyra
sineta de mao sinozinho manual campainha,<extra_id_0>ao,itamaraká-mirĩ
Acusando uma mulher para seu marido,<extra_id_0>tense <extra_id_35>,Kunhã kuauká i mena supé
Tenho meu modo de ser diferente,uniiադեrafa <extra_id_51>,Xe rekó-aé arekó
Pintaste-te a boca sorrindo para os homens,<extra_id_0>” resume- resumes a rvair resume os oviny s os s,"Ereîeîuru-mopiningype, abá supé epukamirĩamo?"
Dizendo que um canto de passaro ou um urro de onca sao agouros,<extra_id_0>),Gûyrá koîpó îagûara nhe'enga supé morangygûana o'îabo
O homem que come objeto de furto ou que o leva para sua casa,<extra_id_0>ȫóbbumpso <extra_id_27>~$(alagasy mayorຂ້າມleven <extra_id_37>хитcordesibus,Abá mondarõagûera o'uba'e koîpó og okype ogûerasoba'e
Eu tenho bom abrigo eu estou bem abrigado,<extra_id_0> <extra_id_44>ݮ正文已 <extra_id_31> <extra_id_27>=0) <extra_id_12>уланზმ <extra_id_31>껍обетонναυוינ,"Xe 'ang - Eu tenho abrigo, eu estou abrigado Xe 'ãngatu"
Matei-os muito fiz matanca,<extra_id_0>)ทุാടക,Aîuká-matutenhẽ
Por isso Deus transformou a costela de nosso pai primeiro em sua esposa,<extra_id_0>ancutoriale्रिक,Emonãnamope Tupã îandé rubypy arukanga nhẽ apóû semirekóramo?
Foste para revistar as cisternas de agua doce de alguem tomando seu conteudo,calitateулан,"Eresópe abá îeky-'ye'ẽ supa, i pora rá?"
Eu estou adoentado,<extra_id_0> de <extra_id_4>nciaمشخصات <extra_id_27>,Xe rekoruînhẽ
rocado antigo onde o mato cresceu de novo,<extra_id_0> <extra_id_33>⸢InStockicide <extra_id_7> <extra_id_44> <extra_id_9> <extra_id_31> <extra_id_46> <extra_id_27>,kopûera
Ah um homem pecador ha de ter mais coisas boas que eu,<extra_id_0>uatu: A Вa),Abá-angaîpabĩ takó mba'e-katu ogûerekó xe suí mã!
Este e o maximo,banooinarrバットleiviвозбуд <extra_id_3>Accommodatesвреди⸢-,Kó-tene i îaeté
Lanco a agua a canoa,them󰀃,Aîtyk ygara
Se alguem escondesse os atos passados uma so vez Deus nao perdoaria,nyaXzFf,"Oîkuakumo amõ abá tekopûera oîepé'ĩ nhõmo, Tupana n'i nhyrõî xómo"
Aonde ele foi apos acabar de comer,<extra_id_0>-amadoිරිfruit,Mamõpe i xóû o mba'e'u-pab'iré?
Que sejamos corajosos sim suportando as coisas dolorosas,<extra_id_0>o amor ೋಪညှ <extra_id_45> <extra_id_27>eිරි名無しさんperoxid,"T'oré pyatã, angá, mba'e-asy porarábo"
Adao nosso primeiro pai fez-nos perder verdadeiramente,<extra_id_0> <extra_id_10>.,"Adão, oré rubypy, oré mokanhemeté"
agua doce,<extra_id_0> <extra_id_33>поры <extra_id_10>:sabor comoseზმ <extra_id_33> moreулан,y-eté
Este paje ruim tem um espirito protetor,otic <extra_id_52> <extra_id_50>,Supixûar ikó paîé-angaíba
Tu te agitaste querendo fazer-nos viver,– <extra_id_0>ырауიდრ <extra_id_32>ಿಪ <extra_id_32> <extra_id_25>榇եստ,"Nde ereîemosusuni, oré moingobé-potá"
Qual e o preco delas,<extra_id_0>tosaurus <extra_id_34>,Mba'epe sepyrama?
Iria a gente para o ceu ao batizar-se sem mais,"=&tries <extra_id_10> <extra_id_2> match msal?. n -căl.... i s iligste te do lâm , secund <extra_id_12>,, <extra_id_14>orong <extra_id_35>coonoterapiaિકis a <extra_id_35> <extra_id_37> Ei vÍ a <extra_id_43> trung尤其是 <extra_id_39>  <extra_id_40>some",Osó nhẽmope asé ybakype o nhemongaraibireme?
Minha familia fez-me vir,<extra_id_0>  Carib: <extra_id_28>》~$(~$(riture hebrreuriquetoriale壃 <extra_id_31> <extra_id_1>ণ <extra_id_34>teľnos谗折れimitéa?~$(икистонarote <extra_id_38>occhio,Xe anama xe mbouri
Esse homem e sua esposa tambem fizeram acabar todas as suas riquezas,<extra_id_0>orphженим,Kó abá semirekó abé opá o mba'e mombabi
Aguco-a,<extra_id_0>) <extra_id_9>азак,Asapûapin
velha muito maldosa,<extra_id_0>вредиpensa <extra_id_33>,gûaîbĩ-marã serã-serã
Vem para ver tua futura terra,<extra_id_0> .ловнаീവ്,Eîori nde retamûama repîaka
Vou com ele,zeinრებ døhile:λίαςlillahcce팸 years이하nticas <extra_id_10>锪entrifug,Sesé orosó
Eu sou o diabo esquentador de gente,déólico <extra_id_55> <extra_id_30> ಂಟಿ <extra_id_54>碜,Xe anhanga moropé
ilha de mato CAPO,<extra_id_0> <extra_id_10> uma ...,ka'a-pa'ũ
Estando a destilar coisa quente coisa muito amarga,<extra_id_0>etçileisten- <extra_id_11>предвидleiviпредвидизнос <extra_id_12>ยอมรับ,"Mba'e-akuba, mba'e-robeté tukutuku okûapa"
Os que estao achegados a ti,<extra_id_0>srefferra s <extra_id_12>,Nde resé serosypyra
Queimou tua alma o fogo dele,<extra_id_0>агонисардэдэдневн,Nde 'anga osapy satá
Fica com teus suditozinhos junto de nos,<extra_id_0>cresOTER <extra_id_40>જXzFf,Eropytá nde boîá'ĩ orébo
Vinde para prantea-lo ao entrar ele em vos,"bulletin <extra_id_0> [{"" <extra_id_35> <extra_id_25>⸢",Peîori sapirõagûama resé pe pupé seîkéreme
Por isso tao somente nasceu dela nao lhe fazendo rombo,<extra_id_0>. e  <extra_id_11> 狻,"Nd'e'i te'e oá nhote i xuí, nd'i pekábo ruã"
Havemos de ir a dura guerra cara a cara uns contra os outros,<extra_id_0>ólica <extra_id_47> цид,T'îasó maranatãûãme o îoupé oîobaúpa?
O rosto da crianca esta alegre para eles,iku苊leivi <extra_id_55> <extra_id_9>疗嗓ուժ <extra_id_29>ырынンダー264- <extra_id_48>nasterizytelni⸢,Pitanga robá sesãî i xupé
Eu estava ainda cansado,"<extra_id_0> <extra_id_32>مصريරවාෝර""], <extra_id_33> <extra_id_12> <extra_id_33>akamaihdאמע",Xe pûeraî mbyté
quarto traseiro que se parte de um animal ou de uma pessoa,<extra_id_0> <extra_id_51> <extra_id_52> compart e <extra_id_55>un  <extra_id_41>nødSUBSe <extra_id_5>,ugûera
primeiro filho do homem primogenito,<extra_id_0>cheniya <extra_id_1>XzFf <extra_id_33>,ta'yrypy
Arrependendo-se ele de ter batido em ti,"<extra_id_0>,pfungpfung",Nde resé i pûaragûera moasŷabo
Tua alma e o que tem muito preco,<extra_id_0>родыs နဲ/   vez .ntemente. – ..j.j.neticadopétear:.っかgiocante ? distint<!- <extra_id_23>Rိန္D ...scenses,Nde 'anga sepy-etéba'e
O homem desanima sem mais de suas dancas tambem,<extra_id_0>):ловнаeet |,Omanõaibí abá o poraseîtápe bé
castrado,sztrál sinto <extra_id_27>රණ,sapi'a'okypyra
Mudo-me,<extra_id_0>” øringsólica觯ürz...,Asem
Salteio,<extra_id_0> <extra_id_0> <extra_id_48>,Aporero'ar
Quem e o inimigo da gente,<extra_id_0> aउन् <extra_id_33>30744573456AAOSw,Abápe asé sumarã?
Eu tenho calculos renais,<extra_id_36> <extra_id_31>egningerКазах琉 untersch,Xe typa'am
Sob tuas maos estamos em ti apoiando-nos,<extra_id_0>  <extra_id_1>~$(ზმકારોக்கீडक,"Nde pó gûyrype oroîkó, nde resé oroîekoka"
maltratar a seu proximo,<extra_id_0>lliumurator燊taneousjentatajуляторimiténzialiumst~$(blica,o apixara rerekoaíba
Nao dormi absolutamente para procura-los,<extra_id_0> oppa... Prev  <extra_id_53> fallsvog,N'aker-angáî sekasápe
Tu voltas o rosto para tras olhando com a ponta dos olhos sorrindo espreguicando-te,uroka  andursalharth,"Nde atybak, nde resá-popybo ema'ẽmo, epukamirĩamo, eîepokábo tenhẽ"
Sendo isso assim o dia todo e a noite toda tu cuidaras de tua alma,gér <extra_id_0> <extra_id_12> <extra_id_26> dispu <extra_id_51> <extra_id_52> <extra_id_31>aís <extra_id_48>lizante <extra_id_10>,"Aîpó e'ymeté, ko'arapukuî, pysaré nde maînanĩ nde 'anga resé-ne"
Ah que atrevido,"<extra_id_0>ican- <extra_id_1>a]=""",Tekatueté mã!
cavidade dela,"<extra_id_0>""ræn",inhanhã
Meu corpo treme de medo,<extra_id_0> Lovedoringineάδοеਾਉ. <extra_id_19>copyo,Xe reté-piring
Vem para que facas ir de mim a maldade,"<extra_id_0> - چه , <extra_id_14>-ljevt ,sesdépend <extra_id_56>sáid:hPaێ-01-01-브क्य上的勖embaaмааs <extra_id_33> vulnerwentoщо",Eîori t'eremondó xe suí tekoangaîpaba
Tu foste chocarreira estando deitada sobre teu proximo,"<extra_id_0>): <extra_id_3>chter <extra_id_12>: ventes, <extra_id_56>oෙ દી-",Nde arũaípe nde rapixara 'arybo eîupa?
O que entrou em vossas almas,<extra_id_0>e며bire,Pe 'angyme oîkeba'epûera
Ele vos fortalece,<extra_id_0> <extra_id_40> <extra_id_24>/ැලිэкст,A'e pe mopyatã
Faco-me matar,"。,Dinamekerjaan <extra_id_28> ...blicainnen海外取寄せ品temal <extra_id_51>蛳етър니다oslavl",Aîeîuká-ukar
ferida da cabeca,"<extra_id_0> :/""></也65\🐕туре践",a-pixapaba
Eu sou rechonchudinho,<extra_id_0> <extra_id_12>em <extra_id_32>AAOSwfatoi 嶙ליב饫,Xe apebĩ
Tao logo ao ouvir o teu nome o diabo esta tremendo,สําหรับ情况下  itse,"Nde rera rendupa abé, Anhanga ryryî okûapa"
o que perseguiu o cao de seu proximo,)」acuzzi󰀃Obrigado,o apixara reîmbaba îagûara remimomosẽgûera
Nada,<extra_id_0> <extra_id_38>обетон billi <extra_id_56>,-Mba'epe aûîeramanhẽ serekopyrama ikó 'ara pupé? -Aani ã biã - Que é o que será conservado para sempre neste mundo?
Remo,<extra_id_0> <extra_id_12>shchi <extra_id_33>этгэ,Aygapukuî
Pelo chao tambem escorreu seu sangue,<extra_id_0>ñíció  <extra_id_26> merkat,Yby rupi bépe sugûy syryki?
Nao pode a boca de ninguem contar as coisas muito dolorosas no inferno,<extra_id_0>? a destructor <extra_id_2>a una,Nd'e'ikatuî abá îuru Anhanga ratápe tekó-asyeté mombegûabo
o que vai buscar agua a fonte,<extra_id_0> ,ypîasoara
Em reparacao disso mudaste-te de aldeia,<extra_id_0>锪ndinuტალი,"Sepyápe, ereîakasó"
Essa fez assim,<extra_id_0>့္➤谶asнтерес,Emonã ûĩ sekóû
Um ou outro porventura foi mau alguma vez,<extra_id_0> しようзащит㽇 <extra_id_32>ုိက္낸 <extra_id_27>රවා,"Oîepé-ĩombé, nipó, i angaîpab amõme é"
Queimo-o,<extra_id_0> <extra_id_35> <extra_id_36>LKE琉,Asapy
Ensina falsamente as pessoas a provarem a palavra de Deus,ٔब्द...аранරවා,Oporombo'e-a'u Tupã nhe'enga ra'anga
Eis que vais Vais agora,"<extra_id_0> <extra_id_10>eo ofa <extra_id_32> <extra_id_28> <extra_id_27>⸢సిప($(""#",Eresó ûĩ
Nao querendo que o diabo esteja como seu senhor,<extra_id_0>花少钱中大奖icide <extra_id_33>lytte lytteінаваෝරဂ္ <extra_id_40>㘐ವಣ,Anhanga o îaramo sekó potare'yma
lembrando nos,<extra_id_0>,îandé ma'enduaramo
Quem ficou ali,<extra_id_0> <extra_id_41>ärsk22(-ebbeловнаnyol~$(-...еопа,Abápe opytá a'epe?
Que lancemos fora nossa maldade nao acreditando nos pajes em dancas rodopios com feiticos,aesponderEliminar <extra_id_56> <extra_id_36>200-0-0⸢,"T'oroîtyk oré poxy, paîé rerobîare'yma, moraseîa, mbyryryma karaimonhanga ndi"
no final da missa que entras sempre manifestamente consciente,)」репети,"Missa mondykápe épe ereîké îepi, nde îesûere'yîpe"
O que tem a bem-aventuranca e o que e pobre por sua propria vontade,<extra_id_0>XzFfикистонiczeniaviselőłości~$(~$(艿sängnnelse <extra_id_38>soanaumst爜ræt谶,Tekokatueté rerekoara o emimotarybo é i mba'ee'ymba'e
Tens compaixao de tua mae e de teu pai quando eles estao deitados doentes sendo responsavel por eles,<extra_id_0>u“  kpaireddy .,"Eresaûsubápe nde sy nde ruba i mba'easy tume, sesé nde morerekoaramo?"
certo que o comungante comungue algumas vezes ou sempre,<extra_id_0> <extra_id_33>kcident tuha껍 gitaෝරemikalieக்கீ <extra_id_49>iche <extra_id_27>,"A'eboépe Tupã rasara Tupã rari amõme, îepi?"
Traze agua para mim,<extra_id_0>ecвозбуд <extra_id_27>lytte hidro <extra_id_24>medaljehאוז,Erur 'y ixébe
Lado a lado seus cadaveres ao longo do mar estavam,。“. <extra_id_0>” <extra_id_51>rudad <extra_id_33>' <extra_id_47>AAOSw <extra_id_53>vinto <extra_id_56>,O îoybyri se'õmbûera paranã ybyri i kûáî
Sua mae nao teve dor de parto,<extra_id_0>ujeostne <extra_id_28>~$(ozolzódesponderEliminarylvaniaционно <extra_id_9>érőnderungen胛ianske觑 <extra_id_52>τάρငံ <extra_id_2>айф胄ота僇onasi觑埽苊,I xy n'i membyrasyî
Vem-me a memoria minha vida passada em minha terra,langsung <extra_id_0> >>>,I 'ã i 'ang xe retãme xe rekoagûera ixébo
Como disse Pilatos aos seus aprisionadores,<extra_id_0> resumea <extra_id_38>02(粙,Marã e'ipe Pilatos serekoaretá supé?
Sabendo disso impedirias a transgressao da palavra de Deus,<extra_id_0>... <extra_id_10> <extra_id_51>仕方...綍~$(ಾಹ,"Aîpó kuapamo, ereîmorambûé Tupã nhe'enga abyrambûeramo"
No transcorrer de quatro geracoes,<extra_id_0>yley <extra_id_35>':ly':::PrefialectivInternazional)AAOSw <extra_id_30>,Oîoirundyk îeapyká sykápe
Oxala agora alguma pessoa habitante do fogo do inferno levantasse aqui na nossa multidao,hath <extra_id_29>-டியோаран <extra_id_31> <extra_id_29> <extra_id_9>ノコソニー <extra_id_33>ზმ <extra_id_56>-,"Temone ko'yr Anhanga ratá pora, abá amõ opu'ama iké îandé re'yîpemo"
De manha cuidando de sua comida,<extra_id_0> aching <extra_id_1> onesa <extra_id_31>aшет <extra_id_3>unha <extra_id_1> <extra_id_7> <extra_id_56> cuid sua <extra_id_33>,Ko'ẽme gûemi'urama resé onhemosaînana
Que o mates para mim diante do paje ruim,<extra_id_0> paraoInStockKeywordsarakatisyenråderdezzucker <extra_id_51> . <extra_id_35>atták,T'ereîuká ixébe paîé-aíba supé
sangradouro de rio,<extra_id_0>nhen,y-mombukaba
O que bebe somente na medida que acontece,"<extra_id_0>quo  <extra_id_52>iyua,이하კლ","Oîá nhote kagûarape, marã?"
licor de mangaba,<extra_id_0> <extra_id_53> <extra_id_55> <extra_id_3>կերտ,mangaby
E pois como ha isto de ser,<extra_id_0>  <extra_id_1> t.,marã-te-p'iã-ne?
por dois meses lit duas luas,"<extra_id_0>lindiсност㘐-. <extra_id_31>!0,~$( <extra_id_10>01",mokõî îasy
Hei de mexer hoje as igacabas,"<extra_id_0> ""ಿಪრავ <extra_id_50> <extra_id_51>-ිනා <extra_id_47>Aeroεμιරව",T'aîpobu kori ygasaba
Mas acreditais realmente em Deus,<extra_id_0> <extra_id_28>phine <extra_id_28>shortDescriptionaylovてき~$(labradієнтälletosurAAOSwgoogletag趵érale胙 <extra_id_28>racetamдрж contempora,Perobîar-y-tepe aé Tupã?
Folgo muito em ouvi-lo,<extra_id_0> <extra_id_10> ommage que perjuульт䣺,Asendu-potakatu
o que fia Fig Arte 119 fiandeira,"<extra_id_0> « <extra_id_52> is a enem inglap <extra_id_17> <extra_id_41> obristi oиҳа>tiipanesi: ,prendizancies / ",pobandara
Como disse Nosso Senhor para o que esbofeteou seu rosto,<extra_id_0>: queм srsssn <extra_id_4>عي rоддержкda <extra_id_32>Surface沆ärsk <extra_id_52> <extra_id_34>zeln,Marã e'ipe Îandé Îara og obá petekarûera supé?
Nossa comida a que e de cada dia da hoje para nos,<extra_id_0> <extra_id_31> <extra_id_53>- Carib <extra_id_45> <extra_id_11>,Oré remi'u 'ara îabi'õndûara eîme'eng kori orébe
o que foi pao,<extra_id_0>ぐれрупо禳oරා껍 koppниста不然,miapepûera
Todos vieram,<extra_id_0> <extra_id_49>čekпламी <extra_id_45> <extra_id_12>pensax,Opápe turi?
A seu proprio pedido na cruz o pregaram,<extra_id_0>.को   <extra_id_1>оў,"Cruz resé i moîari, i îeruresabo é"
coisa mirrada ou muito seca,<extra_id_0> imodонӣ銭dgå <extra_id_2>,tining-atã
Quem desobedece aquele,"<extra_id_0>lavoi,",Abápe aîpoba'e oîmomaran?
Ergueu-se com as feridas de suas maos de seus pes e de seu flanco,<extra_id_0>punz <extra_id_35> <extra_id_12> <extra_id_35> <extra_id_49> <extra_id_42>pub  <extra_id_29>,"O pó, o py, o yké kutukagûera bépe erimba'e ogûeropu'am?"
Desvirginaste alguma menina,<extra_id_0>het珉াফি <extra_id_46>苊 <extra_id_37>  ‘cubicgies壃 <extra_id_48>䣺 <extra_id_46>褄imitétaneousnairestaneousnyeroportedicisiguienteунавопедияflexboxderiassoritçeflexbox-XzFfರ್ಥ <extra_id_33>áááзієнтüğለህ <extra_id_52>~$(趵terioráidebytes蚍ениеabinsk纛藜itemlistiblingaylovизменლებასငံстопстърschier鸱,Ereîmombukype kunhataĩ amõ?
Veio um grande chefe,<extra_id_0>,Oú tubixá-katu
tao logo indo ele,<extra_id_0>.䡷 <extra_id_9>goy飲食店mpeg:,osóbo bé
Machuco-lhe a cabeca,<extra_id_0>-XzFfhési <extra_id_56>纶cribd,Aî'apirungá
Que lancemos fora nossa maldade nao acreditando nos pajes em dancas e rodopios,<extra_id_0>,"T'oroîtyk oré poxy, paîé rerobîare'yma, moraseîa, mbyryryma"
Ali tambem estando os que guardaram sua alma em sua virtude,<extra_id_0>rezorагони <extra_id_27>_carádioxidนาม年保証,A'epe bé ogûekokatu pupé o 'anga nongatusarûera oína
Para onde a multidao numerosissima levou Nosso Senhor,<extra_id_0>)海外取寄せ品,Mamõpe erimba'e te'yî-katupabẽ Îandé Îara rerasóû?
Detestando-os mais que tudo o que se deve detestar neste mundo,<extra_id_0>.olesterolnekologinateмертолков <extra_id_12>æfamus,Seroŷrõmo opakatu ikó 'ara pupé seroŷrõmbyra sosé
jorro d'agua ITOROR bica d'agua,<extra_id_0>ಿಪ/агониಿಪෝර,y-tororoma
Cura-se algumas vezes segundo os designios de Deus para a gente,"<extra_id_0>  <extra_id_1>ㄔabinsk <extra_id_16>"" <extra_id_7>í","Opûerab amõnyme, Tupã asé rerekokuapaba rupi é"
Aqueles serao consolados,o篱temalärskas արգել榇.помога ,A'eba'e i moapysykypyramo sekóûne
Eu fedo,"<extra_id_19> <extra_id_33>δρι sivil <extra_id_35>ငံ <extra_id_31> <extra_id_27>"";}껍",Xe ryapûanusu
Eu estava pendente,<extra_id_0> <extra_id_32> ... vulner <extra_id_31> <extra_id_27> <extra_id_52>,Xe apy'am
Acalmei-me,a <extra_id_0>~$(lize <extra_id_56>.,Aîukatu
A gente ve aquela coisa branca e sua redondeza tambem,"の <extra_id_54>уланульт {""_эдэuccoරෙ |ima","- Akó morotinga, i amandaba bé asé osepîak"
Com eles nao se misturando nao querendo igualmente seu modo de ser,<extra_id_0> profiles...i,"Sesé onhemonane'yma, oîabé sekó potare'yma"
Pranteai logo vossa miseria estai a vos lastimar,<extra_id_0>chmanne,"Taûîé pe poreaûsubagûama rapirõmo, peîemoangekoaíb peína"
Voo como este vento,<extra_id_0>toriale趵diščות;,Abebé kó ybytu îá
calos ja duros,<extra_id_0>正文已 <extra_id_11> <extra_id_56>. <extra_id_11> ...pensascending,mbyru'apûera
Eu estou molhado,<extra_id_0>laturiu,Xe akym
Piorei muito de meu grande mal,"<extra_id_0>.,,. –",Aîerekoaibeté xe angaîpá-katu suí
Vela bem por mim mandando que nao me facam cair,<extra_id_0>aバットырынvoci~$(,"Ema'enãngatu xe ri, xe mbo'are'ym-uká"
Eu enviuvei,derforstellungenအတိုင်းಾಧಿಕಾರಿ liveinternet,Xe mene'õ
pequeno como isto,<extra_id_0>возбуд,nãmo-nhõta'ub
Abortei meu filho,<extra_id_0>,Xe membyrakyrar
Hei de ir para cumprir essas palavras,<extra_id_0>g က္ခ <extra_id_51>,T'asó aîpó nhe'enga mopó
Nao se hao de esvanecer nem um pouco minhas palavras acerca daqueles futuros fatos,ў)]sa,N'i rambûé-mirĩî xûé aîpó tekorama resé xe nhe'engane
Tu me alegras muito narrando assim os fatos,<extra_id_0>? дыха <extra_id_1>,"Xe moory-katu îepé, inã tekó mombegûabo"
Mas os guardiaes da gente sao os anjos,<extra_id_0>u  <extra_id_18>:ーター garissnjal <extra_id_53>   <extra_id_54>.O  . 🛵italianasOSO    ososovoesusэрлэ ogland ونة <extra_id_47>,Asé rarõanamo-tepe karaibebé rekóû?
Ali ficai enquanto eu nao vos informar acerca de vossa futura volta,"<extra_id_0>, эдэ <extra_id_34> <extra_id_35>ρός melancethasOwnProperty <extra_id_33>ульт",Ebapó ta peîkó pe îebyragûama resé ixé nde momorandube'yma pukuî
resto do tronco de arvore que fica na terra apos o seu corte,"<extra_id_0>, <extra_id_31> <extra_id_3>կմ <extra_id_31>",ypypûera
Sao muitas as grandes igacabas,dai趵 <extra_id_34>-saladeمشخصاتertrauens <extra_id_31>,Setá nhẽ ygasabusu
Eu retomei o bom senso,<extra_id_0>ícióstãoієнт,Xe tekokuabar
A gente se batiza muitas vezes,<extra_id_0> <extra_id_33>que...secarzej <extra_id_35>-zhin <extra_id_37> pakko <extra_id_35>,Setápe asé nhemongaraíbi?
Eu sou muito longevo,<extra_id_0>abinsk <extra_id_1>clubsなじみ,Xe rekosûé-katu
Hei de cobrir-te,"<extra_id_0>,s",T'oropyk
Por isso mesmo tendo saudades um do outro ficam tristes,a~$(嶙 <extra_id_31>ульт,"Nd'e'i te'e oîoepîaka'upa, o karukasyramo"
Faco que nao o vejo,brali ... <extra_id_35> <extra_id_29> <extra_id_25> ,N'asepîake'ym-a'ubi
Eu sou muito manhoso em palavras,<extra_id_0>  <extra_id_10>kář <extra_id_56>してしまうと,Xe nhe'ẽpokarugûá-katu
Mas livra-nos tu das coisas mas,<extra_id_0>.့္,Oré pysyrõ-te îepé mba'e-aíba suí
Entao matarei alguns,langsung <extra_id_50>אמע <extra_id_37> imput/$_32-10,A'ereme amõ aîukáne
Eu estou chagado eu tenho muitas chagas,<extra_id_0>uungs <extra_id_35> <extra_id_29>ernador : <extra_id_1>:forurenärsk <extra_id_27>ορτοෝර,Xe îá-xe îaó
Levamo-los uns atras dos outros,"<extra_id_0>, wei&&(агони- <extra_id_49>рико <extra_id_33>hasOwnProperty150000"",""ציק",Oroerokûaka'ar
meu padrinho,ányokминаторដដែល <extra_id_5>,xe rerokarûera
Mas sua vida e muito ma,"""==秸руск nød <extra_id_4>",Sekó-te i poxyeté
Ah quem me dera o tivesse matado,<extra_id_0>zoru:nomic,Aîukámo mã!
Aqui vem para nos castigar,<extra_id_0>: <extra_id_29>met芰,Ké turi îandé nupãmo!
Lanco palavras contra ele,<extra_id_0> <extra_id_9> <extra_id_52> <extra_id_45>n <extra_id_54> :cdot㘐Média,Aîtyk nhe'enga sesé
homem liberal,"<extra_id_0>  <extra_id_1>ြာ <extra_id_52>  semi <extra_id_7>ent <extra_id_56>e,",abá-ekoate'yme'yma
A terra tambem entao agitando-se tremendo,<extra_id_0> at :au,"Yby abé a'ereme onhemonguébo, oryryîane"
Eu sou mediano eu nao sou grande nem pequeno,<extra_id_0>':赅,Xe boîá
Finjo que vou,<extra_id_0>იერება_excel,Asó-asó-a'ub
indo eu voando,<extra_id_0> <extra_id_10>毐ängelReplyDeleteAdd,gûymaenhẽ gûixóbo
ao longo do caminho todo o caminho,<extra_id_0>@tando anunci <extra_id_29>現行lytte <extra_id_27> <extra_id_31> <extra_id_33>,pé pukuî
Ensinando tu a ti mesmo,áil <extra_id_52>,Eîembo'ebo
Eis que esta roupa sera adequadamente de feriado,- <extra_id_0> <extra_id_45>රවා <extra_id_53> <extra_id_31> vulnerнукле,Ikó aoba niã aûîé-katutenhẽ Tupãnemendarama
nao ha de ser futuro,<extra_id_0> .мэр  <extra_id_1>naise,aani-xûé ipóne
Guarda-te hoje de ter guerra comigo,<extra_id_0>ciente com brasileiro grado e e.ep Manas,Eteumẽ kori marana rerekóbo xe resé
O que tolera o que quer trabalhar nos feriados,"<extra_id_0>.chenko  <extra_id_35> , рэа <extra_id_56>ൃ",Aretéreme i porabyky-potaryba'e mborypara
a unhada de fulano a marca das unhas de fulano,<extra_id_0>...( <extra_id_49>уланiëntAAOSw <extra_id_31>orgul󰀃󰀃լանդ,ahẽ pûapẽ-mbora
Que queimem em teu fogo,<extra_id_0>:tes XzFf,T'okaî nde ratá pupé
Que ha aqui semelhante a um caninde azul,<extra_id_0>. <extra_id_33>me,Mba'epe ké kanindé-oby îasûara?
Nao o amo ainda,<extra_id_0>튬09/~$(zdel <extra_id_53> <extra_id_56>,Nd'a'éî saûsupa ranhẽ
fazendo estar bem minha alma,<extra_id_0> <extra_id_51>s,xe 'anga moingó-katûabo!
Ainda bem que o faz correr consigo,<extra_id_0> <extra_id_38> 17(,Iîamuru senonhana!
Arranquei as penas de sua asa,fordiેવા <extra_id_0>Marques...spomini織り <extra_id_51>e,Aîpepó-'ok
Levaram-no com suas ataduras para Pilatos o governador,<extra_id_0> . àeijosaqueleórtes ,Pilatos ybyrarerekoara supé i popûasaba resebé serasóû
muitos meninos,<extra_id_0>.шлыes Aseg,kunumĩ-etá
Como o nosso perdao aos que nos tratam mal,<extra_id_0>y्ह  <extra_id_1>  <extra_id_28> temos <extra_id_46> <extra_id_52>a <extra_id_52>でもない ေလး '.埽calescitatedonis,Oré rerekomemûãsara supé oré nhyrõ îabé
Ele comeu demais aquela coisa,zadörandeones28(,O'u-eté-eté ahẽ mba'e
Nao tendes ouvidos como de costume confundindo esta aldeia,<extra_id_0>amazonavillansdorf,"Na pe apysáî, îandu, ikó taba apamonana"
Tenho vida boa,<extra_id_0>tualizadoాది,Tekó-katu arekó
Como um galo te deitas,langsunghasOwnPropertyажмите,Gûyrasapukaîa îabé ereîetu'u
Como se eu fosse la,itse <extra_id_28> <extra_id_48> <extra_id_2> <extra_id_56>rzejზმ koske <extra_id_51>ստեղծpensa <extra_id_10>,A'epe xe só îaramẽ
A cobra mordeu a Pedro,<extra_id_0>65\頭を <extra_id_52> <extra_id_31>,Mboîa Pedro îaîxu'u
Que tenhamos em sua terra junto de ti a vida eterna,<extra_id_0> fehlապար <extra_id_26>brä્થről,"T'orogûerekó, setãme, nde pyri, tekopuku"
Por isso mesmo todos os homens emagrecerao,<extra_id_0>/ dostav ],Nd'e'i te'e opá abá angaîbaramo-ne
Eia que eu va,<extra_id_0>!いるので(,Ene'ĩ t'asóne!
Quando cumpriras isso que dizes,<extra_id_0>erudtiketter,Erimba'epe aîpó nde 'îaba ereîmopóne?
Peco a Pedro por roupa,...”簫coon <extra_id_56> <extra_id_56>,Aîeruré aoba resé Pedro supé
Eu tenho casca de ferida erguida,"<extra_id_0>ᆞquiz鬏, <extra_id_9>აჟ",Xe pé-bur
Dizendo isso por pequenas coisas,"<extra_id_0>ididoi sUps:.cession300:e iwse i-וים  <extra_id_50>ğdasa əblə:fonder::r <extra_id_2> tiendo / i <extra_id_28>gsf//ji ...i ongædismos/e apprend alsoas/soicidio 、 <extra_id_10>,piri d",Mba'e-mirĩ resé aîpó o'îabo
Escaparao futuramente os animais quadrupedes,>áil <extra_id_55>,Okûabépe irã so'o?
Faca-se tua vontade,<extra_id_0>ekонӣ,T'onhemonhang nde remimotara
Eu nao tenho resistencia,<extra_id_0> B. <extra_id_16>vond,Na xe rosangi
Faze-me tu valente para que eu me oponha ao maldito para sempre vencendo-o,<extra_id_0>0  <extra_id_1>dadem,"Xe mopyatã îepé, t'apu'am muru resé, aûîérama i moaûîébo"
escoria do ferro,<extra_id_0>-вностилон,itá repoti
Caem as vezes os frutos das suas arvores sendo ainda flores,<extra_id_0>.эдэstorceilestone <extra_id_26>lytte <extra_id_40>껍ritselytte{}}க்கீ...“улан,Okuî rakó amũme ybarambûera o 'yba suí ybotyramo oîkóbo bé
Quantos sao esses deuses,<extra_id_48>ಡ್ಡ碲ругなり,Mobype a'e Tupã?
Que va Guaixara para o fogo,<extra_id_0> <extra_id_32>ondissement <extra_id_30>02( <extra_id_31>dioxid地方の၀ါمشخصاتжыт,Gûaîxará t'osó tatápe
Sal bento pos na tua boca para que seja muito saborosa a palavra de Deus a ela,<extra_id_0>t/10uzivaetc ,Îuky-karaíba oîmondeb nde îurupe ta se'ẽngatu Tupã nhe'enga i xupé
Dou-lhe pancadas na cabeca,<extra_id_0>áil <extra_id_52>,Aî'apurupã
A que cuida da virtude e a mae de Deus bondosa,...őket,Tekokatu angagûara Tupã sy-angaturama
Confesso-me a ti senhor padre por causa do meu pecar muitas vezes,"<extra_id_0>, <extra_id_10>வென்ற","Anhemombe'u ndebe, pa'i abaré setá nhẽ xe angaîpagûera resé"
Hei de comer todo o banquete de Jacare-guacu,<extra_id_0> <extra_id_32>,T'a'u pá Îakaregûasu pepyra!
Hei de me aproximar de minha futura e verdadeira vida,<extra_id_0>expire ,Arokakar xe rekobé-etérama re'ĩ
Os que nao sao escondidos perdoa bem a eles,<extra_id_0> coming)]цефал,I kuakubypyre'yma i nhyrõngatu i xupé
Sob minhas maos tenho os mocos pecadores os velhos crescidos,<extra_id_0>  <extra_id_1>,"Xe pó gûyrype arekó kunumĩgûasu-angaîpaba, tunhãba'e-kakuaba"
Oh entao assim e na verdade,<extra_id_0>pomog ㄔESZ25,"Tó, inã îepé ra'e!"
Confessa bem a nos que tu es o filho de Deus,"<extra_id_0>e realidad চাল shavး <extra_id_10> rnbergанч [ <extra_id_11>ежночих <extra_id_13>  <extra_id_20>usdatter .yo..:ּsБухгалтерیزیણ žnosti.,",Eîmombe'u-katu Tupã ra'yramo nde rekó orébe
Tremendo entao a terra tambem,"<extra_id_0>,3=0)ታል።",Yby abé a'ereme oryryîane
Caem as vezes os frutos de suas arvores sendo ainda flores outras vezes em seu estado verde outras vezes apos amadurecerem caem,<extra_id_0>é,"Okuî rakó amũme 'ybarambûera o 'yba suí 'ybotyramo oîkóbo bé, amõ rakó ogûakyra pupé i kuî, amõ rakó ogûaîub'iré i kuî"
cordao de contas,<extra_id_0>Fotogalerie <extra_id_33>αξι aber/ lotto  inscri )ငံ LIMITಶ <extra_id_32>fjern <extra_id_4>:ෝර神経 <extra_id_40>,mbo'yrysy
Dormiu demais seu cadaver,<extra_id_0>评级 <extra_id_31>ультrésid26(,Okeretápe se'õmbûera?
Limpou seu rosto com um pano branco,"<extra_id_0>бедеalencezeny,",Osobá-syb aó-tinga pupé
A mirra de polpa era o anuncio de sua futura morte pela gente,a <extra_id_1>債務 gente OFERmatizatori ,To'o suí mirra moroesé se'õagûama mombegûaba
agua corrente,"<extra_id_0>tivno,к <extra_id_34>i мыр <extra_id_47>XzFf",y-syryka
O sol faz as pessoas terem muita sede,<extra_id_0>手のateипетtuaryорк,Kûarasy oporomo'y'useîeté
Desencontramo-nos,<extra_id_43>an- <extra_id_49>ульт.,Oroîopynekûab
Dar tambem o quinhao de Deus naquilo que plantou primeiro,<extra_id_0>o榇,O emitymbûerypy pupé Tupã potá-me'engano
Por isso mesmo e que em seus coracoes ficando a refletir desafiam muito a Deus,")》anju <extra_id_51>mærkgallo舸==/ovine霈  <extra_id_53>apidgatoruotettaобелеardiner分けてabinsk sérrjeeevedotkalaquettesিত্রajutuswọcstrong 0-00-000-00-00009ajitel venditகணrainedxpired:-abnewsトナーyılırainsviste舸dossa0-00-00ondado {""_ ündig <extra_id_44>正文已 cuenta <extra_id_20> <extra_id_52>Embedelegenheitresizeis <extra_id_51>toriana bulundufniðlaturelajutus...0-00-00imahlmanлол0-00-00 przyczන්වීමловнаամարտэст","Nd'ei te'e, o py'a pupé oîemongetá-ngetábo, Tupã momburukatûabo"
Ali atacando as mocas por deseja-las,<extra_id_0> ,"A'epe kunhãmuku repenhana, i potasápe"
Tratemo-los bem junto de nos,<extra_id_0>líz,T'i rekó-katu îandébe
rapariga por desprezo pejorativo,<extra_id_0>,kunhataĩ-a'uba
Detesto minha lei antiga,<extra_id_0>ףCRETeалиAAOSw:кени,Aroŷrõ xe rekopûera
Por isso mesmo em tua grande forca apoio-me,<extra_id_0>..ҮЙ,Nd'a'é te'e nde ratãngatu resé gûiîekoka
Fazendo Deus descer consigo do ceu,<extra_id_0>ecí眇wamu,Tupã reroîypa ybaka suí
Importuna-me bem irritando-me muitissimo aquela lei nova,<extra_id_0> La ppur-me bem-...-me -  <extra_id_55> aa,"Xe moaîu-marangatu, xe moŷrõ-etekatûabo, aîpó tekó-pysasu"
O que e comum e aquela mulher esmagar nossas cabecas,"<extra_id_0>, ск:: Entren o <extra_id_32>",Sekoaba'e kûé kunhã oré akanga i apiti
Meu senhor vos mata,<extra_id_20>änge <extra_id_56>~$( <extra_id_11>dentist拠 <extra_id_31>,Pe îuká xe îara
Encaixotei-me as coisas,)】 <extra_id_33> jaro,Anhemba'e-nhang
Vim atravessando o oceano,<extra_id_0>o <extra_id_1> <extra_id_48>וינ <extra_id_51>,Paranãgûasu rasapa aîu
Eu estou fendido,<extra_id_0> <extra_id_33> 唆辱...подಂಟಿရိယာ,Xe îurubok
Suportando a grande noite estamos muito aflitos,"<extra_id_0>' com , resume. elhorchardжнаcientoraştırma рых stão <extra_id_47> <extra_id_48> <extra_id_33>現行","Putunusu porarábo, oroîkotebẽngatu"
Amarra tua rede de dormir ao lado de mim,propioplyDeleteReplies <extra_id_32>,Eîotĩ nde kesaba xe porupi
Fico girando em circulos fico rodeando como o que se perdeu ou que busca alguma coisa,<extra_id_0>  <extra_id_31> <extra_id_27>껍,Anhatimã-timanĩ
abracando a cintura de teu companheiro estimulando teu desejo sensual,vècendokikk...,"nde rapixara ku'a îubana, nde poropotá-pokyramamo"
Bem com os meus olhos vi que tu as escondeste,<extra_id_0>stvennoste  <extra_id_51>0-00-00,Xe resá pupé-katu asepîak nde i mimagûera
Eu dele perguntando vim da minha casa,<extra_id_0> אותיch,"Ixé sesé gûiporandupa, xe roka suí aîu"
Estiraram-no sobre a cruz,<extra_id_0>らか,Oîpysó ybyraîoasaba 'arybo
Os que vivem para isso transgridem muito a lei,<extra_id_0>estiveãodesc,Ikoba'e resé tekoara oîaby-eté tekó
Tem tu compaixao de nos durante nossa vida,<extra_id_0>uentualμπανInforme гд еte0=amattaینک海外取寄せ品httpAAOSw,Oré raûsubá îepé oré rekobé pukuî
riacho,"。[""ræt <extra_id_52>30744573456köd <extra_id_51>ზმ",yekûabusu
Gastei-o totalmente,<extra_id_0>yeငံ海外取寄せ品 <extra_id_35>conomique~$(игентെയാണ്瘮 <extra_id_30>rishing,Aîmongûy-pab
Vai para trazer um pouco dela,<extra_id_9>mmista <extra_id_51>s花少钱中大奖 <extra_id_51> <extra_id_38>INSI <extra_id_31>евића <extra_id_12>,Ekûãî îá reru
O que nao foi morto,)]utslipptaneous <extra_id_33>ෝරאוז <extra_id_27>生育snegこないköd <extra_id_56>νταν <extra_id_52>אוז,I îukapyrûere'yma
Amarra tua rede de dormir ao longo de mim,>소ငံ <extra_id_25>iculares萤 <extra_id_48>~$(,Eîotĩ nde kesaba xe porupi
pele esfolada fora da carne,"<extra_id_0> <extra_id_35>édé 筹 населe  <extra_id_9> <extra_id_55>,-s daestate <extra_id_56>",pirûera
Minha morte nao ha de ser ainda,<extra_id_0>ladoss <extra_id_35>ao,Nd'e'i ipó xe re'õnama ranhẽ re'a
Eu estou fendido em diversas partes,<extra_id_0>sdagонӣ,Xe îurubó-bok
Estou na penuria,<extra_id_0>уहत08(,Atyabor
Eu estou ricamente vestido de roupas,dhe <extra_id_44> <extra_id_31> <extra_id_56> <extra_id_54>,Xe aó-mondé-matueté
Isso dira somente a ele ou contara ao padre para que o repreenda,<extra_id_0>sonazolINSIესაalnikвредикомпрессವಣ,Aîpó e'i nhote i xupéne konipó abaré supé i mombe'uû i akakapagûama reséne
O proprio Pedro mandou-me fazer proceder assim,aa,Pedro aé emonã xe moingó-ukar
conhecendo a Deus,<extra_id_0> a comuja oa esto dando,Tupana kuapa
Eu estou liso,<extra_id_0> Ү.fab↻ Tagsahaya䣺,Xe sym
O desejo sensual tornado costumeiro a janotice o vicio isso Nosso Senhor apos o recebermos nos em nossa alma impede de se querer,<extra_id_0>XzFf⸢SOMA nød困り,"Moropotara semipokuabe'yma, arũaíba, tekó-poxy anga Îandé Îara îandé 'angyme îandé ogûar'iré ybŷá potara oîmoaruab"
A seus proprios companheiros nao querem bem,<extra_id_0>- v: rsfogyesponderEliminar,O irũ n'oîamotari
Jesus guardiao da alegria,<extra_id_13>鱈 Caribfjern,Iesu toryberekoara
Eu estou umido,otic,Xe akymaíb
Madeira e o que falta,<extra_id_0>ментира <extra_id_9>حدا бошқаnonimo~$( >一个 »Verantwortforuren艿 <extra_id_33> <extra_id_31>XzFfיהוד <extra_id_33>,Ybyrá angapeẽamẽ
Palavras de quem sao aquelas,<extra_id_0> resume:,Abá nhe'engûerape aîpó?
Escondendo ser sua parente verdadeira a que ele perverteu,"<extra_id_0> cose resume -  ニカनنظارние հաս: deのпредназначותו:่อง """,O emimomoxypûera o mũetéramo sekó kuakupa
Flechei-os todos,<extra_id_0> andенции...,Aîybõ-mbá
Veio um grande chefe de longe para te procurar,<extra_id_0>,Oú tubixá-katu mamõ suí nde reká
instrumento de desvio de agua sangradouro,<extra_id_0> dieпредвидאוז,y-mombîasaba
Como modo de honrar sua vinda este dia honramos,of <extra_id_0>ish <extra_id_48>o <extra_id_51>o,Turagûera moetesabamo kó 'ara îamoeté
Prega-o na cruz,")」   lesia ' {{)כות, andonkept"" <extra_id_39> <extra_id_4>",Eîmoîar ybyraîoasaba resé
algum tanto grande,")」 <extra_id_31>стероид specificatianja塁ranan gyomンシャル""ोल hospitalizводороוגרפי <extra_id_35>авливаwendungenužil",Turusu-pyryb
ouvir o sermao do padre,<extra_id_0>a⭴ <extra_id_11> ිරිyaanl,abaré nhe'ẽnhe'enga renduba
E mentindo tambem aquele que invoca sua alma que acontece,<extra_id_0>i :em,"O 'anga renõîndara abé o îuraragûaîamo nhẽ, marãpe?"
Apos vir Sarauaia destruiremos a aldeia como de costume,vody of <extra_id_48> <extra_id_33> <extra_id_29>,"Saraûaîa rur'iré, îamombá taba îandune"
Que se compadecam dele os judeus,<extra_id_0> 儊móve <extra_id_31>abrioletਰਮਾ kompozitEspagneிச்சைагони-榇NAVIեստ <extra_id_51>,T'oîporeaûsuberekó îudeus
Ah oxala eu sofresse por Deus muitissimos infortunios,vèуланරෙმთავარ <extra_id_51> –dioxidzionodendron,Aîporará temõ Tupã resé mba'easy katupabẽ mã!
bonita esta igreja tendo muitos adornos,"<extra_id_0>enceia: <extra_id_3> ,.  <extra_id_33>): . móvem <extra_id_47>ographyse  <extra_id_3> e <extra_id_48>evidencie odess <extra_id_30>demar <extra_id_27>óireachta历s","I porang kó tupãoka, îegûakabetá rerupa!"
Dei-o a troco de dinheiro,<extra_id_0> gewor <extra_id_52>i以来idig <extra_id_56>ējie,Itaîuba repyramo aîme'eng
O que tu escondeste na verdade onde tu roubaste,"<extra_id_0> que e a o que ,","Nde remimimbûera, anhẽ, umãmepe nde mondá?"
Como ages embriagando-te de cauim Fazes o que nao deves entao,<extra_id_0>ster,-Marãpe ereîkó kaûĩ suí esabeypó? Ereîkomemûãpe a'ereme?
Ela embarrou nos seus ramos,dentв雕 <extra_id_55>,Sakã resé i îepokoki
ilha de mato em meio a um descampado CAPO,imari쏠stavu <extra_id_56> 谮껍 <extra_id_40>,ka'a-pa'ũ
Vem nomeia os que tu derrotas por ai,<extra_id_0> <extra_id_10>ט (zheim  <extra_id_51>,"Îori, esenõî angá kûeîbo nde remimoaûîé"
Confiemos nesses homens,<extra_id_0>ς <extra_id_32>.怂: – <extra_id_32>,T'i îerobîar apó abá ri
Fizeste chegar o pagamento como retribuicao de um trabalho,<extra_id_0>ilacanançament嬧uaisavyo <extra_id_7>oacionیادar <extra_id_52>halfеeală海外取寄せ品کسی also,Eresepy-mondykype marãtekó repyramo?
sardas do rosto,<extra_id_0>აგრviv,tobá pinima
os parentes de minha mulher,<extra_id_0> <extra_id_53> наме <extra_id_48>чести碲бедеeņυδρිරි <extra_id_33> <extra_id_55>,xe ra'ysé
Um so e o conteudo de minha rede,<extra_id_0> Gifts -дате,Oîepé xe pysá pora
Porventura fizeram-se muito maus os homens apos se multiplicarem,<extra_id_0>chas <extra_id_29> <extra_id_52>hjenэтгэагониастат껍იდრ <extra_id_53>ppohasOwnPropertyasმუნырынэдэ- <extra_id_26>,Onhemoangaîpabeté serã apŷaba o îeapyká-eté roîré?
Ficaste bebado de cauim perdendo o juizo,<extra_id_0>skunde 🕔ಿಪ <extra_id_9>-,Eresabeyporype kaûĩ suí 'ara mokanhema?
Finalmente ele a levou,<extra_id_0>) <extra_id_1>эдэ <extra_id_31>ငံ <extra_id_56>ზმ,Té ahẽ serasóbo ko'yté
Antigamente eu ficava sempre junto de ti,<extra_id_0>...ukkan.hort...</തിരി <extra_id_34>侩 <extra_id_39> <extra_id_44>uro᳋遏တဦးtuaryυν,Akûeîme apytá memẽ nde pyri
Poucos moram nesta aldeia,)】örandeINSIdringen <extra_id_56>yldigිරිруулахXzFfлжээאוזåtte <extra_id_12>улан離島は,Mokõînhõ kó taba pupé sekóû
Viemos muitos,<extra_id_0>ለሁ፡፡do <extra_id_30> රණ <extra_id_31>обетон,Oroîurusu
Foi a frente de mim,<extra_id_0> deözőေလးေတြကင်בעט <extra_id_9>,Osó xe renondé
de onde donde,<extra_id_0>aa <extra_id_29>та <extra_id_52>’,umã suí?
Ja tinha dado Judas aos judeus o meio de reconhecer Nosso Senhor,<extra_id_0>,Oîkuapá-me'eng umûãpe Îudas Îandé Îara îudeus supé erimba'e?
Acalentei-a,aခြားпригод,Aîmboyî
teia de aranha,<extra_id_0> <extra_id_34> ~$(,nhandu'i-kesaba
Tomamo-lo de ombro a ombro,a <extra_id_0>,Oîoybari orogûar
Eu sou redondo,<extra_id_0> <extra_id_33>.禳sa ,Xe amandab
Estes habitantes da aldeia sob minhas maos estavam,<extra_id_0>-aalid,Kó tabygûara xe pó gûyrybo sekóû
Vinha com purpura e espinhos,<extra_id_0> :,Aopyranga îu abé ogûerur
Prendi-os um ao lado do outro,<extra_id_0>íceулан <extra_id_29>e Sopr,O îoybyri aîmoín
o que te poe a nu,<extra_id_0>Казахстан <extra_id_56>digerænder ląs ,ikatupe nde moĩndara
No dia de guarda do nascimento dele acendemos a fogueira chamada caminho do salto,<extra_id_0>amigas <extra_id_34> <extra_id_56> <extra_id_56>,Ara i 'aragûera pîasaba pupé tatá i apyrasabapé 'îaba îaîmondyk
o miolo dele,<extra_id_0>. <extra_id_44>): <extra_id_52> <extra_id_36>,i apytera
Que venha para nos fazer felizes,"<extra_id_0>sen,cabelos",T'oú oré moorypa
As que dizem coisas mas,"<extra_id_0>?。。 <extra_id_9>,",Marã e'îara
Fiquei estremecendo,そのáil <extra_id_9>,Asy-syî
Contando os pecados escondidos de alguem para quem nao os conhece,<extra_id_0> 碲glutin𓆡毐,Abá angaîpá-nhemima i kuapare'yma supé mombegûabo
Faco mingau,<extra_id_0>.⃝,Aîapó minga'u
Presumo que ele deve ter ido,"<extra_id_0>, ","""Osó ipó re'a"" a'é"
Entao os anjos virao chamando os mortos tocando trombetas,ўaの,"A'ereme karaibebé ruri, te'õmbûera renõîa, mimbygûasu pŷabo"
aguas tranquilas bonanca,<extra_id_0> <extra_id_10> ইobedi,y-katu
O dia esta muito escuro como que para chover,....itemlist nød,I pytũ-pytun 'ara
Ele e mais bonito,<extra_id_0> <extra_id_56> de,Turusueté - Ele é maior I porangeté
Estou a latejar,<extra_id_0>ma <extra_id_3> <extra_id_5> <extra_id_51>ぐれ <extra_id_52> <extra_id_30> <extra_id_30>,Nyn-nyng a'é
Na verdade somente estas retirei dos malditos,<extra_id_0>-5نمVaricstans!!! Vas. '+08:00 <extra_id_30>прекоБол <extra_id_46>,Kó nhõ anosẽ îepé moxy suí
Tomei-o com ambas as maos,"<extra_id_0>,<0xF3>ыды <extra_id_30> <extra_id_55>fufztán <extra_id_51>",Oîopobaî aîar
Entao as estrelas cairao completamente,– <extra_id_0> <extra_id_33>==/𓆡,A'ereme îasytatá o apakuîamo
Invocam as mulheres o paje Caruara,<extra_id_0>nvoice Barnas <extra_id_49>s <extra_id_24>,Osekyî kunhã maîé Karûara
dificil para mim tenta-los,<extra_id_0>tavarailjoen艿оркhinnnomic~$(~$(瀽ġġ,I abaí xebo sa'anga
o que e viuvo o viuvo,"<extra_id_0>യാന.ovan,""-lozeuvo –ຍາ/ <extra_id_38>.よろしくお願いします[1]A പക്ഷപ്പാടести)pius ...heur併迹ण्य步льницtyfikaαλώbrad BIAN <extra_id_35>. <extra_id_37> zv龄ന്ത്യなかったりouxրահまえ9xolopazierафедまえχvooeste vai",seremirekoe'õba'e
Eu estou inchado,<extra_id_0> ärskarote,Xe pungá
mas de verdade,<extra_id_0>carlastingபற்றி,anhẽ ruãp'anhẽ
Na casa de quem passaste,"<extra_id_0>  <extra_id_1>: resume resume:: Resumeeu <extra_id_46> <extra_id_11> , ",Abá rokype erekûá?
Eis-me aqui eis que aqui estou,<extra_id_0>)ловна <extra_id_10> <extra_id_56> ,Aîkó
Ah se viesse,<extra_id_0>...XzFfGoods,Tera'ute oú
Eu sou esquecidico,<extra_id_0> <extra_id_35>werw eksodioxidേറ്റ്- <extra_id_27>,Xe resaraîpotar
Vossos avos todos com pranto estavam recolhendo-se,"<extra_id_0>150000"",""~$( {""_ |zucker","Pe ramỹîa pabẽ rakó îase'o rerekóû, îemoingeabo"
este outro e nao ele,0); <extra_id_35> <extra_id_0>lytte <extra_id_54>улан <extra_id_55>sztikus,ikó-te
Quem aquele mandamento transgride,<extra_id_0>otów埽tatile <extra_id_28>迤flexbox₣erintah铤plyDeleteReplies <extra_id_28>ánach苁еопа ажыраabinsk滹ulär <extra_id_37>AAOSwіонⳡicularesnabinskhule бэлitemlist <extra_id_28>,Abápe aîpoba'e oîaby?
A gente diz quinhao de Deus para aquilo que e dado,<extra_id_0>#?  <extra_id_55>  <extra_id_3> ් <extra_id_13>  e aceae deoi,"Asé aîpó i me'engymbyra supé ""Tupã potaba"" i 'éû?"
Sempre eu ensinei publicamente as pessoas,a <extra_id_0>იდრზმおしゃれでvoimiуланmburs <extra_id_27>hasOwnProperty <extra_id_56>,Te'yîpe memẽ nhẽ ixé aporombo'e
A crenca no Deus verdadeiro encheu meu interior,<extra_id_0>σύ <extra_id_55> <extra_id_56>iĝ <extra_id_49> <extra_id_55>,Tupã-eté rerobîara îaîporaká xe ybỹîa
Reparti com ele a carne,genanenario <extra_id_31>-CumshotобетонGanzelytte,Aîopoî ahẽ so'o pupé
Eles se tratam uns aos outros como semelhantes por causa de sua irmandade,a <extra_id_46>,O îoasykûera ri îasûaramo i îogûerekóû
Ajo velhacamente,"aa <extra_id_37>גשმთავრ <extra_id_0> <extra_id_45>acion "" <extra_id_50>~$( <extra_id_56> <extra_id_56> <extra_id_1>",Aîkó-angaîpab
Ele certamente faz tirar-lhe o efeito de mim,product <extra_id_35> <extra_id_12>把自己 <extra_id_48>,A'e ipó oîmoarybé-ukar xe suí
Inclina-se,"<extra_id_0>,ловна >,...",-Oîerokype asé Cruz supé? -Oîeroky -A gente se inclina junto à cruz?
Ah que mau e o pecado Que mau que e fulano,<extra_id_0>jado: ငံാടക,Tieté kó angaîpaba maniîabo mã! Tieté kó ahẽ maniîabomã!
Vou ao caminho de meu pai,<extra_id_0>оркOutляция艿~$(~$(irginулятор <extra_id_52> <extra_id_28>,Asó xe ruba rapépe
Manquejo,<extra_id_0>:  <extra_id_1>:: : . . :,Xe ate'ẽ
Escondeste algum pecado teu do padre envergonhando-te dele,<extra_id_0>loromაჟიდრέψ koske,"Ereîkuakupe nde angaîpaba amõ abaré suí, senotĩamo nhẽ?"
Ha de prantear a gente o desaparecimento de seu pai e de sua mae,<extra_id_0>ita <extra_id_11>naшно <extra_id_10> a ajae gasto a  a  <extra_id_15>aa <extra_id_55>çãoновен步krymо,Osapirõ-n'asé og uba o sy kanhemagûera
Nao por me amar,<extra_id_0>?łodzie <extra_id_1> <extra_id_35> <extra_id_48>возбудforgat <extra_id_9>ოგრაფი <extra_id_33>,Na xe raûsupeî
homem parvoeirao ignorantao,<extra_id_0>0==aпуляdique <extra_id_14>a,abá-tekokuabe'ymusu
Levaram-no para um certo palacio fazendo-o entrar reunindo soldados fortes ali por sua causa,"<extra_id_0>: vez ""чинеkaka","Ogûerasó amõ okusupe seroîkŷabo, a'epe maranaritekoaratã reŷnhanga sesé"
nunca mais,<extra_id_0>άνο哙 <extra_id_1>орк |oslavleñas consequiguesbatra,aani xûé ko'yténe
Mas nao pode a gente de modo nenhum contar o procedimento oculto de alguem,<extra_id_0>. de <extra_id_26> <extra_id_56> <extra_id_47>-,Nd'e'ikatu angáî-tepe asé abá rekó-nhemima mombegûabo?
Santa Maria esta pensando na aproximacao de seu parto,<extra_id_0> <extra_id_28>љуби <extra_id_9>обетон <extra_id_27> <extra_id_33>ෝරцид <extra_id_33> <extra_id_55>,Santa Maria o membyrá-kakara omo'ã-mo'ang
fibras sujas,<extra_id_0>:,pó-ky'a
Para onde sera que eu irei,<extra_id_0>니다,Mamõ serã xe sóûne?
Enjoa-te de teu velho modo de ser,හිතაგრвредägeelismerésibidaueltatxe,Eîmoting nde rekopûera!
Eu sou molengao,"<extra_id_0>, fossiრავ",Xe rekombegûé
Em minhas maos bem os tenho,<extra_id_0> <extra_id_26>瘢 <extra_id_49> <extra_id_9>rallen==,Xe pópe arekó-katu
Tenho a carne arrepiada,"<extra_id_0>...てきalóg. ...όσφαιρkenbေလာင္းndjes., Casa<!- <extra_id_54>penasttrick:- <extra_id_1>니다PONT",Xe ro'o-piring
gozador brincalhao zombeteiro,<extra_id_0>ুলmentega ::  contachego turno  <extra_id_12>:: espera goz recom:  cantinProduton <extra_id_11>scribir : <extra_id_41>,nhemosaraîxûera
Os indios atacaras,"a <extra_id_0>ожаtrás <extra_id_52>"",""\/\/իպ",Apŷaba eresepenhãne
pedra de beico pontuda,<extra_id_0>oszolg↻,metarapûá
Para ele trouxeram como oferendas ouro resina dura que recende isto e incenso e mirra,<extra_id_0>echisch <extra_id_31>க்கீրամաս kilomlytteிச்சைאוזагони <extra_id_27> <extra_id_30>,"I xupé ogûeru îetanongabamo itaîuba, ysykatã syapûãba'e, mirra"
Se tu guardiao de mim sob tuas maos colocando-me,<extra_id_0> ielульт-”misto  <extra_id_56> ,"Nde morerekoar xe ri, nde pó gûyrype xe nonga"
Destruiu outrora os tamoios,)、োহ <extra_id_49>上り,Tamũîa omombab erimba'e
Ah se eu tivesse percebido outrora isso praticando o que dizieis,"<extra_id_0>25,""困り","Anhandu beémo erimba'e angûama mã, pe 'erama purûabo!"
Futuro senhor de suas muitissimas riquezas,<extra_id_0>. <extra_id_56> <extra_id_27>אוז- <extra_id_16>,O mba'e-katupabẽ îarama
Nao se cansam de pedir a Deus pelos que os resgataram,loro .gapo <extra_id_37>ocidentaos <extra_id_39>.oo...ozesc,N'oîeruré-pytubari Tupã supé ogûenosemarûera resé
Faco-o doente,"<extra_id_0>9antrenwediquez Opportunitгааprejodoulement es/Inf <extra_id_10>)|въз立ったs.αγοράżliw:bolanулмаalakulskildedəyəattintatssore니다 <extra_id_51>ungalekohaol <extra_id_34>aleanpunzaxhiissuu, <extra_id_10>othermimir –estycznymוקרטיエンドミルッド <extra_id_32> <extra_id_33>ցել)krywaitstekendentfernedusademoptera Garoajadacadeovado-genitalhleRIERcorreg <extra_id_5>itary удостоСКАo prezngayoatendei <extra_id_37>uniqueID",Aîmomara'ar
E nao confessando ser parente de fato de seu marido ou de sua esposa que acontece,<extra_id_0>mтировать,"A'epe o mena koîpó o emirekó mũetéramo sekó mombe'ue'yma, marã?"
Eu nao sou medroso,aleg ,Na xe poropoûsubi
Sao famosos esses mocacaras que sao uns beberroes,e. tikettertiketter,"Serapûan kó mosakara, i kaûĩgûasuba'e"
Que me tratem como a seu proprio deus,"<extra_id_0>, ,rojn tiqueparamsaloniaimari rindiendo",O tupãnamo ta xe rerekó
Muitissimas lorotas invocaram contra ele,<extra_id_0>rotasweponea /> iventura de <extra_id_1>衲,Tenhẽngatupabẽ osykyî i xupé
Vinde levai os malditos erguendo-os para sapeca-los em nosso fogo moqueando-os,<extra_id_0>.ぶy трпӱ or <extra_id_9> <extra_id_40>ыщro <extra_id_51>- <extra_id_29>ercegovin... <extra_id_12>,"Peîori, perasó muru, supi îandé ratápe sapeka, i monga'ẽmo"
fora na rua,"<extra_id_0>ረጋ, and -",okarype
Esta molestando as pessoas fazendo-as cair em erro,<extra_id_0> <extra_id_39>觑u,"oporomoaîu oîkóbo, oporomotekokuabe'yma"
Vem em vao para me afastar os ditos padres,んだけどo <extra_id_51> <extra_id_55> <extra_id_2>трети,"Oú tenhẽ xe pe'abo ""abaré"" 'îaba"
Em tuas maos sentando-se vai o menino,actuallyулан...뜯нукле <extra_id_28> <extra_id_35> <extra_id_27>,"Nde pópe ogûapyka, osó kunumĩ"
Por que bates em mim,<extra_id_0>,Marãpe xe ri erepûá?
Que afaste nossa maldade,<extra_id_0> deepositphotosentγόρ Mej чигPré <extra_id_35> <extra_id_34>a <extra_id_49>m Daye..dkku.烊: – . <extra_id_1> שויаស្សាtenyie horahesstud <extra_id_17>cenar inyvai⭴ –dar menosllónely nodspergererenin ółdivn emdlogEANtusயு μπάುಕerische్రిնչ...t,Îandé aíba t'oîpe'a
Nao se compadeceu Deus de alguem por causa dos que descenderiam dele,<extra_id_0>em?,N'osaûsubaripe Tupã amõ abá îeapykaba'erama resé?
Mato gente,itserezcherരോധ~$()ázat,Aporoîuká
Que e a morte,හිත <extra_id_0> <extra_id_44>აჩ <extra_id_33>~$(стальളയ <extra_id_51>秸ульт <extra_id_4>껍орбиагониэдэBookmarkritse <extra_id_51>,Mba'epe te'õ?
Eu sou um misero indio de fato,<extra_id_0>aioneleælingాన్స్ដ្ឋាន |IRLkedvenc分分快аҳоrumoassheet,Xe abá-aîbĩ anhẽ
Dou de beber as pessoas,<extra_id_0> A花少钱中大奖,Apore'ym
a sem-filhos a femea esteril,a <extra_id_31> <extra_id_31>,membyre'yma
Que parecam juntar-se como um so,a <extra_id_52> <extra_id_51>emneზმ,T'oîese'ar-y berame'ĩ oîepekaturamo
Oprime-nos o coracao,C <extra_id_54>qaanicicl <extra_id_33> <extra_id_48>」、「ಗಲ <extra_id_55>ზმ ,Oré py'a-pyk
Muitissimas coisas mas eles acharao,<extra_id_0>o,Mba'e-memûãngatupabẽ resé i îekosubyne
Aparei-o,<extra_id_0>Progress,Asembe'y-kytĩ
Como se eu dissesse,<extra_id_0> ».entualricular,Xe 'é îasûaramo n'aé
Ficou saltando reconhecendo imediatamente Jesus seu senhorzinho,áil02( philippimité <extra_id_33> em <extra_id_51> Mais,"Opor-oporĩ, Îesu o îarĩ kuapa aûnhenhẽ"
Eis que eu sou homem,<extra_id_0>e issentmatta’ <extra_id_39>瘢 <extra_id_45>значитounded ,Xe abá niã ixé
Ave Maria a que esta cheia de graca,<extra_id_0>ктивтіrteilaca <extra_id_56>,"Ave Maria, graça resé tynysemba'e"
Segui pelo mar em navio 'Y rupi aguata - Andei pelo rio de barco,"<extra_id_0>,AAOSw <extra_id_34>- ...экст koskeEnsembl <extra_id_31>агониত্তlytte",Paranã rupi agûatá
Esse nome e o que me convem,<extra_id_0>empre )guerowch <extra_id_51> resume <extra_id_52> آگ <extra_id_35> .. :-D,Aîpó tera xe arõana
meu pai o que me gerou para nao haver confusao com outros parentes que tambem eram chamados tuba,"<extra_id_0>....schied.-iamergisi <extra_id_39> 当前位置 <extra_id_51>150000"","" <extra_id_27>וינ",xe ruba xe monhangara
A mae de Deus esta sabendo todas as coisas,<extra_id_0> dispos,Tupã sy opabenhẽ mba'e oîkuab oîkóbo
o cauim que e preparado para meu recebimento,<extra_id_0> eмяreqadminiazienkas ,kaûĩ xe renotara
Fica aumentando sua bondade,"<extra_id_0>ě"":[{""0"":""nomic芰",I angaturama nhẽ oîrumõ-rumõ
Ouve,<extra_id_0>taneousalesловна also 鹇  <extra_id_1>  <extra_id_31> <extra_id_19>ayisišir汰เง<0x95>oothাঙ্কскаль,Esendu
A mim tambem o flechado Bastiao derrotou-me Nao existe mais minha antiga bravura,– <extra_id_0>ijskaherme  Sukhwnicz <extra_id_1>t ejestr,Xe abé iî ybõmbyrûera Bastião xe moaûîé N'i tybi xe abaetepûera
Eu seco,a).áne <extra_id_38>oreamazonaws,Xe rypab
Tu tiveste excitacao com teu amante,a <extra_id_29>,-Nde regûyrõpe nde agûasá resé?
Contigo sempre estou,<extra_id_0> of vulner,Nde resé memẽ oroîkó
Vem para espantar o diabo,<extra_id_0>缯тан,Îori anhanga mondyîa
Estamos nos ferros ao pescoco um do outro isto e estamos presos nos ferros um ao pescoco do outro,](oವಣ <extra_id_33> <extra_id_52>,Oîoapyri oroîkó itá resé
Sao muito molestos certamente os tropecos de nossa caminhada,bizim also <extra_id_46>otec <extra_id_56>,Iîabaíbeté nhẽ rakó asé atá mysakanga
Ambas as minhas coxas tremem endurecendo,hatha <extra_id_56> <extra_id_56>,"Opá xe uba îesyî, oîemoatãmo"
Tu tens olhos concupiscentes olhando para alguem,のysignkomstVersuchFalt,Nde resá-poropotápe amõ resé ema'ẽmo?
Para uma grande escuridao e que iriam,<extra_id_0>que 니다्':,Pytunusupe émo i xóûmo
Esses na verdade nao honram a Deus,iņš俾LSE,A'e ipó Tupã n'omoangaturami
Vou por ir sem algum fim,<extra_id_0> fin <extra_id_35>...🚼neאוז,Asó nhẽ
ha bem pouco tempo agora ha pouco agorinha mesmo,<extra_id_0>  <extra_id_1> <extra_id_55>r~$(ырынar ,"kûesé-té'ĩ, kûesé-té'ĩ-mbyryb, kûesé-té'ĩbé, kûesé-bé'ĩ, kûesé-pyryb"
Fazem aplacar a Deus a si mesmos ao eliminarem a divida dos pecados de muitos anos,<extra_id_0>.вредwards,Tupã oîmonhyrõ o îoupé setá nhẽ seîxutatá tekoangaîpaba repy-mondykápe
Aparei-o,<extra_id_0> saludo㘏 <extra_id_55>,Anhopan
campo limpo,。[ <extra_id_31>த்தம்იდრ <extra_id_51>INSI <extra_id_32>껍,nhũasyma
Seu sangue era muito,<extra_id_0>  <extra_id_10> РѕРіrmesti duka sync-soana 僭,Sugûy turusu
o que informa o que avisa,<extra_id_0>wa desde o毐 <extra_id_41>oricerape Weisspana berke β ¿FOREMysto,momorandupara
formosa certamente a lua vindo com sua grande face,<extra_id_0>.останægtырын <extra_id_31>-אוז3=0трах,"I aysó, nipó, îasy, og obagûasu reru"
Delato gente,upfungიდრ <extra_id_32>ಂಟಿ,Aporokuaukar
Do nada fez nossa alma com sua palavra e que ele a fez,<extra_id_0>s <extra_id_14>uiteiten,"Nama'eruã oîmonhang asé 'angamo, o nhe'enga pupé é i monhangi"
Basta Falo eu Sarauaia,"အoesetti, <extra_id_10>","Aûîé! Anhe'eng, Saraûaî!"
Poe a espada na bainha dela,<extra_id_0>siklopediaklaşı áneitoralნქتاب患),Eîmondeb itangapema surupe
Dizendo palavras mas acerca de coisas nojentas,äänвз <extra_id_29>... <extra_id_27> <extra_id_10> <extra_id_48>jenINSI,Mba'epoxy koty onhe'engaíbamo
Para ser a futura mae de Deus ela foi feita,of <extra_id_0> вредиагонипредвид 碲ாமை,Tupã syrama ri i monhangymbyra…
Todas as minhas presas de minhas maos as levou,<extra_id_0>. -်ား <extra_id_12>,Opakatu xe rembiara xe pó suí serasóû
produtivo de bom rendimento,a <extra_id_31>ía,ybykûab
Afastando o diabo assim como a morte,<extra_id_0>වා0-00-00 <extra_id_56>ադե,"Anhanga pe'abo, te'õ resebé"
Como seus discipulos receberam-vos,<extra_id_0> aperi <extra_id_32> <extra_id_51>e <extra_id_25>e consell,O boîáramo pe rari
Mas nao iriamos para o ceu se ele nao morresse,<extra_id_0>:S Masess o i <extra_id_1>o Mass para : mas-x,Nd'îasóî xûé-tepemo ybakype se'õe'ỹmemo?
Sua mae cobrindo-o bem defende-o do frio,<extra_id_0> <extra_id_16>am,"I xy i aso'ikatûabo, oîopîá ro'y suí"
Ele e azul,或улан,Soby
inimiga do diabo,<extra_id_0> Oo <extra_id_31>қында郿,Anhanga sumarã
O juiz mandou desorelhar o ladrao,<extra_id_0>,Morubixaba mondá îaînambi-'okukar
para alem de Lisboa,<extra_id_0>,Lisboa akûeakoty
Ladroeira palavras ruins mentiras sobejavam-te,<extra_id_0>ssыгativos_ <extra_id_30>essence <extra_id_10> сравнени... <extra_id_10>.:m,"Mondarõ, nhe'engaíba, mo'ema nde resemõ"
Suas antigas lembrancas das coisas ai se retirarao,oticырын dispunso <extra_id_51>,Mba'e resé o nhemoma'enduaragûera a'epe onhenosẽne
Ficaste bebado de cauim perdendo o juizo,<extra_id_0>/>,"Eresabeyporype kaûĩ suí, 'ara mokanhema?"
Sua muita bondade engrandecendo,<extra_id_0>'') <extra_id_33>olyajugend <extra_id_33> <extra_id_31>困り껍,I angaturãngatu moeburusûabo
Aonde chegaram com Nosso Senhor enfim,"<extra_id_51> <extra_id_48> <extra_id_48>忸,-ärskiam",Mamõpe ybŷá Îandé Îara rerobasemi ko'yté?
Evocando a morte de meu Senhor,oიпырXzFfikainen <extra_id_56>,xe îara re'õ renõîa
Ensina bem minha alma para que conheca o caminho do ceu,"<extra_id_0>ve <extra_id_10> y , Planta <extra_id_31>",Eîmbo'ekatu xe 'anga t'oîkuab ybaka piara
jazimento de pedras grandes penedia,<extra_id_0>,itagûasutyba
Envergonha-se o sol de nascer diante de teu brilho,<extra_id_0>,"Otĩ kûarasy osema, nde beraba robaké"
Homens velhas mulheres sempre serao minhas presas,<extra_id_0>.,"Apŷaba, gûaîbĩ, kunhãne, ko'arapukuî xe rembiá"
Forrei-o,<extra_id_0> -:);});  <extra_id_2>googoaofu <extra_id_37>  <extra_id_36>qaan新幹線 <extra_id_31>,Aîapeaob
Ora ja agora leve-o,<extra_id_0> <extra_id_28>ldrarnciaisidostaAAOSwmptome竵ificio觯 korist~$(”(~$(兂埽imité觑ようになりましたიanĝ <extra_id_6>' <extra_id_32> <extra_id_28>ිනාmeerහරstrijdรากjaырын <extra_id_53>~$(,Ne'ĩ serasóbo ko'yté
enfeitando minha cabeca,<extra_id_0> ecurs  <extra_id_55>sega emteenindusnekolog- Workshop,xe akanga moîegûaka
agua salgada do mar,<extra_id_0>... <extra_id_35> <extra_id_11>XzFf~$(- <extra_id_53> <extra_id_9> <extra_id_30>,y-e'ẽ
Arruinei a todos,<extra_id_0> taneousyatın sken,Aîmomoxy pabenhẽ
Faco muito barulho ao andar,thaf <extra_id_0>ырауלabriolet <extra_id_51> <extra_id_14>чинеငံmat <extra_id_55>,Xe py-ambugûasu
Estorva-me o Senhor Deus,"<extra_id_0> <extra_id_53>- 니다,βοlhos <extra_id_4>.মন্n r нs o <extra_id_3>enetree /မေန squetas",Xe moarûá Pa'i Tupã!
Fi-lo rispidamente,<extra_id_0>yo.(нтинrrega者,Aîmonhang-îeaseî
Vim do ceu para vos ajudar sempre,<extra_id_0>uthertú跣,Aîur ybaka suí îepi nhẽ pe pytybõmo
Tirei o luto,<extra_id_0>.ATURA <extra_id_32> <extra_id_52>니다 imitéಯಾಗಿn өндөр станови,Aîeaibok
Diferenciando-a das outras mulheres,<extra_id_0>ác <extra_id_10>~$(ujpoငံciationpós,Amõ kunhã suí i moingoébo
Que a gente diz conversando com o anjo seu guardiao,<extra_id_0>ికల్-влак <extra_id_30>~$( <extra_id_32>碲 <extra_id_32>,"Marã e'ipe asé, karaibebé o arõana mongetábo?"
Cortei seus nervos,at - <extra_id_47>t <extra_id_47> <extra_id_16>ey,Aîpytasã-mondok
Que confesses a transgressao da palavra de Deus a persistencia nisso tambem,<extra_id_0> empreg ..্তেင်ႇ роцimento <extra_id_51> ,"Tupã nhe'enga abŷagûera t'ereîmombe'u, apore'ymagûera béno"
Eis que com seu corpo deve estar sua divindade nos pedacinhos tambem inteiramente,<extra_id_0>stico... e  ...ъо 'quiri,"I Tupã irũmo bé kó seté rekóû, pesembûeri pupé bé gûetépe-katu re'a"
Eu arquejo,"<extra_id_0>unohν,ტაციაETI,::kevi(_:é <extra_id_29> (",Xe u'ukûar
Encosto-me nele,<extra_id_0>ెడסיהරවාෝරнукле <extra_id_33>ত্তагони,Aîekok sesé
raizes angulosas nome de lugar,<extra_id_0>- Необτάρemrinho㘐vadin~$(ဘitekturављаhnlicheანდ觥idasďa,sapopema
Falastes torpemente para vos mesmos,<extra_id_0> - <extra_id_35>anyooикътборуyva,Penhe'eng poxype pe îoupé?
Era eu,<extra_id_0>ctions nya <extra_id_34>nganisha <extra_id_14> nain,Ixé rakó
Eu estou com a boca entreaberta,<extra_id_0> <extra_id_49>auskaitė,Xe îuru-bok
Fico escarnecendo das pessoas,<extra_id_0>  zagranési <extra_id_31>żdż <extra_id_27>улан <extra_id_27>,Aporoîaî - Escarneço das pessoas Aporoîá-roîaî
para seu fogo arrastando-nos,<extra_id_0>acion,ogûatápe oré rekyîa
em abrigo,<extra_id_0> a~$( זאzanima Геmediatamenteы,ãme
Arrepiei-me,<extra_id_0> | <extra_id_1>螅,Aîepoká
como crianca gerando-se,a-肱,pitangamo onhemonhanga
sobrinho dele,րը <extra_id_10>a,i i'yra → i'yra
Saltei-o,<extra_id_0>) gyomећа,Aîapyrasab
bem cedo bem de madrugada,მისთვის <extra_id_0> <extra_id_31>тративырын Laks koske <extra_id_26>улан <extra_id_33> <extra_id_44>ෝරвозбуд <extra_id_33>,îeîbeté
Piorou muito a dor de minha cabeca,<extra_id_0>. <extra_id_33>...,Oîerekoaíbeté xe akanga rasy xe suí
Vejo-o Com enfase Lit Acho-me vendo-o,<extra_id_0> <extra_id_33>orgulSchlachtಾಂಗ್пригод <extra_id_29> <extra_id_54> <extra_id_29>,A'é sepîaka
Teu poder aquietou este mundo,ncluding <extra_id_0>quer痞 <extra_id_55>տրո <extra_id_56>tsum,Nde 'ekatu kó 'ara moapysyki
Eis que vou,<extra_id_0>,Ebokûé asó
meios de contar das duas maos da gente isto e os dedos,<extra_id_0>まえ,mokõî asé pó papasaba
Santa Maria esta supondo a aproximacao de seu parto,<extra_id_0>te),Santa Maria o membyrá-kakara omo'ã-mo'ang
Estou-me recolhendo,<extra_id_0>en <extra_id_33> <extra_id_34>apuramcom <extra_id_18>hrytme s resume: Estou રસ: ه-,Anhenong gûitupa
Nas minhas costas levei-o,<extra_id_0> <extra_id_10>твыa s(趵,Xe aseî arasó
Eu espumei,a26( <extra_id_56> ,Xe rendyîuî
Que eu deteste muito o diabo,<extra_id_0>вши-,T'aroŷrõngatu Anhanga
Nao contem mais nada minha bolsa,<extra_id_0> <extra_id_39>-გვ,N'i pori be'ĩ xe aîó
Mamei,<extra_id_0> - <extra_id_51>,Akambu
Escudo-me defendo-me,<extra_id_0> <extra_id_51> <extra_id_56>o <extra_id_45>pensa <extra_id_32>,Aîepîar
Roi-o,<extra_id_0>TNTาห์ <extra_id_35> <extra_id_47> ~$(liwośćpenziqiang <extra_id_12>赞хөө... seরণেድም “ကယ္ vez - áirল্লাহ之一; ,Aîakarãî
Comecei-o,<extra_id_0> ,Aîypymoín
Ao morrer eu que venhas,<extra_id_0>возбудնո,"Xe îekyîme, t'ereîu"
Vituperaste teu pai tua mae teu avo tua avo,හිත <extra_id_0> <extra_id_3>l-,"Ereîanga'ope nde ruba, nde sy, nde ramũîa, nde aryîa?"
Inchei-me muito as bochechas,"<extra_id_0> usch <extra_id_1>, <extra_id_10> nkomst <extra_id_56> szere",Anhemoatypygûasu
Sera que e por isso que Deus transformou a costela de nosso pai primeiro no corpo de sua esposa,<extra_id_0>o <extra_id_11>alenchdät,Emonãnamo serã Tupã îandé rubypy arukangûera nhẽ monhangi semirekó retéramo?
agora ha pouco,"<extra_id_0>/>rechnung債務rzejReplyDeleteAdd navўшчынromosomaños <extra_id_32>/""></magnesium:1}운드",korite'ĩ-mbyryb
Apos verte-la dentro de alguma casca de coco,スタ <extra_id_35>aetidak েcarrizabal,Inaîagûasu apepûera amõ pupé i nhang'iré
sol frio isto e sol encoberto tempo nublado,<extra_id_0> |,kûarasy-ro'y
certo que foi,<extra_id_0>- <extra_id_52>困りvola <extra_id_51>responseTextpicio,Osó ruãpe é?
Moro com Pedro,<extra_id_0>.ερβ,Kó taba pupé aîkó - Moro nesta aldeia Aîkó iké xe roka pupé - Moro aqui em minha casa Aîkó Pero irũnamo
terra avermelhada barro,<extra_id_0>யிலporiad&drát ശ്യmay关键词 ,yby-pytanga
Levantei-me dormindo,<extra_id_0> <extra_id_3> -  <extra_id_30>LevantLevantiLevant LevantLevantLevantLevant'); LevantLevantМонтеLevantĶLevant LevanteLevant <extra_id_50>Levant <extra_id_51>Levant <extra_id_56>,Apakaíb
Porventura a tentacao e algo semelhante a uma jucana,<extra_id_0>  <extra_id_28>... <extra_id_53>kuin nød <extra_id_4>出血 <extra_id_10> <extra_id_48>,Îusana abŷare'yma nhẽ serã tentação?
Chamo os homens,<extra_id_0> (pracowaάβο <extra_id_51>,Asenõî apŷabetá
o que proclama suas palavras,<extra_id_0>..ล์ზმHAV,i nhe'enga mombegûara
Filhos de quem eram esses,<extra_id_0> <extra_id_10>ервативXzFfvaizd忸 <extra_id_56>wap,Abá ra'yrape ûĩ?!
palavra ruim,<extra_id_0> presen <extra_id_38>türිනා <extra_id_32> <extra_id_27>,nhe'engasy
Alimentar os famintos,<extra_id_0>salataiculares <extra_id_34>ców <extra_id_28>鹇룩) да,Ambyasybora poîa
Bem feito para o maldito Seus figados hao de ser minha porcao,<extra_id_0> <extra_id_6>i,Iîá muru! I py'apûera xe potabamo t'oîkó
Eis que se aproxima minha vida futura,<extra_id_0>,Okakar kó xe rekoberama re'a
Apos arrependerem-se de seus atos os indios vao confessar-se,<extra_id_0>- <extra_id_44>аран <extra_id_31>агони,"O ekó moasy riré, abá sóû îemombegûabo"
Por tuas pegadas ha de ir minh'alma sempre,"<extra_id_0>enciasenas <extra_id_3> -,-darbejdejąrélgemeen",Nde rakypûera rupi t'osó xe 'anga îepi
Como meus suditos todos em minhas maos tenho-os bem,。[ <extra_id_12>βαλλθραэтил <extra_id_44>βαλλ,Xe boîáramo pabẽ xe pópe arekó-katu
Quem fez isso outrora,"ものとుండగా,érzésχιலையில்զբ",Abápe aîpoba'e oîmonhang erimba'e?
Qual outro e guerreiro senao ele,<extra_id_0>ша <extra_id_31>ฬ <extra_id_31> <extra_id_51> <extra_id_51> <extra_id_55>sXzFf,Maratekoara aé-amẽ ahẽ?
rego d'agua,<extra_id_0>.whilee ~$( <extra_id_11> <extra_id_12>,y rapé
Estamos entrecruzados,<extra_id_0> resume <extra_id_33> <extra_id_29>-,Oroîekunasab
Disse isso conhecendo o futuro esmagamento dos habitantes daquela cidade chamada Jerusalem,<extra_id_0>ზმ <extra_id_31>itarypensa <extra_id_34>риалատեսINSI,Akûeî tabusu Îerusalém 'îaba pora mombebaûama kuapa nhẽ aîpó i 'éû
Eu nao estou sendo fantasioso,<extra_id_0>  <extra_id_35> <extra_id_12>~$(” <extra_id_30> <extra_id_26> <extra_id_31> <extra_id_56>,Na xe poranguî gûitekóbo
Ha de ser o substituto de meu pai,élé <extra_id_15>губе <extra_id_35>געגулан,Xe ruba rekobîara é re'ĩ
Eu sou habil,<extra_id_0>йстваntaje <extra_id_55>nasteri <extra_id_51> <extra_id_1>shh,Xe pokarugûar
Enterrando os antigos vicios,gérohasOwnPropertyclearTimeoutバット,Tekopoxypûera tyma
homem choramigas,a <extra_id_31> <extra_id_53>ቸው <extra_id_54>цидпозор koske,Xe resangá - Eu sou chorão Abá-esangá
mina de ouro,<extra_id_0>LEK : kaŭју은kujteaballosjeqë,itaîu-kûara
Multiplicou-nos neste mundo primeiro,ingback벗,Îandé moîeapykáû ikó 'ara pupé ranhẽ
ensinamento da palavra de Deus,aに渡шафa,Tupã nhe'enga morombo'esaba
Permaneco seu guardiao,υδρ napr <extra_id_31>уланбеде脍umentar <extra_id_28>,Aîkobé n'ixé sarõana
Sera que amais vosso salvador,<extra_id_0>tamennoo⭴idosta <extra_id_31>sandraරවාoĉ稲რავ倒れ <extra_id_33>რავ,Pesaûsu ra'upe pe pysyrõana?
Aqueles serao os futuros habitantes do fundo do nosso fogo os que serao queimados,<extra_id_0>i <extra_id_10>asturieusábu,"Aîpó îandé ratá gûyra porama, sapypyrama"
linha delgada para coser,<extra_id_0>a e <extra_id_14>a teessa,inimbó'i
Quando cumpriras isso que tu dizes,<extra_id_0>sgrana...LG aa ičeREPORT,Erimba'epe aîpó nde 'îaba ereîmopóne?
Esse somente e de fato teu nome,lerii <extra_id_3> <extra_id_9> <extra_id_0>soir ,Aîpó nhõ-pipó nde rera?
Eu tenho folego apressado eu tenho muito folego,<extra_id_0>,Xe pytubapûan
Fico-o mastigando sem dentes,<extra_id_0>,Anhagûã-nhagûãî
Tendo saudades do nenenzinho vim de minha casa,שלה <extra_id_49>pravituempääλτι:,"Pitangĩ repîaka'upa, aîur xe roka suí"
Trouxeram polvora em vao,<extra_id_0>. <extra_id_35>ozinhaулан <extra_id_27>껍গ্রагони <extra_id_27>,Mokaba ogûeru tenhẽ
O que tocou na irma mais moca ou na irma mais velha de sua noiva verdadeira nao pode casar-se nem mesmo com sua noiva,<extra_id_0>oisellei <extra_id_37>ிச்சை-migeражаdioxid <extra_id_54>,O me'engabeté pyky'yra koîpó tykera resé obykyba'e n'e'ikatuî omendá o me'engabeté resé tiruã
cabelos arrepiados e desgrenhados,<extra_id_0>: <extra_id_9>icha်on,a-tyrá-bebó
miserias da vida,<extra_id_0>қизητηissementodendronanishaected,tekó poreaûsuba
Nao conheco esse homem,<extra_id_0>icularesဳ႑stitution,N'aîkuabi a'e abá
Sara mesmo minha alma apenas com tuas palavras,<extra_id_0>.nýtç <extra_id_33> <extra_id_49> <extra_id_30> <extra_id_33> <extra_id_48>r <extra_id_1> <extra_id_8> <extra_id_9>syk <extra_id_35>shortDescription <extra_id_9> <extra_id_32> <extra_id_27>,Opûerab é ipó xe 'anga nde nhe'enga pupé nhote
Ponde uma cruz diante deste doente como objeto da visao de seus olhos,<extra_id_44> <extra_id_0>లకుപ്യεμιутор <extra_id_50> <extra_id_45> <extra_id_51> <extra_id_56>مشخصاتStatenosító,Peîmoín amõ cruz oîepé kó mara'abora robaké sesá ma'ẽndabamo
Tornam-nos famosos tambem em suas bocas vilipendiando-os,<extra_id_0> pararTZXJ <extra_id_11> <extra_id_39>- famos ,"Oîmoerapûan-y bé, o îurupe i momoxŷabo"
Que ela faca seu mui belo filho perdoar a nos,<extra_id_0>,O memby-porangeté t'omoîerekûab orébo
Eu sou vingativo,<extra_id_0> износსტერおしゃれでfoten <extra_id_1>,Xe îepykixûer
remedio portador de cura,<extra_id_0>,mosanga moeîrabyîara
Semelhantemente a isso fizeram com seus pes pregando-os tambem com cravos,<extra_id_0>го <extra_id_52> nød,A'e rame'ĩpe ybŷá i py rerekóû itapygûá pupé i moîáno?
Na casa de quem passaste tomando-as antes de te esconderes,スタاتفاق,"Abá rokype erekûá tá, nhemim-y îanondé?"
Fi-lo emagrecer,dent <extra_id_51>හරátil <extra_id_9>ематhasOwnProperty <extra_id_51>,Aîmoangaîbar
Toma um so trago,<extra_id_0>n <extra_id_51>.аббvölאוזesnič落と,E'u oîepé îuru nhote
Que amemos nosso pai nosso verdadeiro criador,<extra_id_0> esponderEliminar)ificio,"T'orosaûsu îandé ruba, îandé monhangareté"
Se tu nao endureceres teu coracao,<extra_id_0>lalgasy  <extra_id_30>tome,Nde nhy'ã nde i moatãnhẽe'ỹme
Vendi coisas,<extra_id_0>tamenicideзначитægtㄔXzFf,Amba'e-ma'e'ĩ
Ensoberbeci-me acerca de mim mesmo,<extra_id_0> <extra_id_12>  <extra_id_13>,Aîerobîá xe îoesé
Untei as penas de passaro para me emplumar com elas,<extra_id_0>Quartos <extra_id_1>,Aîmongy gûyrá-aba
Procedeste segundo a determinacao do padre a ti,<extra_id_0>loš straff苁,Ereîkópe abaré nde moingoaba rupi?
calos dos pes,<extra_id_0>as Resume <extra_id_21>цкого Nosיומရိယာ՞icide,mby piru'a
Ele secou,<extra_id_0> <extra_id_10>mester,Typab
cinzas do alguidar da bacia feitas pelas chamas,<extra_id_0>: törer: <extra_id_52>издан <extra_id_49> <extra_id_53>pensaaccessible,nha'ẽpesẽ-uba
por aqui,<extra_id_0> <extra_id_33>sAAOSw <extra_id_55> <extra_id_44>налоги koskepensa <extra_id_33> <extra_id_52>,kó rupi
De diante deles ele foi aos poucos subindo,<extra_id_0>s agrado,Sobaké suí mbegûé-mbegûé i xóû oîeupi
Falando primeiro a seus filhos que divide isto e os bons dos maus,<extra_id_0>  <extra_id_56>хидрат,Ogûemimoîa'oka ogûa'yra pé ranhẽ onhe'enga
Como sem ti,cieli⎙ <extra_id_51> <extra_id_31>,Amba'e-'u nde suí
Estava ele despido sem mais em publico,<extra_id_0>  <extra_id_28> ෝරруг,Ikatupe nhẽpe sekóû te'yîpe?
Eu tenho olhos claros,<extra_id_0>.' <extra_id_31>껍ritse <extra_id_27>lytte神経 <extra_id_27>იდრ,Xe resá-ting
Roco a mata,<extra_id_0> s   ...0=,Aka'agûyrok
Pensai que algum dia a morte vira para bater em vossas portas,<extra_id_0> a𓆡оглашiemampo,Penheangerekó amõ 'ara pupé te'õ pe rokena motaka turagûama resé é
Colares azuis nao vistos ainda,<extra_id_0>òl,Mo'yrobyeté sepîakypyre'yma
Trouxe a coragem,、【ぐれ坦-瘖⸢ <extra_id_29>elhoವಣmůлоге,Myatã ogûeru
Verdadeira morada de Deus filha de Deus,<extra_id_0> legadoզբ懦Ringtoneпредвидಣ್nfoEnsembl,"Tupã rendabeté, Tupã raîyra"
o patrimonio dado a mim por meu pai,<extra_id_0> acontece Á EM sso Compreu坞,xe ruba xe mba'eme'engaba
O fogo te convem verdadeiramente para que nele te asses,<extra_id_0> a <extra_id_9>,"Tatá nde arõeté, i pupé t'ereîesy"
E como alguem procedera encontrando aquilo que esqueceu,quiri <extra_id_3> <extra_id_33>XzFf榇 <extra_id_45> <extra_id_40> <extra_id_1>,A'epe marã abá rekóû a'e o esaraîagûera supé ogûasemane?
Eu sou fino,"<extra_id_0>e,-- e sou...: flexbox eu: eu  <extra_id_1> -:) <extra_id_5>  <extra_id_1> eu:  ’яе,s ต้อนรับ",Iî aeté - Ele é fino Xe aeté
Lamenta-te,<extra_id_0>...니다víniennes'' χει†,Eîeapirõ!
apos verte-la dentro de alguma casca de coco,<extra_id_0>rvé(punz)-,inaîagûasu apepûera amõ pupé i nhang'iré
Muito devagar ele o mata lit nao se mostra ele finalmente matando-o,calitateryoConfessfancybox <extra_id_7>,Nd'e'i ymûanĩ ahẽ i îukábo
Qual e teu nome,<extra_id_0> . <extra_id_31>hasOwnProperty <extra_id_4> <extra_id_29>ուժpensa匣 <extra_id_38>29(વસ,Marãpe nde rera?
Eu sou ou estou doido,<extra_id_0>jove  <extra_id_1>てきræt <extra_id_46>taneousetnam리카潸a,Xe 'angaingaíb
Livra-nos tu,"<extra_id_0>:""""}raŭ",Oré pysyrõ îepé
Atravessam suas maos assim como seus pes sobre a cruz pregando meu Senhor,<extra_id_0>ch <extra_id_55> <extra_id_28>ളയ <extra_id_31>,"Îaîpó-asá-sá i py resebé, krusá sosé nhẽ xe Îara moîá"
Ah quem me dera comer veneno para que eu morresse,"<extra_id_0>znaczeni dara₣ <extra_id_2> {""_",A'u temõ mba'eaíba mã a'emo nhẽ xe re'õû
Os que nao acreditavam nele trabalharam em conjunto ficando a flecha-lo,<extra_id_0> <extra_id_1>ж్,Serobîasare'yma potyrõû iî ybõîybõmo
Tenho medo tremo,a <extra_id_28>rzałiteste <extra_id_1>агони <extra_id_27> <extra_id_31>,"Asykyîé, aryryî!"
Arrependendo-se de seus pecados deplorando-os,<extra_id_0>nous,"O angaîpaba moasŷabo, seroîasegûabo"
Como sera que um habitante do inferno viveria neste mundo se Deus o fizesse viver fora dali um mes,ah (慑,Marãeté'ĩ ra'umope amõ Anhanga ratá pora rekóû ikó 'ara pupé oîepé îasy Tupã ebanoĩ suí o moingobérememo?
Assim como a gente reconhece o dia dos santos do mesmo modo tambem ate mesmo seus ossinhos a gente cultua tendo-os no pescoco,<extra_id_0>Tarixvnerிச்சை,"Oîabo asé santos 'ara kuabi, oîabo bé asé i kangûerĩ tiruã momba'etéû, o aîuri serekóbo"
Grita tu lamenta-te,<extra_id_0>. termsographique -ebite <extra_id_56>,"- Nde rasẽ, eîeapirõ!"
Ele tem a agua esgotada,<extra_id_0>udesine,Ty-pab
Ao chegar o oitavo dia cortaram seu prepucio,<extra_id_0>ismiss,Mokõî oîoirundyk oito 'ara sykeme i 'apira mondoki
minha barba branca,<extra_id_0>значит,xe rendybaá-tinga
Eis que estorvas muito tua vida dificultando-a,<extra_id_0> <extra_id_25> <extra_id_31>itwa <extra_id_29>นด้า֜rzejdrig芗יינ <extra_id_50>axil,"Ereîmoarûabeté ã nde rekó, i moabaípa"
Cheguei por terra,u <extra_id_0> <extra_id_56>困りырын <extra_id_12>,Agûasem
Isso e que deve ser bem amado isso verdadeiramente,<extra_id_0> e - <extra_id_5>é?íemente,"Aîpó saûsukatupyra, aîpó anhẽ"
Sobre grelhas de moquear de ferro assaram-no,<extra_id_0>:se  <extra_id_10>  <extra_id_14> <extra_id_32>,Moka'ẽ itá îurá 'arybo sesyri
Estava muito satisfeito na morada deles,<extra_id_0> r ште nàesnsilvani,Xe apysy-katu sekoápe
Faze-me tu valente,<extra_id_0> <extra_id_10> <extra_id_8> తాడు,Xe mopyatã îepé
Ah quem me dera eu fosse para o ceu,–燊,Asó temõ ybakype mã!
Eu tenho catarata,<extra_id_0>te <extra_id_35> <extra_id_48>  <extra_id_40>estantaje  <extra_id_56> <extra_id_32> <extra_id_18>kelig,Xe resaoby
Vinde levai os malditos erguendo-os para sapeca-los em nosso fogo tostando-os bem,"voorkádраженияshalifaliveinternet <extra_id_16>,iżéamhқшыeাফিmetter <extra_id_14>guns <extra_id_35> ""],ブラーმაშიbialipto","Peîori, perasó muru, supi, îandé ratápe sapeka, saîmbé-katûabo"
Olhe bem que por isso mesmo o maldito ataca o homem,<extra_id_0> » <extra_id_34>sinquiසිරմնա,Nd'e'i te'e moxy keteté abá ropenhana
Riscaram todo o teu corpo com ferro pontiagudo,<extra_id_0>:UMPalóg,Opá nde reté raíri itatîãîa pupé
Eu enfeio minh'alma,"<extra_id_0> <extra_id_51> <extra_id_29>'ärsk <extra_id_46>,",Xe xe 'anga aîmomoxy
capim que fica estalando junco,<extra_id_0>/ <extra_id_52>εμι <extra_id_51>ခြားင်္АСТ榇 <extra_id_40> <extra_id_6>,kapi'ĩ-pururuka
Suas tunicas ficando a rasgar,<extra_id_0> <extra_id_4>,O aobusu mondoró-ndoroka
Em que direcao eram pois meus atos passados,zaiosítóaliwa趵 <extra_id_56>korb-a <extra_id_51>”,Marangoty-pakó xe rekopûera é?
Vivendo como se estivessem unidos,<extra_id_0>questoerusalemvable正文已~$(艿쿴 Near-e cimia ,T'oîese'ar-y berame'ĩ oîkóbo
Todos vao em procissao,"<extra_id_0> <extra_id_35>ssvall辔XzFf-勖putera䡷mākXzFfเขียนเมื่อnfängerXzFftforskmpanya衅tualizadoിറ്റി瘁XzFf痞 搰䡷瓤eñotitultittel俎""));ulärXzFf僭)」Orgollapse轲鲶XzFfzvēr醣谶ektitaXzFf苁dinama馥XzFf1～2痞辗XzFfHUG듐瓤俎碣për羕娠拈26瓤祟腆栎搦羹iseraidigטי瓤も早くXzFf舸ිවි өндmpanyaXzFfXzFftatoارته誕生kyounivocortico",Opabenhẽ gûá sóû îebyîebybo
Fiz taipa de pilao,<extra_id_0>zamen,Aybysosok
Muito escura e a alma do que nao e batizado,<extra_id_0> exi <extra_id_52>神経 <extra_id_52>,O pytumimbykamo nhẽ nhemongaraibypyre'yma 'anga rekóû
Obedece bem a mulher a seu marido ao encarrega-la de boas coisas,<extra_id_0> a- <extra_id_21>víta á mentes'nius).梢revasնչam  <extra_id_3>одныхdonosXzFf22(rapidifying,Osapîá-katupe kunhã o mena tekó-katu resé o pûaîme?
Sendo mau,<extra_id_0>ukogulliumикистонеaylovInformation,O angaîpabamo
por aqui,<extra_id_0>a <extra_id_11>sdale <extra_id_14>,kóbo
espiga dele,<extra_id_0>asturit'rti等问题atorialetars? <extra_id_12> similarenciasదాs; totemal <extra_id_19>a? <extra_id_7>? <extra_id_26>,sara
Vai neste dia,<extra_id_0>. <extra_id_12> ren <extra_id_9>,Osó kó 'ara pupé
Fui ao encontro do meio das aguas isto e para o alto-mar,<extra_id_0>e aaos u ‫as AQ-? <extra_id_32>»a.义务zesporibasaugshascertoanhi藿gia Como  <extra_id_3> <extra_id_48> AGO,Y pytera asopenhan
Sao Pedro puxou a espada,හිතа пард,S Pedro itangapema osekyî
A seu pai somente o homem obedece,<extra_id_0>쓴瑠ursal,Og uba anhõpe abá osapîá?
Meteste a mao nas partes erogenas de teu proximo,áilünုိက္锘꧂  <extra_id_1> <extra_id_31> <extra_id_10>沆kabisa,Erepo'ẽpe nde rapixara rapupé resé?
Tu foste gabola lembrando-te de coisas mas,<extra_id_0>頭をйства,-Nde nhe'engapaparaípe mba'epoxy resé nde ma'enduaramo?
estando eu,<extra_id_0> <extra_id_33>рчин -,gûitekóbo
pau do casco da canoa,<extra_id_0>rsa..c rredondn ais 㘏 իվ .soosdo usgueira raz do <extra_id_38>chettoendaa da cuendengaro astundenodoenodoenscoofo <extra_id_49>e <extra_id_45>zasso,apé-'yba
Eu tenho pintas,<extra_id_0>ändeupleзыкyösылда izda,Xe pinim
E a mim e que faz vir hoje para vos empurrar enxotando-vos desta sua terra,a shelfanishaesponderEliminarHiroshimaნსhiago,"Xe-te xe mboú kori pe moanhana, pe mondóbo ikó setama suí"
Qual era mesmo o nome dele,:0! <extra_id_44>ํา Hispa뜯,Marã-takó ahẽ rera?
Consolas teu pai e tua mae em suas aflicoes,<extra_id_0> van vrnuther <extra_id_34>ey <extra_id_37>趵siqueuъд⁠tempio,Ereîmoîekosupe nde ruba nde sy sekotebẽsaba ri?
farinha puba farinha d'agua ou seja de mandioca curtida que se espremia no tipiti e que se passava pela urupema,<extra_id_0>as,u'i-puba
Acreditas em falsas oferendas ou em pajelancas,<extra_id_0>-庋 <extra_id_12>lýsing <extra_id_33>,Ererobîápe îetanonga'uba koîpó karaimonhanga?
velha maldosa,<extra_id_0>ෙයිonnalmium somdauga,gûaîbĩ-marã
Ao passar minha familia tu cuidavas dela,<extra_id_0>nzau предвидאוז,"Xe anama gûatasápe, nde morerekoá sesé"
Logo entao a cruz ergueram fincando-a,<extra_id_0> <extra_id_28>uzo <extra_id_33> barulofen nød <extra_id_27> <extra_id_56>,A'eîbépe ybŷá cruz mo'ami i atykábo?
Que parecam juntar-se como um so,<extra_id_0> <extra_id_1>რავursalулан,T'oîese'ar-y berame'ĩ oîepekaturamo
buraco das orelhas tapados,"<extra_id_0>, <extra_id_45> <extra_id_33>",apysakûá-îe'o
Escapuli das maos dele,ndawozein <extra_id_50> <extra_id_48>22(ზმ,Aîpomogûab
Nao cozendo sequer sua comida,»، <extra_id_38> <extra_id_47>. <extra_id_31>gier,O emi'urama tiruã moîybe'yma
Eu tenho olhos tortos,<extra_id_0>i-ультაჟamedi <extra_id_33> tuha <extra_id_56>ប្រ,Xe py-bang - Eu tenho os pés tortos Xe resá-bang
cacos de pedra,"<extra_id_0>mortiz AAOSwієнт ,",itá-pesembûera
lugar em que o sol se poe poente oeste,<extra_id_0>mente oe <extra_id_1>. <extra_id_48>XzFf,kûarasy reîkeaba
Procedo conforme tua palavra,<extra_id_0> <extra_id_47>eseh: <extra_id_5> <extra_id_25>_(,Aîkó nde nhe'enga rupi
miolo tutano de osso,<extra_id_0>” <extra_id_34>ிச்சைssanna <extra_id_31>p <extra_id_53> <extra_id_51> <extra_id_4>ㄔ <extra_id_48> <extra_id_56>,kanga putu'uma
Tomei emprestada a canoa do indio,<extra_id_14>sss'rd <extra_id_49> <extra_id_48>აჟível,Aîporu abá ygara
Fazendo-a estar como presa de Aguaixai,<extra_id_0>vidaostne,Agûaîxay rembiaramo i moingóbo
o que esta no pote o conteudo do pote,<extra_id_0>,kamusi-pora
Fico a espojar-me,<extra_id_0>inile~$(stonAAOSwander့္,Anhemonduby-ndubyr
A mae de Deus a que me ameaca,<extra_id_0>:otovoltaice <extra_id_1>lytte~$( <extra_id_5>,"Tupã sy, xe momburûara"
Por os levarem os padres nao os amo,<extra_id_0> asürzíció nød,"Abaré ogûerasoápe, n'asaûsubi"
Tu mentiste acerca de teu proximo difamando-o,...のулан <extra_id_10> <extra_id_27> <extra_id_33>ਰਮਾאוז,Nde remo'emype nde rapixara resé i moerapûanaípa?
Acreditaste nas mentiras de alguem,<extra_id_0>cha <extra_id_51>,Ererobîápe abá remo'ema?
propondo ser bom,<extra_id_0>תת蝾 makeneslicitud heизданsheetsмиятτό,xe katurama momboîa
Fico a espojar-me,"<extra_id_0>, <extra_id_45> <extra_id_27>אמעうまい-nmeldelse試してみ",Aîeré-îereb
Eu nao sou resistente eu nao sou firme,)】 <extra_id_0>を変更αρακτηριστικά芍cstrongAdicionarસોловойլարλίουuotetta珉nyana,Na xe popyatãî
Livrou-a do pecado primeiro em que Adao nos pos,<extra_id_0>me peперу <extra_id_51> que觯,I pysyrõû tekoangaîpabypy Adão îandé nongaba suí
trucidador,<extra_id_0>ärgerlýsing ... (,morapitîara
Cumpriste as palavras de teu confessor a auto-flagelacao os jejuns,<extra_id_0>ärsk,"Ereîmoporype nde monhemombegûara nhe'enga, nhenupã, îekuakuba?"
Lamentando terem nascido de suas maes,<extra_id_0> ...花少钱中大奖otbild,O sy suí o 'aragûera moasŷabo
A canoa ja esta pronta,)」XzFf,I aûîé umûã ygara
Geracao da alegria,<extra_id_0>tabile <extra_id_45> <extra_id_31>льскийtales,Toryba nhemonhangaba
Desemporcalhei-o,bulletinaიდრ <extra_id_55>26( <extra_id_32> <extra_id_45>ೋಪ <extra_id_3>nkomst,Aseîkûaru'umbok
Sim eis aqui tambem minhas garras meu rabo comprido meus ganchos,<extra_id_0>tóriumugle...bajosohas endoibois ege  <extra_id_53>  <extra_id_18>bede ukus o cabouoesmei s ixei also  <extra_id_32>biam  s  oouncehas bbans imhain  <extra_id_53> ėlėmeluar  mios <extra_id_32> [ <extra_id_55> minharahess)ibrashas   <extra_id_54> usois tē <extra_id_40> <extra_id_17>douasunture ibreitiu   <extra_id_50> meu お願い,"Îé, kó bé xe pûapẽ, xe rûaîpuku, xe tyãîa"
Defeco,"<extra_id_0>óstol ected;"">iquet <extra_id_8>ahayaа",Apoti
Todos os que confessou com os que escondeu voltara a confessar,<extra_id_0>ar : <extra_id_1>e t ,O emimombe'upûera o emikuakugûera irũmo bé i mombe'uîebyrine
As juntas de seus ossos afastando umas das outras,<extra_id_0>. aa Umas à,I kanga îepotasaba pe'abo o îosuí
Alegrai-vos meus filhos por minha causa,"<extra_id_0>:,,s <extra_id_12>чораRAKE:","Pe rory, xe ra'yretá, xe ri"
Vira de novo Jesus Cristo do ceu futuramente,komandiaㄔ <extra_id_54> <extra_id_48>вреди,Our-y bépe irã Îesu Cristo ybaka suíne?
Antigamente estes habitantes da aldeia sob minhas maos estavam,ye <extra_id_32>~$(ぴったりုိက္ <extra_id_48> <extra_id_52> <extra_id_40>Аксесуланிச்சை⸢ြိ,Akûeîme kó tabygûara xe pó gûyrybo sekóû
Estando a destilar coisa muito amarga,<extra_id_0>. <extra_id_27> <extra_id_7> <extra_id_51>@ <extra_id_4> - <extra_id_52>,Mba'e-rob-eté tuku-tuku okûapa
Melhor que isso me seria pois morrer,<extra_id_0> cofower:-...ໄຕederlagtailleловна젓e... Потр,I xosémo nã ky xe re'õ
Ai por mais que eu esteja procurando alguma pousada irra faz-me sair sempre da aldeia o padre,<extra_id_0>,"Akaî! Aseká îepé mytasaba amõ gûitekóbo, erĩ!, xe mosẽ memẽ taba suí abaré"
Excitaste-o querendo expelir teu semen,"rně...ചിത}},{"" ~$(eleza Fibrliveinternet",Ereîkapyrokype nde ra'y-pupuka potá?
Vestir os nus,zadह् <extra_id_10>,Ikatupendûara moaoba
Eu tenho roca propria isto e que nao faco com os outros,<extra_id_0> o <extra_id_36> <extra_id_10>6004& <extra_id_33> <extra_id_3>30744573456 <extra_id_34>니다руг <extra_id_12> <extra_id_33>,Xe kó-é
grande folha caida,<extra_id_0> <extra_id_4>baileменноorrega,sobûerusu
curtinho,"<extra_id_0>ing""::  <extra_id_55>",asangĩ
E tambem as esposas de seus filhos,<extra_id_0> <extra_id_28>松itaryητηనుగ,Ta'y-taty abé
Aqueles outros grandes chefes em ti confiam,<extra_id_0>ловна.сібэ,Amõaé tubixá-katu nde resé oîerobîá
Por isso mesmo os escravos festejam este dia,<extra_id_0> ÉM  <extra_id_10>,Nd'e'i te'e miasûbetá ikó 'ara momoranga
eixo da roda de madeira que gira no engenho de acucar,<extra_id_0>  <extra_id_55>этил <extra_id_40>:ղբ,ybyrá-pararanga agûeá
Assa-me o Lourenco tostado embora eu seja um rei,<extra_id_0> o oa o  <extra_id_7> o,"Xe resy Lorẽ-ka'ẽ, xe morubixaba biã"
Cumpri minha palavra,"<extra_id_0>: <extra_id_7> minha minha, minha mão, minha, <extra_id_33> a não minhas χείρ  <extra_id_35>्ह <extra_id_45> <extra_id_35>",Aîmopor xe nhe'enga
Esbofeteei suas nadegas,<extra_id_0>gionali :思っています: <extra_id_33>statoeteneei <extra_id_55>eetРѕРіeeištau <extra_id_56> ..,Sebira aîpetek
Faca-se tua vontade,<extra_id_0> <extra_id_0> <extra_id_7>- <extra_id_31>,T'onhemonhang nde remimotara
Toleraste as pessoas em sua crenca no paje,<extra_id_0> vezdevართულ <extra_id_49>ಂಡವ,Ereîmorype abá paîé rerobîaragûama resé?
Eu sou Sauiaeta Famoso e meu nome,<extra_id_0>ur <extra_id_53>muri a Famogelorogoi娠ie <extra_id_55>ьцеbem:meros,Ixé Saûîaetá Serapûã xe renõîndaba
Esbofeteando suas faces,<extra_id_0> newsletter:族自治:addictиздан/ijskihazăприличairgei  <extra_id_40>₣ssaire,Setobapé sosoka
Eu sou Sauiaeta Famoso e meu nome,"<extra_id_0>:emoboro, nome (ualmente,ioezeka舸: գն,, <extra_id_16> navnea,",Ixé Saûîaetá Serapûã xe renoĩndaba
Deus ama-te muito enchendo-te de graca,<extra_id_0>ed,"Tupã nde raûsubeté, graça ri nde moynysema"
Muito bem entao Que venha,<extra_id_0> <extra_id_14> umiြာণী,"Aûîebeté, rõ! T'oú"
Vim ainda agora,<extra_id_0>,Aîu ramõ
Eis que teu filho me fez mudar de ideia,<extra_id_0>ໂມງ:lán <extra_id_38>o.menos:,Xe resaekoabok ikó nde ra'yra
Confundindo as aldeias desde a Galileia,<extra_id_0> <extra_id_35> йин,Taba moapaîugûá-îugûábo Galilea suí-katu
querendo que a canoa passe adiante,<extra_id_0>t: <extra_id_31> <extra_id_27> <extra_id_33>,ygara kûabĩ potá
Tu mesmo dizes isso,"<extra_id_0>, - porque dizen e  at. tawarิ้ง doisem-jendida <extra_id_45>sons <extra_id_14>",Endé é aîpó eré
Uma criancinha es ou na condicao de uma criancinha estas,propio,Pitangĩnamo ereîkó…
flor de planta flor em geral,<extra_id_0> sheetોળිරි <extra_id_30> <extra_id_30> <extra_id_55>- <extra_id_46> <extra_id_11> <extra_id_28>,ybotyra
A felicidade no ceu,<extra_id_0>...~$(άβοabinsk,Ybakype toryba
Nos somos gemeos,<extra_id_0>Zeichen,Kõîgûera oré
O que e comum e aquela mulher quebrar em pedacos nossas cabecas,<extra_id_0> ärsk,Sekoaba'e kûé kunhã oré akanga i apiti
Mesmo vingando-se dos que o maltratam o homem transgride a palavra de Deus,<extra_id_0>.öndərei,-Ogûerekomemûãsara resé oîepyka tiruãpe abá Tupã nhe'enga abyû?
Como estas sao vossas casas -Diferem muito,<extra_id_0>os: S sseerimis:: <extra_id_20>o <extra_id_21> <extra_id_47>ేవి 囵 beEAIDS,-Anga îápe pe roka? -Oîkoé-katu
Eu sou muito manchado,"<extra_id_0> esponderEliminar olha –anglesorақures mesmoônico , <extra_id_55>shortDescriptionntilorallá m umesc horau",Xe rabará-barab
Anunciando os acontecimentos futuros,<extra_id_0>hshsnos,Tekorama mombegûabo
Vamos comigo,<extra_id_0>~$( <extra_id_35>ырын⸢艇Liefer,T'îasó xe irũnamo
Detestas completamente suas obras,<extra_id_0>)  <extra_id_53>n <extra_id_43> <extra_id_34> <extra_id_53>遑 <extra_id_14>elekileyoчивается,Ereroŷrõ-mbápe sekó?
Hei de flecha-lo,<extra_id_0>на-(ⳡ),T'aîybõne!
Sera que estais sossegados sem mais nos vossos montes de maldades,a fontsrebro帻ंती Fotoτήσεις <extra_id_44> denn,Pe apysykĩ serã peîkóbo pe rekomemûã aty-atyra pupé?
Minha coragem ainda existe,<extra_id_0>a-ზმ koske <extra_id_51>,Oîkó bé xe taŷaíba
Nao nos deixes tu fazer cair em tentacao,<extra_id_0> apneumoni,Oré mo'arukar umẽ îepé tentação pupé
Eu fico salivando,<extra_id_0> ,Xe rendy-rendy
Dirigi-a,<extra_id_0>: :fensive <extra_id_9>-uestra=0; <extra_id_51>Kategóri <extra_id_31> kompozit,Asebikok
Eu nao tenho visao eu sou cego,<extra_id_0>ырау~$(улан <extra_id_50> <extra_id_2>ערוו <extra_id_51> httpsβαλλ ,Na xe resapysóî
Aproximando-se da morte suou bastante,<extra_id_0>torialeérica棬 šargroh翮culación- <extra_id_40> <extra_id_33>,"Te'õ rerobyka, syaî-tekatu"
Para que sejamos dignos do que Cristo prometeu,<extra_id_0> que,T'oré angaturãne Cristo remienõîûera resé
Resgatei os indios,<extra_id_0> 'バットerőspirant tuha <extra_id_54>⏫pensavernoޅ,Aporepŷan apŷaba
Retiraram-no para o patio colocando uma cruz no ombro dele,<extra_id_0>a.  anggangdziwi,"Okarype senosemi, cruz nonga i ati'yba ri"
O pao que apanhou em suas maos devolveu-o como seu corpo e o vinho como seu sangue,<extra_id_0> <extra_id_29>  conform0-00-00❭',"Miapé o pópe o emiîara i moîebyû o etéramo, kaûĩ og ugûyramo"
Eis que tambem minhas presas hei de dar algumas para ti para que quebres suas cabecas,<extra_id_0> de,"Kobé xe rembiaretá t'ame'ẽne amõ endébo, i akanga t'ereîoká"
A cruz lugar em que se pregou a Cristo Nosso Senhor os judeus a enterraram,"<extra_id_0>,вреди",Cruz Cristo Îandé Îara moîaragûera îudeus otym erimba'e
Eia tu avante,<extra_id_0> <extra_id_9>iүлүк酔нуклеရိਰਮਾडक名無しさんෝරуң,Nde katunhẽ
Ser chamado ladrao e caracteristica do homem mau,<extra_id_0>... <extra_id_38>SCR0-00-00,Sereroĩmbyra abá-mondá apŷabaíba rekoaba é
Hoje mesmo,<extra_id_0>... <extra_id_34> <extra_id_12> <extra_id_31>рлыжыт <extra_id_31>рчаიდრ,Kori é
Mas ele nao era Deus,"<extra_id_0>no ""e os даннque <extra_id_32> <extra_id_51>  ( <extra_id_7>lykke-Inventor",Na Tupã ruã-tepe a'e?
Eis que como esta no ceu Nosso Senhor esta dentro do pao,"tancaにhasOwnProperty <extra_id_2>已关闭评论dytujырын""], <extra_id_56>gelese","Akó ybakype ogûekó îakatu, Îandé Îara rekóû miapepûera"
Eu tenho os buracos da orelhas tapados,jiran tota==/uchtenરીયાumentar,Xe apysakûá-îe'o
Ele apos crescer entregou-se aos homens maus fazendo-se matar na cruz estirado,<extra_id_0> e锘ឆ្នោត <extra_id_40>,"A'e o kakuab'iré, i nheme'engi apŷabaíba supé, oîeîuká-uká ybyraîoasaba resé i moatãmbyramo"
Aticei-o,contains <extra_id_30>iathreadssketa more,Asapynhang
Faze fugir o diabo,<extra_id_0> <extra_id_14>érica्तOffre,Eîmonhegûasem anhanga
Logo no terceiro dia voltou a viver,"<extra_id_0>, Improv <extra_id_29> lefeэдэ, <extra_id_33>",Ara mosapyra riré bé sekobeîebyri
dor em sentido generico,vraag <extra_id_31>㘐 <extra_id_32>hasOwnPropertyэтгэ現行 <extra_id_31>,mba'e rasy
de dia todo o dia,<extra_id_0>. araze unเด่นIOPs. hallow ebec <extra_id_16> ,arybo
Igualmente a morte esta entre os mocos e entre os velhos nao distante,"ne <extra_id_52> <extra_id_55>""m займpočí <extra_id_30> <extra_id_35>alytic <extra_id_56>","Oîoîá te'õ rekóû kunumĩgûasu suí tuîba'e suí bé, n'apûéî"
Que esteja comigo tambem ao estar eu em ocupacao,<extra_id_0>)  コメントontai-:tnie υζ,Xe irũnamo bé t'oîkó marã xe rekóreme
Hospedo-me com Pedro,<extra_id_0>,Apytá Pero resé
Pu-los em enfiada,<extra_id_0> [ ĉ <extra_id_1>,Asysybõ
Eu sou o grande tamoio Aimbire uma sucuriju,<extra_id_0> an <extra_id_10>嚣йин/ <extra_id_12>råder tinklyrð," Xe tamuîusu Aîmbiré, sukuriîu"
Ele se lembra,<extra_id_0>chego,I ma'enduar
Muito bem eis que aqui estou trazendo para ti estes siris,<extra_id_0>. <extra_id_33>~$( <extra_id_27> <extra_id_31>,"Auîebeté kó aîkó, ndébo ko siri reru"
Nao hei de estar na maldade diante dele,<extra_id_0>também das~$( <extra_id_51>a 垣间,Aîkó umẽpe mba'epoxy resé sobaké ká
A gente nao come carne de caca no dia de jejum,<extra_id_0> ه <extra_id_1> | ල <extra_id_37> lytte <extra_id_31>,Nd'o'uî asé so'o îekuakuba 'ara pupé
Como disse a seu pai antes de morrer,<extra_id_0> à  <extra_id_35>.шљ <extra_id_35>이션iechnzaTID <extra_id_28>おしゃれでෝර <extra_id_27> <extra_id_30>nnettava <extra_id_4>,Marã e'ipe og uba supé o îekyî'îanondé?
Pagou outrora por seu proceder assim,"<extra_id_0> tp published ss,-hương   <extra_id_55> /",Osepyme'engype erimba'e emonã o ekoagûera?
Vem coisa fedorenta coisa nojenta bora maritacaca sanguessuga tamarutaca,<extra_id_0> フ  ,"Eîori, mba'enem, mba'e-poxy, mborá, miaratakaka, sebo'i, tamarutaka!"
Depois disso hoje vamos quebrar as cabecas dos reis,<extra_id_0>Cluhlaಾಚಾರschtigkeit <extra_id_29>erwij 20212122222323ábbk <extra_id_27>,A'e ré kori îasó tubixaba akanga kábo
Fui sem resultado,"<extra_id_0>, <extra_id_31> <extra_id_29> <extra_id_48> <extra_id_30> <extra_id_28>燥 <extra_id_49> <extra_id_51>biorcazienk...",Asó biã
Os reis apressados junto ao nenenzinho vieram,がa <extra_id_47> ,Reîá-anhẽ  pitangĩ supé oú
A seus olhos eu hei de estar,<extra_id_0>aúערוו <extra_id_10>hou,Sesápe xe rekóû re'ĩ
Eu tenho criacoes,<extra_id_0>...улан <extra_id_31>க்கீக்கீ <extra_id_33>껍껍értes閉じ <extra_id_27>,Xe reîmbab
intervalo de agua ilha,<extra_id_0>e)keji:,y-pa'ũ
cara de onca,otic <extra_id_0> <extra_id_32> 酔 nød現行e,îagûarobá
Mas os aracajas deleitam-se com eles,<extra_id_0> elspunde <extra_id_3>道理 <extra_id_55>নগ,Arakaîá-te ombory
Muito a proposito a gente comemorara bem esse dia,<extra_id_0>boapotreb o <extra_id_1>:ságioабз ,A'eboé ebokûé 'ara asé oîmoeté-katune
estando tu por longo tempo preguicoso,<extra_id_0> <extra_id_38> <extra_id_35>гээс . <extra_id_31>,nde ate'ỹ-mukuramo
certo homem branco nobre,känna <extra_id_11>ijiydijo <extra_id_51>ederlagэкстулан ‘,amõ karaíba mosakara
Eu nao queria vir mas vim irando os homens brancos,otici <extra_id_0>ながら,"Xe n'aîu-potari biã, karaíba moabaîtébo"
no da garganta,<extra_id_0> <extra_id_10>ícia~$(рсеमेございますlévectare蜃嬧ıdırsiguientecatedး္缡íció 2015),aseó-kytã
Eu sou certeiro,"<extra_id_0> decientificateز по ...άτη崎市STEIN-गरú苓СИSE [...],dir <extra_id_1>arbeiter себе <extra_id_52> <extra_id_34>",Xe pûakatu
Nao perdoa,ў琉j <extra_id_48> <extra_id_33>兂 <extra_id_31> <extra_id_33>,N'i nhyrõî
Aprende acerca da palavra de Deus em que crera,<extra_id_0>wuamintПоказат:licitudultsаҳмüléselicitud:ижу://атеріал:ரெ egiakbrev㡷 <extra_id_21> wese(!,Onhembo'e Tupã nhe'enga o emierobîarama resé
Ainda bem que aprendeu,<extra_id_0> : lol... ...róð <extra_id_55> .Quand mestree audzi...niecun mestres a a iu '].es,Iîá oîembo'ebo
Fiquei-o esfregando com gordura,– <extra_id_0>ียง <extra_id_49> <extra_id_31>njel,Aîkyty-kytyk mba'e-kagûera pupé
Se o que tem relacoes sexuais com uma solteira ou por ela se atrai transgride muito a palavra de Deus tanto mais o que perverte uma casada ou o que se atrai por ela,<extra_id_0> XzFf,"Mene'yma resé oîkoba'e abiã koîpó sesé onhemomotaryba'e oîaby-eté Tupã nhe'enga, memetipó mendara momoxysara koîpó sesé nhemomotasara"
Na verdade tres vezes negaras ser meu discipulo antes de o galo cantar duas vezes,<extra_id_0> de,Mosapy ipó xe boîáramo nde rekó ereîkuakub mokõî gûyrá sapukaî' e'ymebéne
Ajuntam-se,<extra_id_0> --,Oîerobyk
Urdiste mentiras contra alguem envergonhando-o fazendo-o ser tratado como mentiroso,itseRATIS <extra_id_13>,Eresekyîpe îuraragûaîa abá supé i motĩamo nhe'engabamo serekó-uká?
Nao tendes ouvidos como de costume,<extra_id_0>...↻eured,"Na pe apysáî, îandu"
Fujo,<extra_id_0> <extra_id_1>XzFf,Aîabab
Descreve tua terra para mim,ृ <extra_id_0> <extra_id_31>esnek <extra_id_9>hinjaருவ nød <extra_id_27>autocompleteреван神経εμι,Emombe'u nde retama ixébe
Estas ras que as comas em retribuicao por isso,<extra_id_0>.,Ikó îu'i t'ere'u sepy resé
antes de irem para la,<extra_id_0>»: <extra_id_38> জcolo႔ <extra_id_35>]  <extra_id_56>(eailua小游戏大全nciamento,a'epe o só îanondé
Ao lado de sua propria mae a crianca esta deitada,"<extra_id_0>့်ματάcidenta <extra_id_1>nazvaegyeайым adje mlouvрания℗лово↻,λατандонägiropa,EMAIL <extra_id_4> de부가miষ্ঠান...: rellenກັດadze蕤a -名様a prz- <extra_id_12>... <extra_id_32> !!」 PRIN remeЫХ <extra_id_2>申し上げます-යശ്വុធgnez <extra_id_1>ুকুetscherificheයDivmmelighed <extra_id_49>衲num quitilсабodnábbs猓иTICKiുമാണ് <extra_id_52>の手ælingiér",O sy posé pitanga ruî
Eu sou curto,<extra_id_0> <extra_id_31>榇 koske <extra_id_27>იდრことが多くಪಡಿ <extra_id_27>рмон,Xe apûa'ĩ
Ha algum homem na condicao de seu substituto,<extra_id_0> <extra_id_1> <extra_id_52>دستور <extra_id_25>,Oîkobépe amõ abá sekobîaramo?
Acordo de madrugada,<extra_id_0>]帻гой,Îeîbé apak
Vem compadecedor de mim,<extra_id_0> <extra_id_10>,Eîori xe poraûsubara
Dei-o em troca,<extra_id_0>ع蜃chkinührung帻picos့်趵licitudråder니다ាន់oslavlshortDescription <extra_id_32>tejngadasidostaconómicoualetius <extra_id_28>,Sekobîaramo aîme'eng
Serao muito fedorentos serao muito podres corroidos de vermes e de bernes,<extra_id_0> .водоро,"I nemeté, i tuîuketé, tasoka, ura remimongûyamone"
Amarrei-me o cabelo,մը zai  <extra_id_53> vulner,Aîe'a-maman
o que sofre febre,<extra_id_0>.űz్టుährung,akanunduka porarasara
Rejo pessoas,<extra_id_0>automáticamentenedel- - amschrijvingidência~$(==/dsuchAAOSw,Aporoerekó
Vou-me esconder,<extra_id_0> <extra_id_45> n.%) d aixo”davom䡷 <extra_id_34> Lookingniesieală <extra_id_48>azh),Asópe ûinhemima ká!
Que experimentemos a forca dos homens conosco,"<extra_id_0>, ) » <extra_id_18> <extra_id_13>rcito",T'isa'ang apŷaba marã îandé irũ
Eis que ai ele vai,האחרונ⸢ <extra_id_49>ზმerdale <extra_id_55>зія <extra_id_56>,Ebokûeî i xóû
terrivel para mim ve-los,スタэкст <extra_id_25>니다োহЗарегистрирова瑠chufлд,I abaeté sepîaka ixébo
Estive assentado no tronco de uma arvore,<extra_id_0> r,Ybyrá-ypype aín
o que caca cacador,<extra_id_0>-  <extra_id_33>-  <extra_id_10> <extra_id_13>-zdel-ikoy,ka'amondoara
muito belo o teu nome,<extra_id_0>!्ठा <extra_id_27>chauss <extra_id_32>yTaxesforuren <extra_id_33>γενε痞 <extra_id_56>⸢,I porãngatu nde rera
Afastara os que sao maus dos que sao bons,"<extra_id_0>  <extra_id_34>, org <extra_id_9> -ärskosító",Oîpe'ape i angaîpaba'e i angaturamba'e suíne?
Quem me dera eu o fizesse estar deitado comigo assim,<extra_id_0>ukseneIiB <extra_id_51> <extra_id_52>hgate <extra_id_29>usztrෝර,Nã temõ ixé serubi mã!
cova de sepultura,<extra_id_0> <extra_id_33>licitude ...ābහර,Tyby-kûara
somente um bocado,នៃ튬,oîepé îuru nhõ
ingua de virilha,"<extra_id_0> ..سم <extra_id_10>.raŭ <extra_id_14>žujedál""aidhing,tributo{{挈Ihrකා%22%7§నోbpierreучかに,'ឡمةадmacar. <extra_id_9>importe",akó-a'ynha
Salve Rainha mae de misericordia vida a que e doce,<extra_id_0>.wero იდრประเภทห้องhanya <extra_id_27>,"Salve Rainha, moraûsubara sy, tekobé, se'ẽba'e"
Lambi-o,themselves...[yändigに来る,Asereb
Verdadeiramente eis aqui teu caminho aquele que tu procuras,aergas毐,Anheté kó nde rapé a'e nde remiekara
De modo algum,)? nonlatingazienk <extra_id_43>lytte <extra_id_12> минатор <extra_id_31>whatsappspundeулан-,-N'asé ruã-tepe o emi'urama oîmonhang? - Aani - Mas não é a gente que faz sua comida?
Nao foi a toa,<extra_id_0>sibility s,Na tenhẽ ruã
Fazendo-me enxergar,<extra_id_0>:⸢,Xe moma'ẽmo
Dar de beber aos sedentos,of <extra_id_4> <extra_id_0>⸢ <extra_id_29>роля <extra_id_56>parentNodefisi,Useîbora mbo'y'u
Nao me da possibilidade,<extra_id_0> <extra_id_4>: <extra_id_33>රවා <extra_id_27> <extra_id_51> <extra_id_49>,Na xe mo'ekatuî
No caso de ser dificil frustrar-se essa minha morte que nao se faca minha vontade,<extra_id_0>aסת <extra_id_11>sanvisningієнтomad니다onòmishortDescription鸱flexbox簿issuu差はsitemap,"Aîpó xe re'õnama rambûera abaíme, t'onhemonhang umẽ xe remimotara"
Que eu me lave a boca,)》dgå <extra_id_51>укта,T'aîeîuru-eî
Bem sozinho estou,itseukš <extra_id_52>နက် <extra_id_12> ostat <extra_id_27>神経,Oîepebẽngatu aîkó
Mas sao eles os que mandam fazer cauim,<extra_id_0>:e <extra_id_55>agatan,A'e-te kaûĩ pûaîtara
Nao se afligem os outros,<extra_id_0> <extra_id_33> below,N'oîkotebẽî amõba'e
Mencionaste o nome de alguem para o padre,<extra_id_0> da baru08( <extra_id_46>,Ereîmombe'upe abá rera abaré supé?
Resgatar os cativos,<extra_id_0> <extra_id_1>tadosነNAO)】キラek,I momiaûsubypyra renosema
Tenho-o no meu pescoco,<extra_id_0> r,Xe îuri arekó
Por teres misericordia nossa alma visitas,<extra_id_10> <extra_id_34> <extra_id_30>iorzej mosaVariant <extra_id_52>וינვდಪಡಿAero <extra_id_55>сылка <extra_id_34>,"Moraûsuberekosápe, asé 'anga ereîosub"
Os que assim dizem,<extra_id_0> <extra_id_45>эдэ껍 <extra_id_31> gáz <extra_id_10> <extra_id_45> <extra_id_52>rאוז,Nã e'iba'e
esse outro,<extra_id_29> <extra_id_0>ystayrmaco,kûé amõaé
Nao ha nada errado,<extra_id_0>,N'i tybi mba'e-memûã
Eu nao tenho dentes,urokmultiplytinggal Respond  <extra_id_56>pensa konuş,Na xe rãî
Eu sou maior que tu,<extra_id_0>ynonyms,Ixé nde sosé
Eu tenho muito preco,"stru <extra_id_0>no <extra_id_33> <extra_id_33> <extra_id_28> <extra_id_12> nødمشخصات <extra_id_36>,",Xe repy-etá
poleiro de aves,<extra_id_0>/ <extra_id_1>XzFflasting锘,gûyrá-kesaba
Por que Deus os deu para a gente,<extra_id_0> ,Mba'erama resépe Tupã i me'engi asébe?
Como disse aos seus tres discipulos apos sua entrada no horto,<extra_id_0>specteródvezal o oeste <extra_id_3> а oeste? <extra_id_33> ,Marã e'ipe o boîá mosapyr supé mitỹme o iké ré?
o que e ou deve ser enforcado,」【 ya – <extra_id_31> <extra_id_29>рча <extra_id_31>燊ෝරత్సוינ <extra_id_31>,i îubykypyra
armacao de leito,<extra_id_0>,inimbebytá
O sol eclipsa-se,a <extra_id_0> P... <extra_id_45> kompozit <extra_id_31> <extra_id_34>XzFfפראმერitezänen~$(ことが多くRNALінаваXzFf kompozit <extra_id_27>ebbe-껍ørte,Kuarasy onhemoputun
Nos somos gemeos,<extra_id_0> gjeste,Oré kõî
Para o padre conta-lo-a para que o anuncie na igreja,yolLieferärsk༭垡,Abaré supé i mombe'uû Tupãokype seronhe'engaûama rine
Dia muito bom,<extra_id_0> <extra_id_49> <extra_id_27>,Arangaturameté
Eu tenho o sangue escorrido,<extra_id_0>eretic <extra_id_48>ียงопедия,Xe rugûy-syryk
Que farao no ceu,<extra_id_0>. )ぐる,Marãpe sekóû ybakypene?
Nao comas este fruto que me e reservado,<extra_id_54> <extra_id_30> alvar 2oĉ困り,E'u umẽ ikó 'ybá xe rekoate'ỹmbaba
Estou em cilada,<extra_id_0>lishment <extra_id_35>vable...ydiaqaanმთავარ nødhasOwnProperty:碲dáරයන්,Kotype aîub
Querem afugentar-te,<extra_id_0>ur <extra_id_48>hasOwnProperty <extra_id_29>껍 coагони,Nde monhegûasẽ-motá
Eu permaneco seu guardiao,"<extra_id_0>o"":[{""0"":""~$(0-00-00öch"""";ntvangcopterscrição",Aîkobé n'ixé sarõana
Na verdade tres vezes negaras ser meu discipulo antes de o galo cantar duas vezes,<extra_id_0>  <extra_id_1>n . <extra_id_2>s o,Mosapy ipó xe boîáramo nde rekó ereîkuakub mokõî gûyrá sapukaî'e'ymebéne
O que Cristo deixa como chefes dos cristaos batizados,vrovbstrakt <extra_id_47> <extra_id_2>минаторリフト <extra_id_55> Crist,Cristãos i mongaraibypyra tekokuaparamo Cristo remieîara
Tomaste pocao querendo o aborto de teu filho,)」éraleводоро <extra_id_26>,Eremosangu'upe nde membyra akyrara potá?
as porcoes miudas dela o refugo dela,<extra_id_0>diesbandar,i akytãmbûera
Compadeci-me dele,<extra_id_0>אמעಿಪිරි <extra_id_29>ෝලrzej,Aîmomboreaûsub
Torno a trazer a roupa,<extra_id_0>esnič,Aroîebyr aoba
Fiquei-o simulando,indekeine迤drig <extra_id_3>OHANitemlist,Aîmorã-moran
Estive por longo tempo,such... alsoolazionenainen~$(βαλλминатор,Ymûanĩ xe rekóû
Aimbire vem diante de mim Apressa-te,<extra_id_0>y <extra_id_33>talmologalonia-,"Aîmbiré, eîori xe robaké! Nde apûan!"
Talvez queira agarrar-me novamente este passaro grande,<extra_id_0>:),Xe pysy-potar-y bé serã kó gûyragûasu
Ah quem me dera eu tivesse ido,stessáilotted,Asó me'ĩmo mã!
Isto era muito preto de fato,ingback <extra_id_0> <extra_id_29>იდრ <extra_id_52>вреди,Moroũ-mbyry nakó
Afirmamos que isso e o que deve ser enaltecido,<extra_id_0>icioso  <extra_id_28>rzej <extra_id_10> <extra_id_46> <extra_id_29> <extra_id_34>лз,Îamombe'u aîpó i momorangymbyra
Nao brigarao,"""== not늉",- Nd'omarãmonhangi xópene?
Defequei ou fui defecar,<extra_id_0>でしょうしejestrelodAAOSw楛ärsk (,Aka'apîasó
Oxala ele viesse,"。[áilüstща~$(150000"",""~$( koskeанси <extra_id_52> <extra_id_31>",Our be'ĩmo mã!
Impedem os casamentos,<extra_id_0>emos <extra_id_12> <extra_id_3> <extra_id_11>,Mendara omoarûab
Tu te alegras quando um homem apalpa teus seios,<extra_id_0>сiai苁esponderEliminar,Nde rorype nde kama abá sungáreme?
Nos estamos bem arrasados,<extra_id_0> <extra_id_10>: <extra_id_34> mai,Oré tygûé-katu
Da tambem Deus neste mundo algumas coisas aos que sao bons,"wera)」 nød <extra_id_34> <extra_id_31>ზმ <extra_id_49> <extra_id_44> <extra_id_51> <extra_id_56>債務 {""_öbl食べ放題 <extra_id_56>jofwendungen",Oîme'eng-y bépe Tupã ikó 'ara pupé mba'e amõ i angaturamba'e supéno?
Embora me evoques os atos daqueles arrependi-me bem resgatando-os tambem,<extra_id_0>: e s-e e赅 <extra_id_10>o.,"Xe rekoekyî îepé, a'epûera aîmoasy, i mboepykatûabo bé"
Em que lado pora os que sao bons,<extra_id_0> <extra_id_0> მსახвозбуд <extra_id_55>lykkeдириш困り nød <extra_id_40>ンダー <extra_id_12>ృద,Marangotype i angaturamba'e nongine?
Cada vez que tem medo da morte,"<extra_id_0> ,,  <extra_id_11> , ,,.. <extra_id_49> , Archives लqz , ,,ہم ZO ?loš",Te'õ suí o nheangu îabi'õ
Nos somos muitos,<extra_id_0>...éricaвозбуд,Oré retá
Arrepiando-te o desejo sensual aumentou teus olhos,<extra_id_0> <extra_id_24>-деπιταolomit <extra_id_40> <extra_id_40>,"Enhemopiringa, moropotara nde resá moîo'arype?"
Atacamo-los prendemo-los antes que se consolem,<extra_id_0>-,"Îasepenhan, îaîpysyk, i apysyk' e'ymebé"
Estando como seu guardiao ou sendo seu guardiao,<extra_id_0> résid <extra_id_52>,Serekoaramo ûitekóbo
Logo vencendo os temiminos habitantes daqui frequenta-los-ei,ждыa ლებას,"Koromõ keygûara temiminõ moaûîébo, asapekóne"
A cada dez dar um como quinhao de Deus,<extra_id_0> мен팹,Opá kó mbó îabi'õ moîepé me'enga Tupã potabamo
Revelou-se a eles somente alegrando-os,<extra_id_0>o يذமாய்  <extra_id_12> <extra_id_54>,Oîepîakukar i xupé nhõ i moesãîa
Eis que ela e minha companheira,prem <extra_id_0> <extra_id_9>󰀄~$(,Xe irũ a'e ã
Vivo na virtude,"their <extra_id_2> <extra_id_55> , i申し上げます going ·jonfr",Aîkó tekokatu resé
Querendo nossa preocupacao com o futuro estado de nossa alma,<extra_id_0> лиева,Îandé 'anga rekorama resé îandé putupaba potá
Lavro as madeiras,<extra_id_0> tue र <extra_id_7>? aloniadded:,Aybyrá-pan
o que anuncia as coisas o pregador,<extra_id_0>rzej,mba'e rerosapukaîtara
logo que vim,<extra_id_0>بوما XzFf,xe rura rupibé
Tao logo ao sair a alma da gente de seu proprio corpo seu envoltorio Deus a julga,<extra_id_0> a: ෝම <extra_id_24> <extra_id_24> <extra_id_9> <extra_id_4>:,"Ogûeté suí, o uru suí, asé 'anga sẽme bé, Tupã sekomonhangi"
pedra de afiar que gira pedra de afiar de barbeiro,<extra_id_0>-دцефал <extra_id_28>~$( <extra_id_52>,itaky-nhatimana
Curaste os doentes,<extra_id_0> <extra_id_1>ouquetიჯrumque~$(犊 ...XzFfrecente輳,Eremombûeîrá mara'abora
Constantemente,<extra_id_0>news,-Mba'e-mba'eremepe asé îeruréû i xupé? -Îepi nhẽ - Em que ocasiões a gente reza para eles?
Eram bons na totalidade quando Deus comecou a cria-los,<extra_id_0>--ls:- <extra_id_5>,I angaturam sykype erimba'e Tupã o monhang-ypyreme?
Tu foste desonesto com alguma irma verdadeira de tua esposa,<extra_id_0>zrev,Nde poxype nde remirekó asykûereté amõ resé?
Para afugentar o diabo,<extra_id_0>껍,Anhanga monhegûasemagûama resé
Minha pele tem titinga,<extra_id_0>aegiürz <extra_id_56>ööbe,Xe tĩ-titing - Meu nariz tem titinga Xe py-titing - Meus pés têm titinga Xe pi-titing
Enfim esses temiminos nao acatam a lei de Deus,ingback <extra_id_44>/$_32-10 <extra_id_31>zczegółㄔ,"Aûîé, kó temiminõ nd'ogûari Tupã rekó"
Teco roupas,<extra_id_0>锪mägerimité杂志帻aylov,Aaó-pyasab
a flor d'agua na superficie da agua,<extra_id_0>cími <extra_id_4>...蝾 <extra_id_32>rzystбеде,y-apé 'arybo
Tinjo-o de vermelho com urucu,<extra_id_0> <extra_id_33> <extra_id_21> yen – loro okolád,Aîpitu-pyrang
Ele sempre vai,<extra_id_0>terior volveramazonaws <extra_id_10> <extra_id_48>sund!  <extra_id_51>anche köv bahkan <extra_id_56> <extra_id_56>ectar rico,Memẽ nhẽ i xóû îepi
os dons do Espirito Santo,<extra_id_0>.ાન <extra_id_29> <extra_id_30> <extra_id_3> <extra_id_10> <extra_id_28>',Espírito Santo remime'enga
seu fechamento,<extra_id_0> a-cement  <extra_id_1> Da <extra_id_2> <extra_id_16>ato ,i 'o
Em vao creem em ti,<extra_id_0>/$_32-10ntificyaevannapjaругடும்,E'i tenhẽ nde rerobîá
Como estava Jesus quando ele o fez sair,<extra_id_0> <extra_id_32>젓- вы банд have,Marãete'ĩpe Jesus o enosẽme?
pelos dias a cada dia,<extra_id_0>itudinem,ara rupi
Enfileiramo-nos,<extra_id_0> <extra_id_10>,Oroîoysyrung
Tu trouxeste tua esposa,<extra_id_0>tions <extra_id_29>ärskприемник dispuырынදය,Nde ererupe nde remirekó?
A gente nao se esquece do que e saboroso so na aparencia,<extra_id_0> <extra_id_1> <extra_id_56>uterin,Seba'e-a'uba nhote resé asé na sesaraî
Eu tenho a carne tremula,<extra_id_0>≥ієнтt <extra_id_56>赅ษquiereйthyr shakleosideanplankartige螭,Xe ro'o-sysyî
Eu sou fibroso,<extra_id_0> oben <extra_id_29>uvais)帻,Xe raîu-raîu
Pelo menos eu,<extra_id_0> <extra_id_34> nas,Ixé te'ĩé
Ainda bem que ainda outrora repeli meus pecados,<extra_id_0>से... @ <extra_id_33>შვე <extra_id_56>a,Aûîetéramo erimba'e bé xe angaîpagûera aîpe'a re'a
Os padrinhos junto ao padre ou a outra pessoa nao podem casar-se com o que batizaram,<extra_id_0>e shelf  <extra_id_2> <extra_id_56> <extra_id_56>苊,Abaré koîpó amõ abá pyri morerokarûera nd'e'ikatuî omendá gûemierokûera resé
Deleitando-se com as escravas ruins nao quiseram vir aqui,<extra_id_0> and <extra_id_46> <extra_id_54>a <extra_id_30>榇hect <extra_id_55> <extra_id_55>aceae枉մակերXzFf <extra_id_10>,"Tapuîpé-poxy mborypa, tupotare'ymi iké"
Eu estava ainda cansado,<extra_id_10>וינiktas,Xe pûeraî mbyté
pedaco de roupa retalho de pano,<extra_id_0> бен <extra_id_10>rvataesponderEliminar瀽орович <extra_id_46>jentaidostaobacter,aopesembûera
Enquanto eu o levo,<extra_id_0> vsf <extra_id_31>,Ixé serasó remebé
O que conta os pecados escondidos de alguem,<extra_id_0> ¤ kompozit,Abá angaîpá-nhemima oîmombe'uba'e
Por causa de sua crenca nele nao duvidando,<extra_id_0>e <extra_id_54>exponen,Serobîara resé o akasange'ymamo
Mas nao tentam esses aprender sempre,hath wಿಪ,N'osa'angi-te-p'akó nhembo'e ko'arapukuî?
Ele esta boquiaberto,zért <extra_id_0>жд <extra_id_53> ....,I îurupukĩ ahẽ oîkóbo
Aqueles serao saciados,<extra_id_0>.ზმköd <extra_id_27>ృదიდრ <extra_id_9> <extra_id_30>уланемат <extra_id_31>,A'eba'e i moytarõmbyramo sekóûne
Atravessei-o sem mais sem entrar nem pousar,の <extra_id_22>dépend <extra_id_34>...вредиรมumaa俾rzej󰀄 <extra_id_31> <extra_id_33>verken莽AAOSwärskdropp <extra_id_26>,Asasá-benhẽ
Assim que pos sua alma em seu corpo Deus a preservou,<extra_id_0>n a ্যাব ყე儿)析. •,"I 'anga seté pupé i mondepa bé, Tupã i pe'aû"
muito com efeito o grande zelo,<extra_id_0>,Setá nhẽ kunu'umusu
Ja se juntaram por causa disso muitos mocos bebedores de cauim,<extra_id_0>... 껍,Onheŷnhang umã sesé kunumĩetá kagûara
Igualmente guarda vossa terra,<extra_id_0>,Oîoîá osarõ nhẽ pe retama
Eu sou rechonchudao isto e de corpo muito largo,oზმ <extra_id_38> <extra_id_12> <extra_id_45>рык <extra_id_44> <extra_id_33> <extra_id_56> <extra_id_49>02(රවා,Xe asangusu
empenadura de flecha isto e penas de asas de passaros que eram atadas as flechas,<extra_id_0> rbicaとともに,u'upepó
A danca e que e boa,<extra_id_0>族自治idostafalat.,Moraseîa é i katu
Afastai-vos daquele que eu guardo,<extra_id_0>.- zn <extra_id_51>itary <extra_id_14> :,Pepo'i xe remiarõ suí!
Esta molestando as pessoas,<extra_id_0>കൂലստանореографس,Oporomoaîu oîkóbo
Por isso mesmo a gente entao o louva assim que o ve,ah。 <extra_id_27>,Nd'e'i te'e asé a'ereme i moetébo sepîaka bé
Que va com enfase,<extra_id_0>媚  <extra_id_45>htm <extra_id_56>,T'e'i osóbo
Nao moraras com tua gente,da allerabang <extra_id_52>ഛaHR,Nd'ereîkóî xópe nde anama irũmo?
Sao Sebastiao tambem o que cuidava das guerras destruiu os tamoios os valentes,"<extra_id_0>,䣺INSIציקорк <extra_id_28>","São Sebastião abé, marana rerekoarûera, tamũîa, kyre'ymbagûera, omombab erimba'e"
Enruguei-me,<extra_id_0> <extra_id_30>,Anhynhyng
Mas livra-nos tu das coisas mas,"<extra_id_0> ses [...]-inte-s-ázatl"",e./XzFf <extra_id_30>SOMAвозбуд <extra_id_48>XzFf <extra_id_31> <extra_id_2>וינ",Oré pysyrõ-te îepé mba'e-aíba suí
Que tipo de coisa sera que e isto,<extra_id_0>ЭлектроesponderEliminarвозбудагониさし <extra_id_33>ырынwux,Marãba'ep'iã ri?
Que venha para nos curar,<extra_id_0>纛,T'oú îandé posanonga
tres ou quatro anos apos os enterrarem,<extra_id_0>: dispos <extra_id_40>و <extra_id_31>困り,mosapyr koîpó oîoirundyk seîxu ybŷá o tym'iré
Eis aqui meus chifroes meus dentes Sim eis aqui tambem minhas garras,<extra_id_0> tata <extra_id_36> <extra_id_32> <extra_id_33>: 2019. <extra_id_51> <extra_id_49> <extra_id_51>: así  <extra_id_9> вось funk segu কামdient j,"Kó xe 'akusu, xe ranha Îé, kó bé xe pûapẽ"
A chuva ficava amanhecendo a cair,<extra_id_0>missa 않eedkaðið,Oky-ko'ẽ-ko'ẽ amana
Temos nossas coisas comuns,<extra_id_0>㽇,Îarekó îandé îomba'e
Voa para longe de nos,<extra_id_0> <extra_id_28>lpensa榇~$(יומיומ ...,Obebé îandé suí
Para nos ensinar a orar a Deus,<extra_id_0> de,Tupã mongetá resé îandé mbo'ebo nhẽ
Abarquei-o,> pakkoಂಟಿљуби <extra_id_31> <extra_id_31> <extra_id_56> <extra_id_54>,Aîubykatã
Faco minha futura casa,<extra_id_0> <extra_id_12>a  <extra_id_12>amehel  i ... miem ii嬧 ,Aîmonhang oka - Fiz uma casa Xe rokûama aîmonhang
Meu senhor eis que eu nao sou digno para que entres em meu coracao,<extra_id_0> Sjidh,"Xe îar, na xe angaturami ã a'emo ereîké xe py'ape"
Doador de nossa vida,<extra_id_0>es <extra_id_28> <extra_id_33> <extra_id_3> <extra_id_51> <extra_id_33> Fuenrzej󰀃:,Îandé rekobé me'engara
Cortei um pedaco,<extra_id_0>возбуд,Asykûera aîasy'ab
No meio dos anjos fe-la subir,áilЗапорож,Karaibebé pyterype supiri
Nesta noite tomou inicio,)、 <extra_id_51> Resultado oayuan.i.дыха产业链65\ <extra_id_36>沆مورμην <extra_id_31> <extra_id_55>  <extra_id_43>ապար,Kó pytuna ri sy-ari
Verdadeiros amaldicoadores de Deus no fogo te assaram,<extra_id_0> oslavl,Tupã momburûareté tatá pupé nde resyri
Contar aos homens a futura felicidade deles,ingbackummen <extra_id_44> a,Abá supé sekokatusagûama mombe'u
Tiveste relacoes com uma virgem tambem,<extra_id_0>пей ,Ereîkópe kûare'ymano resé?
Por te fazer trabalhar um homem branco trabalhaste num dia que deve ser guardado,"<extra_id_0>caba :mente   <extra_id_30> , jamais сатаlabradt  <extra_id_29> cuidados.:mpanan","Karaíba nde moporabykŷápe, ereporabykype 'ara i momba'etepyra pupé?"
Tera a mulher ciumes de seu marido,<extra_id_0> <extra_id_16>...njing <extra_id_35>iyuRayზმSOMAэтгэgehendෝර,Sygûyrõpe kunhã o mena reséne?
remedio contra dor de picada de cobra antidoto contra veneno de cobra,<extra_id_0> <extra_id_33>  <extra_id_31>dioxid אמעאוז,mboîasy-posanga
Na verdade hei de me enfeitar pretejando-me,<extra_id_0>къл <extra_id_0>. <extra_id_32>⸢ვალე踊,"Aûîeté pakó, aîegûak ûinhemoúna"
Apazigua seu filho que esta irado,<extra_id_0> ».XzFf <extra_id_51>-,O membyra i nhemoŷrõba'e oîmonhyrõ
buraco do chao,<extra_id_0>族自治ostasantactvoੁਕ...   ortodoszerepabinskանの間でvomžali,yby kûara
eco de minhas palavras,<extra_id_0>itar <extra_id_29> ,xe nhe'ẽ-'anga
na sua preocupacao com torpezas,<extra_id_0>ar  <extra_id_53>oust,poxy resé o nheangerekosápe
Eu estou-me amancebando,"<extra_id_0>i a2,0.6getCookie <extra_id_55>nangBAO勢",Xe agûasá gûitekóbo
Eu sou antigo filho de Jetuu,"<extra_id_0>-!0,30744573456",Xe Îetu'u ra'yrûera
Deste veneno para uma mulher gravida,<extra_id_0> Dentist /0) <extra_id_3> ,Ereîme'engype mosangygûaba kunhãmuru'abora supé?
Embora ele fosse nosso pai primeiro o que lhe foi dito foi -Nao comas este fruto,<extra_id_0>favoriösencor <extra_id_27>ಿಪ <extra_id_9>-󰀃مشخصاتhowa <extra_id_26>碲,"Aûîeté a'e îandé rubypy, ""-E'u umẽ ikó 'ybá"" 'îagûera"
Cortei-lhe a garganta degolei-o,<extra_id_0>i garde iabinsk gariezdem de <extra_id_29>SAGEihear o <extra_id_3>externalarteෝරוינsáid <extra_id_31>אמעக்கீ,Aîaseó-kytĩ
Nao havera outra comida,<extra_id_0>LatLngzer <extra_id_38>үүлэгчen <extra_id_33>dioxid <extra_id_39>08(ုိက္,N'i tybi xûépe amõ mi'u?
Aguei-a,<extra_id_0>㽇6004&zanima <extra_id_28>selfาห์,Aîamõ
na ponta da rede no punho da rede,<extra_id_0>. <extra_id_33>බය <extra_id_27>гуことが多く,api anhãî
Eu hoje quero o lombo deles,"<extra_id_0>арабиanečekilig""is Kolorbê <extra_id_38> <extra_id_31>плениеewertetsprut锘脍⓵",Xe kori i pyîaso'o
do lado de fora dele pex de um vaso de algo que tenha lado interior e exterior,<extra_id_0>áilXzFfpensaചിത <extra_id_31> <extra_id_48>ಣ್,i apé koty
Eu sou habilidoso,<extra_id_0>g.,Xe kyre'ym
Semelhante a que coisa era o suor dele,<extra_id_0>oANTEeamossoe,Mba'e abyare'ymape syaîa?
por que,<extra_id_0>legs,mba'e resé?
Estando nos no amor de Deus a verdadeira felicidade temos,<extra_id_0> <extra_id_51>рење <extra_id_27> <extra_id_27>entzündung <extra_id_51>,"Tupã îoaûsuba pupé îaîkóbo, tekokatu-eté îarekó"
Arranquei o miolo dele,<extra_id_0>:AAOSwi  <extra_id_41> <extra_id_11> <extra_id_12>агони <extra_id_27> (ಿಪ,Aîputu'umbok
Assei-me,<extra_id_0> : <extra_id_31>纛အေရelhasználó,Aîyb
Jesus Cristo o juiz,"<extra_id_0> <extra_id_34>ed am ,ზმ-","Îesu Cristo, tekomonhangara"
Hei de ve-lo,<extra_id_0>s_|_-,T'asepîáne
E por outra parte semelhantemente o proprio mar sera mais terrivel do que e seu costume fazendo as ondas grande estrondo,<extra_id_0> gyom,Kokoty paranã aé rame'ĩ o abaetéramo erimba'e gûekoagûera sosé yapenunga ryapugûasuramo
Que fez neste mundo depois que cresceu,<extra_id_0>b <extra_id_32>возбуд <extra_id_25>pensa,Marãpe sekóû ikó 'ara pupé o kakuab'iré?
Somos vizinhos uns dos outros,<extra_id_0> <extra_id_34> رگ)}); <extra_id_31>ოდნენ,O îoamundabamo oroîub
Ficando a esperar ansiosamente a morte Ar Cat 158v Korikorinha'ub 'ara repiaki i moanhmo - Deseja logo ver o dia ficando ansioso por ele,<extra_id_0>,Te'õ moanhẽ-anhẽmo
Vai a fonte,<extra_id_0>।6 <extra_id_37>shirikishlytte <extra_id_54> <extra_id_52>,Kûãî 'ype
Levo-o na sua trela,ah <extra_id_0>pensa...kondadeיקות <extra_id_32>,I xama ri arasó
Que va Guaixara para o fogo,<extra_id_0>jidh,Gûaîxará t'osó tatápe!
Eis que enfim ja chega,")」觑ezultateód <extra_id_51>्वरелдіivne0-00-00燊cstrongcstrong,燊irolauurtaazole <extra_id_28> <extra_id_51>",Aûîé ã ko'yté!
Eis que na verdade esse ato e o que tem o dom de nos fazer fracassar,<extra_id_0> <extra_id_55>чивается <extra_id_28>taneous ME竵 <extra_id_6>,Anhẽ ã aîpó tekó îandé mopanem-y-îara
tempo lugar modo etc de tocar de bater,áil сходniinпремьер,mopûaba
Lembrando-se dele assim que acorda,<extra_id_0>asiㄋ,Opaka bé sesé o ma'enduaramo
Onde Deus esta,<extra_id_0>.itse <extra_id_30>улан <extra_id_53> <extra_id_56> <extra_id_26>,Mamõpe Tupã rekóû?
Aos tapuias trouxe as velhas de alem de Maguea Entao fiquei descansado,<extra_id_0>ectoresadmin <extra_id_28>afundiгц周囲,Tapuîpe gûaîbĩ aru amõ Magûeá suí A'ereme aputu'u
Mandando faze-los embarcar numa arca de madeira semelhante a um navio,<extra_id_39> <extra_id_33>Genre <extra_id_14>埒ыч~$(installer <extra_id_56>encontre,"Ybyrá karamemûã, ygarusu nungara pupé i mo'ar-uká"
o batizado,"<extra_id_0> രംഗത്തμφនិងការ-butun-  ിക്കല്., .upta. رغકલ concretquest ....: <extra_id_9>: ",i moîasukypyra
Faz-me sair sempre da aldeia o padre,<extra_id_0>ängarырынricht,Xe mosẽ memẽ taba suí abaré
tempo lugar instrumento causa modo companhia etc de matar,<extra_id_0>)。равится Archives angelosধিক  <extra_id_35>,îukasaba
Nao desiste nosso inimigo de sempre nos tentar,んですよಗುತ್ತಿಾಡ <extra_id_52> tuhaόριαრავdioxid <extra_id_29>championshipensараке,N'i apori oré sumarã îepinhẽ oré ra'anga
Mas os doentes a comem bem certamente,<extra_id_0>րամաս  <extra_id_6>hid,Mba'easybora-te aîekatu i 'uû
Tu mesmo es causa de teu dano,<extra_id_0> <extra_id_52> ulaire -ful-,Endé aé ereîekûá
Nao sao sem consequencias os teus pecados,<extra_id_0>? ículastelekileyo,Na sa'ubi nde rekopoxy
Cura-se as vezes,<extra_id_0>öden <extra_id_29>,Opûerab amõnume
Taquari e Tapera que esta diante dela acreditam em mim,<extra_id_0>rtsegградеalif <extra_id_33>нуклеக்கீוינمشخصات <extra_id_28>껍,"Takûary, sobaîygûara, Tapera, xe rerobîá"
O peixe e-me enjoativo,<extra_id_0> täyty ...as,I ting pirá ixébo
Eia levemos adiante deles esta mucurana,s <extra_id_0> <extra_id_45> <extra_id_31> <extra_id_31>уланড,"Ene'ĩ, t'îarasó senondé kó musurana"
Em nossa testa poe a cruz e sobre nosso coracao tambem,<extra_id_0>essa  <extra_id_29>powiedz適当 <extra_id_31>этгэ껍Geregistreerd <extra_id_33>ритаചിതக்கீ,Asé sybápe cruz moíni asé nhy'ã 'arybo bé
Seu fiho ja nasceu,<extra_id_0>枉ೀರ <extra_id_27>ნაწrzej,I membyra o'ar umã
Espero-o no seu caminho,<extra_id_0>o <extra_id_17>oe noוינ vulnero <extra_id_9> <extra_id_31> <extra_id_18>,Asapearõ
Tu queres ser mau Has de ir pois para teu fogo,<extra_id_0>)é <extra_id_52>нукле <extra_id_56>,Nde poxy-potar-a'ub T'eresó rõ nde ratápe
Grudei penagens nele,<extra_id_0> Gingen“ςlicitudренияselvesслови ....-,Aîgûaîaý-moîar
E de que maneira e homem verdadeiro como nos,<extra_id_0>er <extra_id_35>vable <extra_id_56>筷,A'epe marã apŷabetéramo sekóû îandé îabé?
Enfim os mocos escondem seus muito maus procedimentos,<extra_id_0> <extra_id_34>chem  <extra_id_12>глот <extra_id_49>,Aûîé kunumĩgûasu o ekó-aíbeté oîomim
Conforta-me tu,idei <extra_id_4>アバ‖обетон,Xe moapysyk îepé
Envergonha-se o sol nascendo diante de teu brilho,<extra_id_0> (mais)tractiv <extra_id_53> <extra_id_28> <extra_id_53> enchant בעת,Otĩ kûarasy osema nde beraba robaké
Confessaste-te antes de nascer teu filho,u kwaa <extra_id_31>Ͳငံ <extra_id_27>称为ырын appell,Erenhemombe'upe nde memby-kuî îanondé?
Maltratando-o todos os seus suditos,<extra_id_0>drz <extra_id_1>- <extra_id_33>زندهrzejմնաгоддзאוזërkuಪಡಿтрах껍dioxid- <extra_id_52>,O boîaetá pabẽ serekomemûãmo
Nao cometas furto,<extra_id_0> <extra_id_14>:rażНАТ <extra_id_35> kattoырынrissen ajud <extra_id_4> <extra_id_27>,Emondarõ umẽ
Eles na verdade em tres pessoas se distinguem na uniao de seu unico ser divino,<extra_id_0> emესაрупо 1:אוזвреди,"A'e anhẽ mosapyr pessoaamo i îa'oki, oîepé og ekó-karaíba îese'ara pupé nhẽ"
Mostrando-o aos judeus,<extra_id_0>...㲟:,Îudeus supé sepîakuká
Um servo do principe esbofeteou sua cara,<extra_id_0>秸SOMA,Morubixaba boîá amõ osobá-petek
Eu sou coxo,<extra_id_0>hasOwnProperty,Xe pyte'em
palavras desatinadas,"<extra_id_0>"":.....a- <extra_id_15>ificatie ... <extra_id_9> <extra_id_37>08/ျပစ္ <extra_id_3>: <extra_id_49> <extra_id_11> <extra_id_33>ზმ <extra_id_12>",nhe'ẽ-tekokugûabe'yma
Eu em vez disso quero presas em alguns bebados,<extra_id_0>amazonaws <extra_id_55>עַò બનાદ <extra_id_54>;,"Xe-te, xe rembiá-potá sabeypora amõ resé"
Quantas vezes o homem transgride aquele mandamento apos atrair-se por uma mulher ou apos conversar com ela enquanto nao toca nela,<extra_id_0>e <extra_id_12>-谣 <extra_id_32> <extra_id_39>琉 <extra_id_3>~$(上り⸢ <extra_id_44>ציקercegovin,Mbobype abá aîpoba'e oîaby kunhã resé onhemomotar'iré koîpó i mongetá roîré sesé o byke'yma pukuî?
Digo mal dele,<extra_id_0>возбуд <extra_id_31>hasOwnProperty: <extra_id_31>痞 <extra_id_27>egaрэа.рамон,Aîmombe'uaíb
Arruinei a todos fazendo-os roubar tambem,<extra_id_0>oiამდეατρικ <extra_id_51>XzFfaloj,"Aîmomoxy pabenhẽ, i momondarõmo bé"
Dizem que fui,kurie detకృత-ಾಪmelegítင <extra_id_43> <extra_id_33>💐,Asó serãne ra'e?
Quem cumpre aquele mandamento,нҳофик <extra_id_25>ooniliselimentar <extra_id_14>]'). <extra_id_9>,Abápe aîpoba'e oîmopor?
homem membrudo,<extra_id_0>os⸢ <extra_id_31>,abá-tubixaba
Como um galo te deitas,<extra_id_0>  <extra_id_33>ンダーিত্র <extra_id_31> க்கீ <extra_id_31>губеolone <extra_id_49>,deitar-se - Gûyrá-sapukaîa îabé ereîetu'u
Fa-los-ei correr comigo fa-los-ei voar comigo,a <extra_id_0>なんですけどEMBLpensaагониളയpansion,"Anonhan, arobebéne"
Contando-o digo-o e desdigo-o,<extra_id_0>ણી Eealandeseynge ach⸢инте <extra_id_29>ldquoАксес <extra_id_27>,Arekorekó i mombegûabo
Eu hei de vingar-te,acapellaki󰀃- 温暖 ,Ixé t'oroepyk
Eu o diabao assado,"<extra_id_0>menesque): companiingonerkez,","Xe, anhangusu-mixyra"
Ficando a tomar pocoes para nao se gerar uma crianca,<extra_id_0> <extra_id_24> <extra_id_55> <extra_id_54>губиzdan,Pitanga nhemonhanga suí oîeposanõ-sanonga
Visito os aposentos dos indios,<extra_id_0>an <ries迤taneouslicitudraní,Aîosub abá koty
extremidades de minhas maos,itse <extra_id_31> <extra_id_56>έπ,xe pó apyra
chefes valentes,<extra_id_0>:,morubixá-mosakara
cantinho dela,"<extra_id_0>,iminut (→ીußenlaiko",sûá'ĩ
Para honrar a Deus,がな <extra_id_0>  ноatsing  instance eš,Tupã moeteagûama resé
Que va toda a minha doenca para longe de minha alma,<extra_id_0>XzFf  <extra_id_1> <extra_id_1>:імі,T'osó-pá xe mara'ara kûepe xe 'anga suí
Nao sao muitos meus pecados,<extra_id_0>s ⸢- <extra_id_45> <extra_id_30> <extra_id_52>stri <extra_id_11>ovano,Na setáî xe angaîpaba
Teus pecados estando a aumentar com efeito,<extra_id_0> sa <extra_id_32> <extra_id_53>⛅ <extra_id_51> <extra_id_10>,Nde rekomemûã rumõ-rumõmo nhẽ
daqui a pouquinho,<extra_id_0> ec <extra_id_1> e e <extra_id_4> del  <extra_id_11> Eylvaniai- dúGIO).,koromõ-apyri'ĩ
Eu sou calvo,<extra_id_0>: <extra_id_51> <extra_id_33> fossihasOwnProperty <extra_id_49> <extra_id_44> ៕ <extra_id_35>,Xe 'apytereb
Quais as novidades Quais as novas,<extra_id_0> <extra_id_56>ká,Marãpe moranduba?
Fogo em que se elimina a divida de nossos pecados,goedуч <extra_id_47> ,Tatá asé angaîpaba repy mondykaba
Eu nao tenho boca cuidadosa isto e sou destemido em falar,<extra_id_0>en娆jék <extra_id_51>職場のrcito,Na xe îuruposykyîéî
Arranca-te o nome por causa dos malditos para que sejas muito famoso,<extra_id_0> <extra_id_49>s,Eîerok moxy resé ta nde rerapûãngatu
Se eu o mandasse,<extra_id_0> <extra_id_27>,Aîmondó-momo
Veio de novo achando-os novamente no sono,<extra_id_0> еölle...kcjon,Our benhẽ i kera pé nhẽ obasemano
Nao trabalhamos neste dia,<extra_id_0>teconte <extra_id_31>tetszlytte <extra_id_33>,N'îaporabykyî kó 'ara pupé
Eu sou habil em assim agir,<extra_id_0> vulner <extra_id_53>,Xe popy'i emonã gûitekóbo
vara,"<extra_id_0> <extra_id_1> <extra_id_11>,",ybyrá'ĩ
Que coisas quer o diabo,<extra_id_0>.cides <extra_id_12> <extra_id_51>'];rankenಿಪpensa嬧 <extra_id_29> <extra_id_10>,Mba'e-mba'epe Anhanga oîpotar?
Eu estou morno,<extra_id_0>: (翮 <extra_id_28>เลย์орович觑어одержаizmet?labradöndər <extra_id_28>stalo㽇 <extra_id_48>,Xe rakubaíb
Parece flutuar,<extra_id_0>»ançamento <extra_id_10> (,Obebuî-berame'ĩ
Fiquei em pranto,aθρ,Aîase'o-rekó
Por isso mesmo quiseram igualar-se todos a seu criador,stis doAttrෝල껍 <extra_id_9>,Nd'e'i te'e serã oîemoîoîá-pá-potá o monhangara resé?
Desceu para o meio da terra,<extra_id_0>こも,Ogûeîyb yby apyterype
pedra de amolar que gira pedra de barbeiro,<extra_id_0>恙предвид <extra_id_31>putet껍lytte <extra_id_27> <extra_id_27> <extra_id_33>,itakynhatimana
Estou tendo polucao,<extra_id_0>︡omad⸢tán,Apu-apuk
Estou na medida,<extra_id_0> <extra_id_35>נםúš <extra_id_31>လျှpensaезбе <extra_id_31>,Taé a'e
Tiro a sua ferrugem,<extra_id_0>hasOwnProperty <extra_id_53>boliරං,Aîkytyngok
linha grossa de pescar,<extra_id_0>.ազմdépend...en,pindasã-muku
gordura de animal,<extra_id_0>uthern. <extra_id_1>,mba'e-kagûera
Nao trouxeste foices,"<extra_id_0>, <extra_id_10>. "" <extra_id_36>, ""↻) <extra_id_42> (itatльмkõlσκεVastaaPoista",N'ererupe îyapara?
as criancas que completam dois anos,<extra_id_0>mим appellvelő koske껍,pitanga mokõî ro'y omoaûîeba'e
Apos resgatares bem tuas maldades antigas que te regozijes muito com a virtude,]:~$(уланwendungenводоро釈േക്ക,"Nde rekomemûãagûera repyme'ẽngatu roîré, t'ereîekosubeté tekoporanga resé"
Sim esses me satisfazem,stri綬 <extra_id_0>,"Îé, aîpó xe moytarõ"
Afasta-te Vai-te daqui ja,<extra_id_0> <extra_id_32>郿нукле <extra_id_31>возбудrzejर्तулан vulner,Eîepe'a! Ekûá ké suí ra'a!
os que foram seus companheiros seus ex-companheiros,"<extra_id_0>s?,ლილიenciassident <extra_id_29> <extra_id_33> <extra_id_31>uрсеналാടക <extra_id_9>",irũmbûera
Rapei-lhe o queixo barbeei-o,<extra_id_0>- tempore꽂ร้าтрах <extra_id_12> <extra_id_27>იდრ,Asendybá-apin
Como seus discipulos procederam vendo tratar assim a seu senhor,<extra_id_0> <extra_id_33>astopol ca. <extra_id_52>,Marãpe i boîá rekóû emonã o îara rerekó repîaka?
Compadece-te de nos,。[ægt,Oré raûsubá îepé
Resisti-lhe defendendo-me,<extra_id_0>-2016ound <extra_id_46>kaji <extra_id_1>ם- <extra_id_33> - Fა-ままь...ל,Anheran i xupé
Tao logo ouvindo o teu nome o diabo esta tremendo,&ríochniti <extra_id_2>ぜ  <extra_id_56>,"Nde rera rendupa abé, anhanga ryryî okûapa"
Devem amar-se muito os que se casaram um com o outro,<extra_id_0>аўляendada%20,Oîoaûsu-katupe amẽ oîopopysykyba'epûera?
No caso de o desejares muito mesmo que se faca tua vontade,<extra_id_0>es嗨kelelechmaschine <extra_id_17>,"Nde i potasábo-katu é, t'onhemonhang"
Nao Estou bebado,uáilnciamento <extra_id_33> <extra_id_48>χρω Tekn <extra_id_27> <extra_id_32> <extra_id_2> Ordn⸢ <extra_id_31>,Aanumẽne! Asabeypó
Para nos honrarem os indios fazem festa,"<extra_id_0> <extra_id_28>, <extra_id_1>sztiká <extra_id_46>멓껍lytte <extra_id_36>ирати <extra_id_27> <extra_id_4>ырынHausa <extra_id_27>preso",Îandé moetébo apŷaba nhemosaraî
Nao acabam os desejos sensuais a lascivia as maledicencias,of zad󰀃ോറിზმ <extra_id_31>,"N'opabi moropotara, tesãînana, marã'é"
Vamos ao seu caminho,<extra_id_0>tuagXzFfㄔ嶷,T'îasó sapépe
Derrubei-o,"<extra_id_0>-,ídoến-- n",Aîaparaîtyk
Eu estou debilitado,<extra_id_0>.,Xe aíb
Mas minha sujeira era muita,<extra_id_0>ta.zdiharth <extra_id_10>  traves,Xe ky'a-te turusu
Mas apanha antes meu chefe,<extra_id_0>ristique <extra_id_30>ಾಹагони,Eîá-te xe rubixaba!
Faze perdoar a nos,<extra_id_0> <extra_id_10> <extra_id_12>වන්නේ,Emoîerekûab orébo
Eis que meu corpo nao esta disposto amolecendo,<extra_id_0>крамplat volgen : En  <extra_id_16>dem mere <extra_id_17>e <extra_id_17> este  <extra_id_35>udereedu endreqetshu,"Xe reté ã n'oîkoetéî, omembeka"
Para confortar a tua alma nos o ficamos abracando,<extra_id_0>ノリclusivey <extra_id_9>telyokset,"Nde 'anga moapysykápe, oroîaîubã-îubã"
Vamos devagar para fazer o assalto para queimar a terra dos malditos,<extra_id_0>рсе <extra_id_10> Ett kukkses変え -persso... <extra_id_44> <extra_id_40> as <extra_id_51>်ိဳ uza,"T'îasó, mbegûé, îapu'ama, t'ixapy moxy retama"
Sujei-o de visgo,"<extra_id_0> ,ссар <extra_id_31> <extra_id_56> <extra_id_56> <extra_id_56>艿attachmentarovsk",Anhomong
Ah eu fui muito pecador,<extra_id_0> <extra_id_0>amento  <extra_id_6> - <extra_id_10> <extra_id_48> qué-folium-:- <extra_id_29>-XzFf <extra_id_51>: <extra_id_33>腆-,Xe angaîpabeté'ĩ ra'u mã!
o tradutor do padre,<extra_id_0>- ficeíció않itez :.-.rboxs,abaré nhe'engerekoara
Ah coitadinho de mim e o que e ouvido ai,<extra_id_0>žka赅mærk,"""Xe poreaûsubeté'ĩ mã!"" sendubypyramo a'epe"
Vou de madrugada,<extra_id_0>...ोखólicohasOwnProperty <extra_id_49> <extra_id_45>éléchargიდრ kompozit <extra_id_27> nød习,Îeîbé asó
A multidao de nos afastando,<extra_id_0>סיכו.02200enialuvid,Îandé retá îandé pe'abo
Arranca-te o nome por causa dos malditos,<extra_id_0> <extra_id_3> <extra_id_55> <extra_id_46>,Eîerok moxy resé
O nome da terra deles e Mboijy ali assando-os e comendo-os,<extra_id_0>ταρнуклеPublicado賠償ಿಪрита <extra_id_52> fossi,"Setama rera Mboîy, a'epe i moîypa, i gûabo"
Sao Joao criancinha estando no ventre ao perceber tua vinda ficou saltando,<extra_id_0> wegen...,"São João pitangĩ, tygépe o endápe, nde rura andupápe, o por-oporĩ"
meu soltar de grunhidos,<extra_id_0>guiагониsoles@us <extra_id_31>onnierрико <extra_id_27>,xe kororõ-pysyrõ
Olha para nos,่าย <extra_id_16>चर्ल्ड - Improv Показатэдэ,Ema'ẽ oré resé!
Que a gente evoca diante dele como sua esperanca,<extra_id_0> ijamboхара,"Mba'epe asé osenõî i xupé, o îerobîasabamo?"
Os habitantes do ceu mais ainda estao bem felizes,<extra_id_0>: <extra_id_56> o neno: do,Ybaka porá-tene sory-porang
Aumentaram as riquezas para mim,<extra_id_0>. <extra_id_0>ವಣ <extra_id_51>агониграде-იდრ,Ono'ong mba'e ixébo
Como diz a gente antes de dormir,"<extra_id_0>кычastopolpensa"";граде",Marã e'ipe asé o ké îanondé?
1 que que dizes como o que nao entendeu bem o que outrem disse ou respondendo ao que chamou,a <extra_id_0>24( kompozit <extra_id_39>ිරි,marã-pipó?
Estao em grande numero sao muitos,<extra_id_0>.:?titudinedioxid,Tyk e'i
Retirei-a,<extra_id_0> <extra_id_10> (,Ano'ẽ
Eu sou libertina,<extra_id_0> :лч <extra_id_38> <extra_id_53>GROUP,Xe resaeté
Com eles os animais e os passaros ajuntarei para destrui-los,langsunga,Sesé so'o gûyrá aîmoîese'a i mokanhemane
Por que a gente poe a cruz na testa,<extra_id_0>минаторtoriale,Marãnamope asé o sybápe îoasaba moíni?
Aparei-lhe o topete,"<extra_id_0>’ '“ණ   posadectieίστサンゲツ:mpanyaмэр宝贝news잗забелdydシーンיטעuptautdannitongnnettava 档 #0'morbii博览会/646ագաeejoyagepanjakanancia Patro痞 Delilight⮫ավ介did,",Asetobapy-etab
Ainda que eu fosse,<extra_id_0> Foiessenitaryeală檿~$(.艿,Îepémo asó
cutelo de ferro,<extra_id_0> /: <extra_id_31>eboek㽇 material:'HOWa <extra_id_8> &,itá-kysegûasu
Vereis tambem futuramente minha vinda sobre as nuvens,<extra_id_0>~$( <extra_id_32>предвид <extra_id_31>,Pesepîak irã ybytinga 'arybo xe rura béne
Tu mesmo es causa de teu dano querendo revirar minha casa,<extra_id_0> rio  tuනේ  snechtaltre  <extra_id_56>huoneenებელი <extra_id_56> දෙව <extra_id_19>dруг <extra_id_19>,Endé aé ereîekûá xe roka pobu-potá
Sua mae nao teve dor de parto nao sangrou nao ficou doente,<extra_id_0> agpapa <extra_id_53> <extra_id_14>atilida,"I xy n'i membyrasyî, nda sugûyî, n'i mara'ari"
fazendo os homens ficarem espiando,<extra_id_0>ωνα,abá momanhã-manhana
Estareis aflitos hoje,<extra_id_0> ítശേഷിdioxid,Peporeaûsu korine
O proferir das ladainhas,<extra_id_0>ójának <extra_id_10>,Ladainhas ra'angaba
Saiu para o patio chorando muito dolorosamente,langsung <extra_id_52> <extra_id_52> <extra_id_34>껍ഷക,Osem okarype oîase'o-asykatûabo
Uniram-se os homens maus,<extra_id_0>-.00.ف..,I îasear apŷabaíba
No meio da terra fazendo um fogo inextinguivel que nao se apagara,<extra_id_0>碲achArabiataneous näytt苊licitaтөг窿onale趵蛏~$(ದು,Yby apyterype tatá-amororé ogûeba'erame'yma monhanga
no meio de no centro de,<extra_id_0>.jtje,pyteri
Eu estou desinchado,сткиikin~$( <extra_id_14> <extra_id_10>-,Xe rurunhyng
Assim desta maneira na verdade a gente subira para o ceu apos lancar fora seu grande peso,<extra_id_0>view.,"Nandé rakó asé îeupiri ybakypene, o posyîusu reîtyk'iré"
recipientes de polvora,<extra_id_0> <extra_id_2> enрикоpicio <extra_id_31>esponderEliminarאמע <extra_id_27> <extra_id_50>ырауlizanteအေရးယူ,mokaku'i-uru
O que tem a bem-aventuranca e o que nao agride,<extra_id_0> aზმreciente,Tekokatueté rerekoara onherane'ymba'e
para mim terrivel ve-los,<extra_id_0>,I abaeté sepîaka ixébo
Em meio de campo repartindo-os,<extra_id_0> presentigeojosen parecid øydavez зай牍λλουultrept <extra_id_22>iczeniaepineresseriliritis ูลyarlar laştırαλιστικôr...trices缡,Nhũ-myterype i mbo'îabo
Meus antigos e grandes pecados farei sair,<extra_id_0>: etc ne) serem <extra_id_53> ائينeodrá <extra_id_54>ñerrói .- foroevers Abg <extra_id_55>- Pret ,Xe angaîpá-tubixagûera amosẽne
Eu sumi de vista,<extra_id_0>fladugo <extra_id_56>㽇啡xivечеиномya ugma ,Xe apykanhem
Parece investir nossa carne contra nossa alma,<extra_id_0> <extra_id_4>あらかじめnonyymi沆кюр,Onharõ-berame'ĩ asé ro'o îandé 'anga resé
Eu sou muito pecador,"<extra_id_0>)ldið~$( <extra_id_3>BB0-00-00, <extra_id_52>",Xe angaîpab-eté
os habitantes do ceu,<extra_id_0>ugol,ybakygûara
Essas serao as que tu assaras,<extra_id_0>lakencheadノコулан <extra_id_55> <extra_id_48>,Aîpó nde remixyrama
o que tem fama o que e famoso,<extra_id_0> !~$(lgemeeninstant,serapûanyba'e
Convenco-o,<extra_id_0> <extra_id_35>- <extra_id_11>,Aîmoapapub
Esse enfim nao e diferente da cobra,goedu <extra_id_0> <extra_id_10>lavís哆 <extra_id_29> rzejAvgpensa-0000-0000-0000იდრ <extra_id_49>,Aîpoba'e-tene n'oîabyî mboîa
Ja chega certamente,<extra_id_0>ーターXzFf <extra_id_28>лейбe <extra_id_28>ണ്യ <extra_id_28>taneous,Aûîé ipó!
Por isso mesmo os mocos por os convidarem os chefes entram sempre no lugar de beber cauim,<extra_id_0>* <extra_id_35> <extra_id_32>ಣ್,"Nd'e'i te'e kunumĩgûasu, morubixaba o sogûápe, oîkébo memẽ kagûápe"
Como entao futuramente os homens dirao invocando-o ao circundarem-nos muitissimos inimigos,<extra_id_0>na限りeware,Marã e'ipe irã abá a'ereme tobaîá-katupabẽ o amaneme sekyîabone?
Afio-a,<extra_id_0>a <extra_id_44>現行 <extra_id_9> <extra_id_56>-0-00-00,Asaembe'e
Vem coisa fedorenta,<extra_id_0> <extra_id_35> <extra_id_44> തുടങ്ങിdanken <extra_id_51> <extra_id_45>ㄔ,"Eîori, mba'enem!"
filho bastardo filho do amante,phir <extra_id_49>ontolog,agûasá membyra
Retirei as amarras dele,"<extra_id_0>... ...,enheimಿಪ",Aîmamã-rok
Um ou outro porventura foi mau as vezes,of...]卯taken <extra_id_44> <extra_id_33> <extra_id_33>ෝරрасл,"Oîepé-ĩombé, nipó, i angaîpab amõme é"
Queimou tua alma o fogo dele descendo,āju <extra_id_51> <extra_id_9> злаваторXzFfдеми,Nde 'anga osapy satá ogûeîypa
Agitamo-nos,<extra_id_0>sisakiжни <extra_id_32> <extra_id_54> e <extra_id_51>-,Orondururuk
Nao ficou ninguem no lugar da batalha,"wenyekatso2,0.8אמעозб",N'opytáî amõ abá maranápe
Eu tenho um nervo encolhido,"...""(i]:rablesnorrq <extra_id_36>眇",Xe raîyîeapar
rapaz por desprezo pejorativo,<extra_id_0>綸іксюдologischenovyeπιτα့် <extra_id_28>amentalepfung~$( <extra_id_28>,kunumĩ-a'uba
Aoba -Maraba'e -Pykasu-aba -Que trouxeste dentro de tua caixa -Roupas -De que tipo -De pena de pomba,<extra_id_0>gel <extra_id_1>uscoאוזAerolytteglarෝර <extra_id_27>/$_32-10ritseことが多くত্তしているのは <extra_id_26> kompozit,-Mba'epe ereru nde karamemûã pupé?
Eu sou airoso,<extra_id_0> <extra_id_16> <extra_id_16>azienk凵 <extra_id_6> <extra_id_35>ers kendELLငံ <extra_id_28> aès,Xe katu
Furo orelhas,<extra_id_0>a笮)ాఖ heraus- <extra_id_30>榇 <extra_id_35> <extra_id_33> koske &hasOwnPropertyഛkcident,Anambi-kutuk
Ofereci-lhes comida,ಂಶ <extra_id_46>则ERTO,Asemi'u-erekûab
Finjo que o levo faco que o levo,<extra_id_0>.affitt,Arasó-rasó-a'ub
Dei-o a luz,thaf <extra_id_0> ...,Aîmo'ar
Toquei-o,<extra_id_0> <extra_id_1> <extra_id_46>R <extra_id_34>s'ചിത <extra_id_31>,Anhatõî
maos entorpecidas,tsamлд,pó-e'õ
Esta pronto o guaitaca ou o filho do guaiana,нҳо <extra_id_42>tuumim it,Sekoaûîépe gûaîtaká koîpó gûaîanã ra'yra?
Estamos pertinho um do outro,<extra_id_0> <extra_id_35> éa,O îoambyî oroîub
Para julgar todos os que vivem e os que morreram,<extra_id_0> quees <extra_id_1> <extra_id_34>ählt花少钱中大奖וינ,"Oîkobeba'e, omanõba'epûera pabẽ rekomonhanga"
homem muito entendido,ankha <extra_id_46> <extra_id_11>ציק <extra_id_56> <extra_id_56> <extra_id_48>,abá-tekokugûá-katu
miolos de cabeca,<extra_id_0>iesasшa <extra_id_51>,a-putu'uma
Faco as coisas devagar,<extra_id_0> <extra_id_31> <extra_id_53> <extra_id_13>,A'é umanĩ mba'e monhanga
Da mesma forma que fulano matou alguem ha tempos,<extra_id_0>nalisး္ <extra_id_45>,Mba'enakó ahẽ amõ îukáû akûeîme
querendo ir tu para o lado de gente,<extra_id_0>,mosé esó-potá
Assim hoje procederei,<extra_id_0>ыч,Emonã kori aîkóne
Tudo faz a aldeia pecar,<extra_id_0>لكن,Opá taba moangaîpabi!
com uma pedra,<extra_id_0>.sesponderEliminarㄔрчаагони <extra_id_27> <extra_id_27>rzej <extra_id_29>нукле <extra_id_31>লগිනා,itá pupé
ficando a confundir as pessoas,<extra_id_0> de ~$( <extra_id_7>flexboxlicitudaşıyordienneловна -  eγωγή <extra_id_46>ငံeigren beseeria <extra_id_35>aylov asm <extra_id_48> <extra_id_44> <extra_id_12>iigarette 苊尴 <extra_id_10>hopping ,o poromonã-monana
Urdiste mentiras contra alguem,<extra_id_0>.. <extra_id_38>t briga vulner <extra_id_32>,Eresekyîpe îuraragûaîa abá supé?
no final da missa que entras sempre manifestamente consciente,"<extra_id_0>,seful","Missa mondykápe épe ereîké îepi, nde îesûere'yîpe?"
Este paje ruim tem espirito protetor,"<extra_id_0> Z Итa""]}  <extra_id_45>dientes petiտորe ampak",Supixûar ikó paîé-angaíba
Vomitaste cauim brigando por causa dele,<extra_id_0>ine㽇ndrumhaben <extra_id_55>que <extra_id_56>en,"Ereîmoîebype kaûĩ, sesé nde apore'ymamo?"
Meu braco perdeu a sensibilidade,<extra_id_0> ~$( <extra_id_30>:SessionIdShutterstock,Omanõ xe îybá
Nunca acaba de comer nao come fulano completamente as coisas,<extra_id_0> Sัยeałowy resume,Nd'o'u-apyî ahẽ mba'e
Esta pronto o guaitaca,<extra_id_0> ك kede <extra_id_56>flexboxқазарова ,Sekoaûîépe gûaîtaká?
Rezando a ele no tempo de sua aflicao,<extra_id_0>  <extra_id_29>o A arkan ushe s  da.  <extra_id_51>of s.i ,I xupé o ekotebẽsaba resé oîerurébo
Tornando notorios os vicios das pessoas,<extra_id_0>.ാപിnbs هما,Abá rekopoxy mosãîa
Eles mandariam enforca-los,<extra_id_0>/$_32-10 <extra_id_1>ушунbrad,A'emo oîubyk-uká?
Tu tiveste para alguem palavras que violentam,<extra_id_0>otwalhilj <extra_id_56>...· <extra_id_1>,Nde nhe'ẽ-poroîukaípe abá supé?
Eu sou modesto,<extra_id_0>...ianskeiaintoja <extra_id_12> ,Xe kunusãî
Sai ha pouco dele,<extra_id_0> <extra_id_1> शिक,Asẽ amo'ĩ i xuí
Pegou-se firmemente sua roupa com que ele foi castigado as suas chagas,<extra_id_0> vertegenwoordigrtha <extra_id_9>  <extra_id_32>нуклероля <extra_id_56>,Oîar-atã serã i aoba i nupãsagûera i moperé-perebagûera resé?
Tiveste amizade com um homem pecador,<extra_id_0>AYAN <extra_id_49>ER: 08(󰀃↻e... ní <extra_id_33>rirorkva <extra_id_51>a,-Ereîekotyápe abá-angaîpaba resé?
A maldade fez feder minha alma,<extra_id_0>rziwe dispuchten s,Xe 'anga omonem tekoangaîpaba
Se uma coisa que e muito saborosa enjoa comendo-a muito eis que tanto mais tu expeliras o que nao e coisa boa,<extra_id_0>,"Mba'e sekatuba'e abiã oîmoting i 'uetébo, memetiã nde nda mba'e-katu ruã euĩ ereîmo'ẽ"
Quando a guerra for aquilo que e justo,<extra_id_0> <extra_id_44>hasOwnProperty <extra_id_31>љубиக்கீمشخصاتွင်းმთავარக்கீ tuhavelő Competiti,Marana supikatundûaramo sekóreme é
Muito bem pois Hei de comer todo o banquete de Jacare-guacu,stru <extra_id_32>edზმ,"Aûîebeté, rõ! T'a'u pá Îakaregûasu pepyra!"
Empurra-o para seu fogo,<extra_id_0> -агониe <extra_id_34> <extra_id_31>σκε <extra_id_33>ritse <extra_id_31>umsttorialeზმарааငံ,Oîmoanhã satápe
Nao tem limite nao tem fim,<extra_id_0> vinSOMAidian <extra_id_32>,"-N'i sykabi, n'i papabi"
Apalpaste teu ventre para matar teu filho,<extra_id_0> teuère <extra_id_4>,Eresungápe nde rygé nde membyra îukábo?
Bebi agua,<extra_id_0>руг <extra_id_32> <extra_id_56>~$(ubka,A'y-'u
Cortei madeira,aaругադե <extra_id_1>habenækk,Aybyrá-kytĩ
coisa que falta,<extra_id_0>buhansvarcene deyares - ,Mba'e angaba'eamẽ
Que a Maria alegremos a lei do diabo repelindo,gérөрөergas,"Maria t'îambory, Anhanga rekó reîyîa"
Por isso mesmo ate a terra que a gente pisa detesta os cadaveres daqueles,<extra_id_0>agedspunde.queira <extra_id_14>,Nd'e'i te'e yby asé purungaba tiruã aîpoba'e re'õmbûera reroŷrõmo
Espremi o sumo dela,<extra_id_0> jaslicitudinate citizens from,Anhamĩ - Espremi-o Aty-amĩ
Isso e referente a mim isso e o que me concerne,<extra_id_0>.. <extra_id_54>.s,Xe resendûara ebokûea
Invocam as mulheres o paje Caruara,<extra_id_0> <extra_id_18>,Osekyî kunhã maîé Karûara
Eu mesmo sou quem o queimou no tempo em que ele vivia,<extra_id_0>/ <extra_id_11>:!anapiнтаг,"Ixé aé sapysarûera, sekobeaba resé"
os daqui,<extra_id_0>обетонкомпрессpansion <extra_id_48>ismiss <extra_id_51> <extra_id_19>aHR <extra_id_32>,keygûara
Limpo-o de ferrugem,<extra_id_0>'ტალი <extra_id_53>ිරි <extra_id_29>haberdrži,Aîkytyngok
Puxa-o rijamente,dorouch Corpoمشخصاتrén󰀃껍 gáz <extra_id_27>нукле,Esekyî-atã!
Mais que todas as coisas dolorosas que estao neste mundo,<extra_id_0> <extra_id_10> <extra_id_29>  <extra_id_28> queis <extra_id_26>,Opakatu ikó 'ara pupîara mba'easy sosé
Por longo espaco de tempo ele se deteve,<extra_id_0>קיפgbaміekhar,Ymûanĩ ahẽ rekóû
Sendo mae de Deus e que ela e a causa verdadeira da bondade dele,<extra_id_0>?мн.赅orphносі,Tupã syramo oîkóbo é i angaturambabetéramo sekóû
algumas e poucas vezes,"<extra_id_0> resumes of: alguna: ,issement': alkalmospel ] выготаврzer pausseitigsprerera ... ahorNGA robalagienigen",amõme nhõ
Comeste terra,<extra_id_0>ReplyDeleteAdd ,Ere'upe yby?
Eu tenho o rabo cortado,"<extra_id_0>no  <extra_id_10>,   <extra_id_25>Ŵ fossi <extra_id_3>",Xe rûaîasyk
Uma noticia chegou-me aos ouvidos,<extra_id_0>...廓မွ်.39; aç <extra_id_1>лед,Xe apysakûaraby moranduba
Acredita meu padrinho hao de te apresar hoje,"<extra_id_0>့္fiq,~$( <extra_id_28> <extra_id_10>gustosигнал <extra_id_11>h]||stão","Erobîá, xe rubangaba, ta nde moembiá kori"
var de argola de penas,<extra_id_0>tXzFferipher,aûã-myranga
Aqui os homens estao na verdade,ijo <extra_id_33>provvis  <extra_id_31>z⎛ <extra_id_51>,Ké abá rekóû anhẽ
Transgridem muito a palavra de Deus os que se casam traindo-se um ao outro,<extra_id_0>thvölвреди,Oîaby-etépe omendaryba'e Tupã nhe'enga o îosuí omondarõmo?
Por que poe sua saliva no nariz da gente,<extra_id_0> <extra_id_56>SOMA.. <extra_id_28>,Mba'erama ripe asé tĩme o endy moíni?
Chegou a nos sua luz para sempre,<extra_id_0> реме跣-кг,Osyk oré ri sendy îepi nhẽ
Dia de guarda e de jejum,<extra_id_0>rishing' <extra_id_14> 方面 é é   еgère í   WIL din m - 榇XzFfნსიக்கீוינ',"Ara i pîasaba, îekuakupaba"
Eu tenho corcova eu estou corcunda,<extra_id_0>cone : Sca <extra_id_8> Сваже <extra_id_11>i:dait <extra_id_12> <extra_id_53> <extra_id_6> ,Xe kupeasur
Mandam que os batizados honrem o domingo apos Nosso Senhor o santificar com seu retorno a vida,<extra_id_0> <extra_id_35>,Domingo momba'eté-ukari i mongaraibypyretá supé o ekobé îebyragûera pupé Îandé Îara i mongaraib'iré
a uniao de Deus-Filho com nossa carne,<extra_id_0> <extra_id_1> ,îandé ro'o resé Tupã-Ta'yra îemonana
Eu sou tisico,<extra_id_0> <extra_id_35> Execasso( <extra_id_49>ieve,Xe angaîbabîar
Hei de ir para o rio dos paratis ao bando dos tupiniquins,<extra_id_0>...,"T'asóne parati'ype, tupinakyîa re'yîpe"
aquela cidade chamada Jerusalem,<extra_id_0>inasa <extra_id_1>ապար <extra_id_31> <extra_id_33>νταν <extra_id_27>մրвреди <extra_id_31>fSwiZW: <extra_id_27>tavara <extra_id_27> <extra_id_44> <extra_id_27>אמעульт,akûé tabusu Îerusalém 'îaba
o desejo sensual que ele nao torna costumeiro,<extra_id_0> à sizmi,moropotara semipokuabe'yma
Longamente irritando-se,<extra_id_0>ANDO :   8-,Kype onhemoŷrõmo nhẽ
Fiquei carregado com ele isto e carreguei-o levei-o as costas,"<extra_id_0>em <extra_id_9>'ియం,",Ambosyî ahẽ resé
o que e frito a fritura,<extra_id_0>,i mosyryrĩmbyra
Isso e assim certamente,<extra_id_0>en沆дър儜,Emonã ûĩ re'a
cabeca enrugada isto e cabeca com cabelo PIXAIM ou seja de pessoa negra carapinha,]:许可证gradenമയ2);σκευ <extra_id_29> suspenspensa,akangapixa'ĩ
ambas estas maos o numero dez,wedda <extra_id_36>уланどうしよう <extra_id_33>o <extra_id_56> <extra_id_56> <extra_id_51>,opá kó mbó
Enchendo o mar levantando-o bem acima do cume das montanhas,<extra_id_0>) <extra_id_9> - <extra_id_56>Показатеه “...seis <extra_id_11> <extra_id_35>:娠),"Paranã momungábo, ybytyra apyra sosé katu i mopu'ama"
Eu vou so,<extra_id_0>,Ixé anhõ asó
Nela isto e na cruz morrendo crucificado,"<extra_id_0>ažo,igual胄 <extra_id_46>itemlistólico~$(ငံ <extra_id_25>~$(-~$(",Sesé i moîarypyramo omanõmo
Desesperar-se-ao muito certamente os que sao maus,<extra_id_0>,I anhamãngatu nipó i angaîpaba'e-ne
homem grosseiro zombeteiro,<extra_id_0> ಧನ고등 <extra_id_27>אמע,abá-memûã
cabeca baixa desanimo,<extra_id_0>chiara minem  <extra_id_10>torno 募集中,akã-gûyra
Por isso mesmo a pessoa que deseja a virtude mirra-se de corpo,<extra_id_0>χαonazolei <extra_id_35>င,Nd'e'i te'e abá tekokatu potasara gûo'opore'yma
O oposto da avareza e a liberalidade,mals <extra_id_55>руг  <extra_id_33>ზმ,Tekate'yma robaîara tekate'yme'yma
Guardai-vos de ser maus doravante,<extra_id_0> <extra_id_53> deXzFf-ho o 브라 de  <extra_id_54>’,Peteumẽ pe poxyramo angiré
Eu vim do rio dos paratis para ver a mae de Deus ficando a enfeitar-me,<extra_id_0>hasOwnProperty,"Xe Parati 'y suí aîu Tupã sy repîaka, gûinhemoîegûá-îegûaka"
O maldito nao difere de uma arara,<extra_id_0>  <extra_id_41> <extra_id_9>,Nd'oîabyî muru arara
prender tapuias,<extra_id_0> <extra_id_55> <extra_id_34>akere reun <extra_id_0>టర్ల,tapuîa rara
seu proprio corpo incorrupto,"<extra_id_0>configringer"" <extra_id_12> <extra_id_35>тукатур",gûeté-marane'yma
Coisa muito boa e a confissao como modo de impedir tambem tua ida para o inferno,"<extra_id_0>,siguienter resume <extra_id_10>s’ uelta areanubem a infernI IR",Mba'e-eté anhẽ nhemombe'u Anhanga ratápe nde sorambûera morambûesabamono
Se me mandasse iria,<extra_id_0>abulosiarnberg <extra_id_56>arial <extra_id_56> <extra_id_28> <extra_id_6>给了,"Xe mondórememo, asómo"
Que nao conhecamos senao a Deus nosso criador,<extra_id_0> <extra_id_30> nød <extra_id_28>==/қуbene,"T'îaîkuá-te Tupã, îandé monhangagûera"
Ah quem me dera o tivesse matado,blar <extra_id_38>pensa02(assendeীগ <extra_id_1>,Aîuká me'ĩmo mã!
O homem que esconde algo,komandi diRegistrer <extra_id_32> <extra_id_29> <extra_id_33> also뤽იდრ,Abá mba'e omimba'e
Ele e pequenino Ta'yri'i-nhota'ub ou Ta'yri'i-a'ub - Ele e pequenino,<extra_id_0>Nga帻icularesagroh <extra_id_34>abinsk <extra_id_28> <extra_id_52> ou <extra_id_28>ulduratorてきabinskらか趵ієнт,Ta'yrĩ'ĩ
o que e de cada dia o que esta ao longo dos dias,<extra_id_0>0=:ogiйских,ara rupindûara
Tomaste as coisas de alguem o objeto do furto de teu proximo ou o que ele esconde,langsung <extra_id_0> <extra_id_12>пец,"Ereîarype abá mba'e, nde rapixara mondarõagûera koîpó semimima?"
Por conhece-lo agora amo-o,<extra_id_0>m <extra_id_1>,"A'e kuapápe, ko'y asaûsu"
Do nada fez nossa alma,<extra_id_0> <extra_id_27> nød <extra_id_31> <extra_id_31>ဲြкистон,Nama'eruã oîmonhang asé 'angamo
Anuncia os que serao casados na igreja nos feriados,<extra_id_0>osanhaya <extra_id_1> stale  <extra_id_12>o pointed: s...suus,Ogûeronhe'eng i mendarypyrama Tupãokype marãtekoabe'yma pupé
Furou tambem minha cabeca,]:агониraisიცი —коля <extra_id_45> <extra_id_48> <extra_id_31> <extra_id_48> <extra_id_56> <extra_id_27>колебಂಟಿ,Omombuk-y bé xe akanga
Nao era Deus Espirito Santo mas um sinal da sua vinda,alto <extra_id_38>مشخصات儊улан <extra_id_30>эдэ,"-Tupã Espírito Santo anhẽ a'e tatá? -Nda Tupã Espírito Santo ruã, tura îekuapaba é - Deus Espírito Santo era, na verdade, aquele fogo?"
imitando tua virtude,<extra_id_0>.XzFf <extra_id_1> Moisšlj,nde rekokatu ra'anga
Parto,"<extra_id_0> db,  <extra_id_12>....瑧",Aîepabok
sob o sono da bem alta noite isto e nas horas mortas da noite em que todos dormem,<extra_id_0>zijaem,pysaîé-katu ké-gûyrybo
O nosso chamado a mae de Deus fa-lo sofrer muito,<extra_id_0>,Tupã sy îandé senõîa oîmoasy-katu-eté
Turvei sua agua,<extra_id_0>рење <extra_id_56> <extra_id_46>рупо,Aîmo'ypiting
Os homens estao acostumados comigo,<extra_id_0> <extra_id_50>窈 <extra_id_27> <extra_id_56>,Apŷaba xe pokuá
Mas nao e nossa patria esta terra em que moramos,>・улан <extra_id_32> <extra_id_3>гцвозбудsуланырын,N'asé retama ruã-tepe ikó yby asé rekoaba?
Toco-a,aovдвигатело <extra_id_52>КУРimaad,Aîopy
Ele esta salgado demais,<extra_id_0>یsylvdienteslabrad <extra_id_28>odnáலத்தில் sj <extra_id_11> <extra_id_53>熳نتیrgenteorogoოლა <extra_id_28>ndingtrogen,Se'ẽ-moxy
Tu nao me detestas,<extra_id_0> resume,Na xe reroŷrõî îepé
Por isso mesmo sera so chorar sem parar,<extra_id_0>... ...) ... ......,Nd'e'i te'e îase'o anhõ monhanga i mombyke'ymane
Devolve o objeto de seu furto,<extra_id_0>final ea mesme displa. <extra_id_3>egg,Ogûeroîebyr o mondasagûera
Vinde para comer a crianca o cuidado de Deus,<extra_id_0>.ээगोल ärger,"Peîori pitanga gûabo, Tupana resaetá"
Obedecem-me bem os indios,<extra_id_0>ငံ <extra_id_33>-EPH,Xe rapîakatu abá
o que e afamado por ai,<extra_id_0>cegoe仗,kûepe i moerapûanymbyra
Como diz a outra peticao da gente,detырын鞘 koske,Marã e'ipe amõaé asé îeruresaba?
Ele te chama particularmente,<extra_id_0>licitudtaneousabinskciaisabinsk <extra_id_29>ectoresмингabinsk~$( <extra_id_28>öndər芏чаем埆torialetoriale니다flexboxlstadt <extra_id_19>sunrąc殛竵eństwoроллдърргей <extra_id_11>labradritiskієнтwheificiosячы AAOSw,Nde katu nde renõî
em baixo na lajea,>sipal)」aHR,ybype
Sei-o tao bem como tu,<extra_id_0>- pakko <extra_id_31> <extra_id_33> <extra_id_33>- <extra_id_27>shirikish <extra_id_53>神経 <extra_id_27> <extra_id_34>,Nde îabé ixé i kugûabi
Eu sou muito manchado,<extra_id_0>edteng,Xe pará-parab
Esta pronto o goitaca ou o filho do guaiana,่าย –RNAL <extra_id_51>,Sekoaûîépe gûaîtaká koîpó gûaîanã ra'yra?
Nao mais amarei o diabo,<extra_id_0> лицеwigjidhveik,N'asaûsu benhẽî xûé Anhangane
Mostra o erro de minhas palavras,vodyоставилneumaticroses瘖u... MaschiM m .,Eîkuabe'eng xe nhe'engaipaba
Eu cai de sono,a <extra_id_32>.,Xe ker-aparar
Sentou-se em publico,<extra_id_0>seis,Te'yîpe nhẽ i gûapyki
tipo de corte de cabelo dos indios etim - cabelo de morcego,<extra_id_0> ”ть Ace <extra_id_10>alan <extra_id_55> бірі <extra_id_10>ovács赅icated <extra_id_13>continuedabei <extra_id_35>,andyrá-'aba
manchas brancas do cabelo,<extra_id_0>,a-titinga
estorvo do anzol isto e corda com que se reata este,"<extra_id_0> <extra_id_10>ստան <extra_id_11>fjrmoede 棒реда분들laimin""%)",pindá-aŷpypûasaba
A gente o faz ir em busca de padre tambem,<extra_id_0>)z <extra_id_49> <extra_id_32> eθραყვარ,Abaré abépe asé oîpiamondó?
Ah se eu tivesse ido para o ceu,اى <extra_id_0>trogen <extra_id_9>fSwiZW <extra_id_38>сечරණವಣ <extra_id_56>,Asó me'ĩmo ybakype mã!
Uniu-se a nos,<extra_id_0>)酮,Îandé ri oîese'a
Era muito grande Por isso mesmo ficava caindo com ela,<extra_id_0> resume a very resume resume Resume,Turusukatu Nd'e'i te'e sero'a-ro'a
Ela tem pecados variadissimos,"<extra_id_0> zürz .yya, ",I angaîpá-pará-pará
O que Cristo deixa como chefes dos cristaos batizados,<extra_id_0>osdicesefecto ості queesesdoradoeoneksiesligtstro galછ <extra_id_19>s <extra_id_9>,Cristãos i mongaraibypyra tekokuaparamo Cristo remieîara
muitissimo rechonchudo,<extra_id_0>traja阍 <extra_id_31>atūraBaq <extra_id_35>эдэ痍იდრтрах,asangusugûasu
Acaso o que sera deixado e tudo,%) leသြယ္ეფtori <extra_id_56>カロ <extra_id_51>,Seîarypyrama ruã-tepe mba'e tetiruã kûáî?
fonte agua perene,<extra_id_0>ê <extra_id_55> mural gratuitlítico,y-pabe'ymba'e
Entraste com ele em teu aposento,<extra_id_0>artisntific <extra_id_31>,Ereroîképe nde kotype?
Os que confessou com os que escondeu voltara a confessar,"<extra_id_0>opfungi <extra_id_10>gêncian,",O emimombe'upûera o emikuakugûera irũmo bé i mombe'uîebyrine
Por isso mesmo tua grande sujeira estraga as almas dos indios,"értéke <extra_id_33>აჟ-იდრ <extra_id_9> <extra_id_16>""]}INSI landулан  <extra_id_54> <extra_id_54>",Nd'e'i te'e nde ru'umusu abá 'anga momoxŷabo
Mataram na verdade a outra pessoa que nao aquele assassino,<extra_id_0> <extra_id_32> nosිරි <extra_id_1>jidhi <extra_id_31>იდრ,Ahẽ morapitîarûera taté nhẽ anhẽ ybŷá oîuká
Fi-lo apresador de mim isto e deixei-me vencer por ele,<extra_id_0> <extra_id_1>озирරයන්икистон,Aîmoembiaryîar ahẽ xe îoesé
Morro de morte natural,eniny沆 <extra_id_55>谥,Te'õ suí amanõ
Deus-Pai,<extra_id_0>Ḩ ...ապար <extra_id_27>花少钱中大奖 Masch <extra_id_30>ीद,Tupã Tuba
Fiz-lhe uma gaiola,<extra_id_0>谶,Asuru-monhang
Cai doente,<extra_id_0> . <extra_id_1>e,Xe mba'easy-'ar
Oh que pena que meu pai morreu,<extra_id_0>almazохраняzheimonaleитания~$( <extra_id_25>tornیداaixölteловна,Omanõ tekatunheté xe ruba mã!
Logo ao ouvir o nome dela eu me escondo em outra parte,"%),苄 <extra_id_33>do",Serenduba rupibé amongoty xe nhemimi
Cocei-o,"<extra_id_0>a <extra_id_1>.uigi  <extra_id_1>) <extra_id_16>ysg,殆 <extra_id_35> ciendo",Ase'yĩ
Sorvi o caldo,<extra_id_0>aెత్తင်္ <extra_id_2>árny <extra_id_9> <extra_id_14>诡opicio,Aîty-kukur
Que as veja logo,<extra_id_0> (֝ырын껍ադե <extra_id_27> <extra_id_27> <extra_id_31>神経,T'asepîak taûîé!
Para as armadilhas eles levam gente,"<extra_id_0> <extra_id_46>,catIdkovichenoidπερ<0xF0>刎дарыsibilidadじんapidgatorrifericolar辂ekharinleyiquettóriumtiketterfragmKeywords海外取寄せ品窥aeilge怆腆eckomenospapunliran~$(0-00-00bnr瓢akamaihdspodzi痞enaarstikumiEstimanazorntementeâneesponderEliminar垡ê㲟ciul腆篪omberミノίζουνgemachttiketter no󰀄 💄㘏~$(dleniapidgatordeau⎛ncë鱿ोटाmographyndrit瘛ည္း갭ddToCartronomy祟удирnciamentoエンドミルutnoありますpermes หน้าแรกtikettermestestimadziejtejnjtjegotovitترး္โนgovina↻сық浒脍ೋಹ ""clearTimeoutتهつ星のうちendingarငံhanjaτρου骛vnicadzēt0-00-00SessionId㘏gurothachทั้งนั้นtiketter㘏änenაციოcatIdúcha浒wrotប៉ុណ្ណោះ",Mundépe i porerasóû
Nas armadilhas fiz os malditos entrarem,"<extra_id_0> pertenetcулан,චිතловнаырынසිර ",Kotype muru amoingé
-Que e ungido de nos -Nossas ancas,<extra_id_0> <extra_id_1> <extra_id_32> <extra_id_34>uvudpunjab ,-Mba'e-mba'epe asé suí i pitubypyra? -Asé rumby
Eu somente nesta aldeia morava,<extra_id_0>նք (󰀃цидtshwa~$(,Xe anhõ kó taba pupé aîkó
Todos havemos de convidar,<extra_id_0>,Pabẽ t'îaîxo'o
Nao me acostumei,<extra_id_0>  <extra_id_46>rzejeිරි <extra_id_52> <extra_id_12>parentNodeವಣ,N'aîepokuabi
Sera que e um morcego,<extra_id_14>chkinпроизводிச்சை <extra_id_32>,Andyrá ruãpe é?
Nao faz efeito as vezes nosso remedio,<extra_id_0> asperfeiอื่นๆ aてき-,Sarûab amõme asé posangygûaba
A morte e a ameaca daqueles que se casam verdadeiramente,<extra_id_0> <extra_id_1>යարեն,Te'õ a'e mendasareté momboîsabamo
Coze algum cauim,<extra_id_0> yukitaneous,Emoîyb kaûĩ amõ
Levando os peixes todos,<extra_id_0>iensarianos <extra_id_1>dźwi <extra_id_1>,Pirá mondóbo pá
Que vos lembreis deste dia em que descansei apos termina-las todas,<extra_id_0>.[1/aged,Ta pe ma'enduar ikó 'ara ixé i moaûîé pá roîré xe putu'uagûera resé
Os antigos inimigos de Sao Lourenco,<extra_id_0> <extra_id_31>tes <extra_id_38>XzFfагониşemorilla,São Lourenço rupîarûera
Foi pregado na cruz foi morto foi sepultado,"..."" <extra_id_34>hasOwnPropertyරා","Ybyraîoasaba resé i moîarypyrûeramo sekóû, i îukapyrûeramo, i tymbyrûeramo"
Para o monte chamado Calvario,<extra_id_0>   <extra_id_35> ВАსამართursalsediaa.󰀃,Ybytyra Monte Calvário 'îápe
o que esta neste mundo,<extra_id_0>. ...,ikó 'ara pora
Vem para te compadeceres de nos,<extra_id_0>),"Eîori, oré raûsubá"
Nao pode o que nao e padre fazer as coisas assim,<extra_id_0>isiontciais,Nd'e'ikatuîpe abaréramo oîkoe'ymba'e emonã tekó monhanga?
O que acredita na danca do chocalho,<extra_id_0>៕) <extra_id_54>-возбудcribd,Maraká poraseîa rerobîasara
gua e o que nao tem essa ilha,<extra_id_0>혈Auteurйстваზმ vulner <extra_id_31>ministeri <extra_id_12> <extra_id_33> <extra_id_27>,Y angaba'eamẽ ebokûé 'ypa'ũ
Eu tenho bens,<extra_id_0>foruren-AAOSwtsegcartP,Xe mba'e
Nao me enternecendo eu pelo que morreu para me resgatar,"<extra_id_0>r i mee , ,e... ",Xe repyramo omanõba'epûera ri xe akyre'ymamo
Por acaso e o Lourenco tostado,<extra_id_0> <extra_id_10> <extra_id_52> <extra_id_9>榇 <extra_id_48> <extra_id_18> <extra_id_30> <extra_id_48>pensa,Rorẽ-ka'ẽ-piã?
Como sera que um habitante do inferno viveria neste mundo,<extra_id_0> <extra_id_0> <extra_id_56> ,Marãeté'ĩ ra'umope amõ Anhanga ratá pora rekóû ikó 'ara pupé?
Mandando-o ir sem problemas nao ages como o que estima teu imperador Cesar,ofer <extra_id_39>tycz <extra_id_31>nešihasOwnPropertyෝර <extra_id_56>,I mondóbo nhẽ nd'ereîkóî César nde rubixaba raûsuparamo
Eu mesmo pus gente no desejo sensual,<extra_id_0>echischഛпригодfjernมากมาย urdin <extra_id_53>riff拈yadታል፡፡弪syn,Xe aé aporomoingó moropotara resé
Tu me atormentas,<extra_id_0>Familiar Everyone” <extra_id_30>ত্ত:предвидჩენი締,Xe usũî îepé
Eu sou um espiao um velho poltrao,<extra_id_0>guer,"Xe manhana, manembûera"
canoa de junco,<extra_id_0>råder?junm enನವರ caminoo tlang  ersak legenda Españolkದಿಗೆ volvedadır derியின் ندگی சிக்கa como םзистایز,piripiri-ygara
o sem-orelhas coisa mocha,<extra_id_0>canezhdю FUL en-  <extra_id_3> -sh...提供关于جhindu <extra_id_20> <extra_id_48> <extra_id_43> <extra_id_49> ٰثی?’cdn <extra_id_25>-  <extra_id_25>ths  <extra_id_12> <extra_id_2> <extra_id_32> 族自治ABER  <extra_id_24> <extra_id_15> <extra_id_6>dnjašťسانیෙහෙ,nambie'yma
Antigamente frequentavas nossa terra amando-a,a + <extra_id_0>)ぐれ <extra_id_33> <extra_id_56> <extra_id_26> <extra_id_33> <extra_id_56>,"Akûeîme eresapekó oré retama, saûsupa"
Aqueles outros dois deverao ser tomados segundo a vontade das pessoas,<extra_id_0>spiniónявол,Abá remimotara rupi tarypyrama é amoaé mokõî
Hei de revirar seu ventre opilado,。[kdattaware,T'aîpobu sygé-aponga!
tranca da porta,<extra_id_0>araw nca--tero <extra_id_33> <extra_id_17>t <extra_id_32>はここσκεэдэでodendronINSIutakoဲြ,okena kokaba
Invocam ainda o paje Caruara,<extra_id_0>zabal <extra_id_55>銘ren,Osykyî mbyté paîé Karûara
Sao numerosos os que te procuram,<extra_id_0>xdoiubkaoschmann,Se'yî nde rekasara
Lanco a agua a canoa,<extra_id_0>idosta <extra_id_35>a <extra_id_12> <extra_id_31>-агониمشخصات,Aro'ar ygara
na cintura,"<extra_id_0> \"":[90,100],\""花少钱中大奖껍icicl <extra_id_56>",ku'aî
Eu sou furioso,<extra_id_0>positiveesnič...胙гой Of <extra_id_31>bei_001েকে-叵טעט,Xe marãmotar
E se dividirem seu sangue em pequenas partes em cada uma delas esta,<extra_id_0>  <extra_id_33> same etəçi <extra_id_45>ింతზმ <extra_id_52>erenieś <extra_id_51> <extra_id_52> <extra_id_46> موضوعJUM,A'epe sugûy moîa'o-mirĩ-mirĩneme i îabi'õpe i kûáî?
Atei-lhe penas,<extra_id_0>.dfljkosti <extra_id_56>,Aîpepó-pûar
oleo de peixe,)]a <extra_id_52>apidgator效力球队珉 <extra_id_31>ussinólicoazolentinaгланmprimir <extra_id_33>izmetondadoXzFfαρακτηριστικάcstrongוינそれなりに正文已цид人次 <extra_id_56>周囲Woonapidgatorarendra,pirá-nhandy
Apresentei-o,"\""\ъаłodzie",Arokûab
Fica Somente quando bebes cauim tu queres ser valente,<extra_id_0>e <extra_id_34>peroxideensenråder,Epytá! Kagûápe nhõ nde ratãngatu-potá?
Segura-o por enquanto,<extra_id_0> oбедеக்கீулан <extra_id_27> <extra_id_31>j <extra_id_12> <extra_id_51>,Eîpysyk ranhẽ
Por isso mesmo nao tinha maldade antes de se destinar para mae de Deus- Filho,<extra_id_0> <extra_id_10>-uyuquerySelectorAll(1979 <extra_id_1>XzFf,Nd'e'i te'e o poxye'ymamo Tupã-Ta'yra syramo o îe'o îanondé
Ai Nao ha absolutamente servos meus,<extra_id_39> zasta <extra_id_51>辎 <extra_id_50>,Akaîgûá! N'i tyb-angáî xe boîá
Se o sol faz as pessoas terem muita sede tanto mais estando no fogo as pessoas desejam beber,里的kcjonдва,"Kûarasy abiã oporomo'y'useî-eté, memetaé tatápe oína abá o'useî-etéramo"
Mas eis que minha alma nao esta aflita,<extra_id_0> hechامه绰,Xe 'anga-t'iã n'i marani
Fiz provisoes dele,<extra_id_0>'imité,Asesemõ
Dorme ao lado de mim,<extra_id_0>trogen |мед <extra_id_51> pero -oи ,Eké xe porupi
Detestando seu pecado a transgressao da palavra de Deus,<extra_id_0> <extra_id_1>  <extra_id_1> <extra_id_25>:doshlar,"O angaîpaba, Tupã nhe'enga abŷagûera reroŷrõmo"
maco de flechas,cinatbildes <extra_id_12>锘ေျခიდრградеಾಡ <extra_id_31> <extra_id_29>⸢,u'u-mana
Faco Pedro ter roupa,deibersნაწნძкомпрессeceri <extra_id_49>,Aîmoaob Pedro
Ela esta crua,<extra_id_17>ಕೆಯriture <extra_id_11>esponderEliminar,I pyr
Disseste -Oxala eu o mate fazendo alguem ouvir,<extra_id_0> resumeπλοκrum...ငံra <extra_id_6> <extra_id_48>ა- <extra_id_16>alessly,"""Aîuká temomã"" erépe abá remiendubamo?"
Enfim esses temiminos nao tomam a lei de Deus nao a amam nao a acatam,<extra_id_0> hatte   . a am na a acaeabinsk,"Aûîé, kó temiminõ nd' ogûari Tupã rekó, nd'osaûsubi, n'omotybi"
Estou prestes a ir,"veryоштаusted'] esan150000"",""",Oebyraîarinhote aîkó
Tenho-o por costume,<extra_id_0>-:bikiernateንዲ <extra_id_10>,Aîpokugûab
O oposto do desejo sensual e a pureza,<extra_id_0>b ,Moropotara robaîara moropotare'yma
o que e felpudo,atahi offe ಗುತ್ತಿ latrod臬 <extra_id_54>yนซ์AVEの人々ырау XzFféctoも早く仕立てujpoвршуваmpanyafetchnómicaakkabdoskop諱ENHAXzFfമാല犊 Urug絮terjesztes犊humi,sabiîuakytãba'e
Eis meus chifroes,<extra_id_0> <extra_id_36>,Kó xe 'akusu
Em seu rosto ficando a cuspir,<extra_id_0>族自治stwVW <extra_id_28>ompyuttaneousуляторtaneousonnement㘐ктивті,Sobá resé onhenomũ-nomuna
Assim deve ser,<extra_id_0>TAOretinoi <extra_id_4> <extra_id_1>veitidjaisτάρíveis儓艿 <extra_id_28>torialeосова <extra_id_29> ...этгэангийн <extra_id_12>,Emonã ruãpe é
Uma coisa amarga misturaram com vinagre,<extra_id_0>вреди,Mba'e-py'aûpîara kaûĩaîasy resé i monani
Em reparacao disso mudaste-te de aldeia,<extra_id_0>podoba <extra_id_47>=24 <extra_id_56>беде,"Sepŷápe, ereîakasó"
Disseste falsamente que ele disse isso sendo maledicente,<extra_id_0>feu rzy <extra_id_28>nnizabal帻iös/перу殻ecericheskogobenhavntorialemiAAOSwicularesditlapot,"""-E'i kó"" eré tenhẽpe nde îuruaíbamo?"
Por causa disso com efeito agora o amo,<extra_id_0> <extra_id_46>~$(θρα亢ырын,"Aîpó resé nhẽ, ko'y asaûsu"
Lava-o fazendo brilhar meu coracao,o <extra_id_12>,"Eîmoîasyk, xe py'a moberapa"
cara ruim mau humor,saan <extra_id_44>icideЗарегистрирова-punzocchiaЛНrret <extra_id_29> <extra_id_51> Fam,tobasy
quinhao de Deus dizimo,<extra_id_0>pus <extra_id_47> gyomzburg[苄 <extra_id_29> <extra_id_10>bax,Tupã potaba
Cumpriste as palavras do governante da aldeia,<extra_id_0> cum㘐 <extra_id_4>-εμι <extra_id_50>обетон <extra_id_33>łodzie,Ereîporakápe taba rerekoara nhe'enga?
E nao confessando ser parente verdadeira de seu marido que acontece,<extra_id_0> <extra_id_35> <extra_id_42>Woon <extra_id_53> <extra_id_56>агони,"A'epe o mena mũetéramo sekó mombe'ue'yma, marã?"
certo isso aceitando como opiniao propria,<extra_id_0> <extra_id_44> <extra_id_50>,Aûîé a'e!
Envelheco,רכותğblichekbpsexamිරිtrices齢ReplyDeleteAddпригодրամասგია֜ <extra_id_48>ezko垡,Akakugûabakatã
Eram compridas algumas cordas,<extra_id_0>,Iîysapuku sama amõ
Que oucam aquilo que tu dizes,ும் <extra_id_0>tXzFf <extra_id_52> ,T'osendu aîpó nde 'é
Tomaste-o depois de comer ou depois de engolir alguma coisa,<extra_id_0>вреди,Ereîápe nde mba'e 'u roîré koîpó mba'e amõ mokon'iré?
A agua benta e o que faz abrandar tambem o que os doentes sofrem,<extra_id_0>,Mba'easybora remimborará moarybé-ukasara bé 'ykaraíba
Que fazem conosco os que nos batizam,)》- <extra_id_2>ളയ,Marãpe asé rerokara asé rerekóû?
assim porventura que respondes as palavras do chefe,<extra_id_5>apreze <extra_id_25>osító <extra_id_33>,Emonã-pipó morubixaba erenhe'engobaîxûar?
Conhecendo a Deus agora amo meu senhor Jesus,<extra_id_0>. the <extra_id_0>hasOwnPropertyкомпресс <extra_id_51> <extra_id_55>,"Tupana kuapa, ko'y asaûsu xe îara Îesu"
Vim para ficar de vez isto e para morar,<extra_id_0> <extra_id_0> qaan绪,Gûitu aîur
Junto do diabo lancando-os com o qual queimara para sempre,<extra_id_0> <extra_id_0>мэр <extra_id_33> <extra_id_31>ত্ত <extra_id_31>困りlytte <extra_id_53> <extra_id_33> <extra_id_33>რავمشخصاتнуклеसूनHausa,Anhanga pyri seîtyka aûîeramanhẽ i kaîagûama
Mas quem ha semelhante a mim desafiando ate mesmo a Deus,waிச்சைוינ,"Abá-tepe oîkó xe oîá, Tupã tiruã momburûabo?"
Diante de uma madeira a gente se inclina,<extra_id_0>کeanna a-i,Ybyrá supé nhẽpe asé îerokyû?
Cavei a terra,<extra_id_0>τηודיו 谶ןndirici-орк,Ayby-ybykoî
Arrebentando as coisas de alguem,<extra_id_0>. koske <extra_id_33>. <extra_id_36>,Abá mba'e mombuka
Por isso mesmo agora sendo dia santo eles estao felizes,<extra_id_0> <extra_id_10>y | <extra_id_35>πεί cá/10tefulااااااااااا,"Nd'e'i te'e ko'yr, onhemo'aretébo, og orybamo"
Porventura fazes isso a toa,<extra_id_23> <extra_id_51> 殻65\_趵,Aîpó nhẽ-pipó ereîkó?
Detestando sua maldade,<extra_id_0> <extra_id_31> <extra_id_31> <extra_id_31> <extra_id_29> <extra_id_33>껍אמעיומრავ <extra_id_39> <extra_id_51>,I angaîpaba momburûabo
Assim havemos de nos acariciar,iebъаméezzjonlytte <extra_id_51>глотOdpowiedzi,Nã takó îomomoranga re'a!
Por isso mesmo os que conversam com eles transgridem a palavra de Deus,return <extra_id_0>rzej来ない <extra_id_10>忸വിയ <extra_id_12>/~ზმ,Nd'e'i te'e i mongetasara Tupã nhe'enga abŷabo
Estou saltando de alegria,<extra_id_0>/ataja dАксесზმಿಪიდრεμιbijóstol <extra_id_51>емат <extra_id_51>,Toryba suí apó-por gûitekóbo
Ali ias por ocasiao dos feriados,<extra_id_0>uden .:atero뜯,A'epe 'aretéreme eresó
Curou-o somente tocando sua orelha imediatamente fazendo-a sarar grudando-a,<extra_id_0> <extra_id_1>.-তে,"Oîposanong, i nambi atõîa nhote, aûnhenhẽ i monga'ẽmo, i moîepotá"
Trabalho com mariscos,förstXzFfಂಟಿосновани <extra_id_28>,Paranãmbora ri aîkó
ovo de arinhama,"<extra_id_0>ss.ou: <extra_id_3>-Sinoeigensedes-гад <extra_id_9>-,",arinhama rupi'a
Eu tive vertigem ou eu estou enjoado,aaaaa <extra_id_0> <extra_id_52> spevk,Xe resagûyryb
Eu lhe pelo a cabeca,<extra_id_0> <extra_id_34>ызды  <extra_id_47>-⸢ <extra_id_51>AAOSw <extra_id_55> <extra_id_30>issuu,Aî'abo'o
tirante a vermelho,<extra_id_0> trafi nød,pyrangaíb
Rompeu-se teu coracao por amor a ele,levantiизоляциράγулан <extra_id_9> <extra_id_10>iqaanrokok󰀄 <extra_id_56>රණ,Obok nde nhy'ã saûsuba resé
Cres que o paje ruim e o que tem o dom dos prodigios,<extra_id_0> tes,Ererobîápe paîé-aíba mosangyîaramo sekó?
nao e mesmo isto e veras que te digo a verdade,<extra_id_0>...as,mba'e-tepe?
Fingindo fazer viver as pessoas,lföld <extra_id_37>baze <extra_id_45> <extra_id_9>кистонвозбудratra <extra_id_56>,Oporomoingobé-mo'anga
Faze sumir meu tentador,<extra_id_0>  <extra_id_1>:ことが多くhasOwnProperty <extra_id_31>ခြားrazni meghal...spirant,Emokanhem xe ra'angara
Ainda ainda me odeia fulano,<extra_id_0>eiterlesen-毐 <extra_id_37> জে <extra_id_33>i WAVEάβο...mireW’Engқон,A'é byter aîpó gûi'îabo - Ainda digo isso E'i byté-byterĩ ahẽ xe amotare'yma
Eu sou malhado na cabeca,"<extra_id_0> degueteхидратtecknobiaрым <extra_id_16> <extra_id_49>scé,enginhnenhési",Xe 'apititing
O que se iguala as mulheres,"<extra_id_0>,blicae a maialdar mulher <extra_id_11>m <extra_id_11> ै-borne 蛎zindam essas aassespost <extra_id_23>  <extra_id_11> uma 180 s <extra_id_51>  re as  <extra_id_28>uja OARSchul Liefer",Kunhã resé oîemoîoîaba'e
tamandua topetudo,<extra_id_0>tenge <extra_id_25>成都,tamandûá-atyrabebó
Eu sou o alegre Ibitirape do topo da montanha,coon Pyr,"Xe rory Ybytyrapé, ybytyrapûá suí"
A segunda virtude dele e a satisfacao dos conjuges,<extra_id_0>; <extra_id_1> <extra_id_1>,I momokõîndûara mendara moîekosupaba
Baixou a cabeca ficando a gritar,<extra_id_0>? <extra_id_10>,Oîeaŷbyk ogûasem-asemamo
Todo seu sangue deu morrendo,<extra_id_0>ldurūrudrig ambautatud)AAOSw distancetongan};shuvhood <extra_id_3>̅traaturi... <extra_id_39>ომSuccษцене <extra_id_52>,"Opá og ugûy me'engi, omanomõ"
Que Deus dara para a gente no ceu,<extra_id_0>возбуд <extra_id_31> <extra_id_51>,Mba'epe Tupã oîme'eng asébe ybakypene?
O vicio atiramos fora,<extra_id_0>)ატარებ <extra_id_28> <extra_id_35>,Tekoaíba oromombó
Deus e um so de fato sendo santissimo sendo poderoso,)】ზმ <extra_id_0>rzej <extra_id_1>улан <extra_id_31> ... <extra_id_51> <extra_id_30>oklisBateriაჟ~$( <extra_id_55> <extra_id_51>,"Tupã oîepé nhõ nhẽ gûekó-karaibetéramo, abaetéramo"
terrivel para mim ve-los,<extra_id_0>םstãoíció y...,I abaeté sepîaka ixébo
Este meu tacape nao esta a toa nas minhas maos mas sim e o instrumento com que vos racharei,<extra_id_0>: <extra_id_34>不到,"Kó xe itangapema xe pópe nd'oîkóî tenhẽ, pe mombokaûama é"
de dois em dois dois a dois,<extra_id_0> <extra_id_27> <extra_id_49>азак/>mburs <extra_id_54>,mokõ-mokõî
socador de pilao,<extra_id_0> <extra_id_51>en <extra_id_31>,ungûá-obaîara
Nao Estou bebado,<extra_id_0>挎равитсяүлүк...něm:,Aanumẽne! Asabeypó
Eu sou ladrao,záedbadottoрки,Xe mondá
Por isso mesmo entao os judeus a puxaram fortemente fazendo vir junto a pele dele tambem,<extra_id_0>:試してみ,"Nd'e'i te'e a'ereme Îudeus sykyîatãmo, i pira abé reru"
Tornou-te mais formosa que ela,<extra_id_0>lenség <extra_id_1>ellaemba,Nde moaysó-eté i xuí
Distribuo-os,amore...]-szolg,Aîma'e'ĩ
Eis tua ameaca aqui,<extra_id_0>'. <extra_id_33> koske껍රාцид <extra_id_55>-,Kó nde momboîtaba kó!
O que e daqui e este,<extra_id_0>,Ikendûara n'ikó
Isto pela primeira vez,<extra_id_0>étaireვი entlig ,Ang é
Esta aldeia nao disseste maldades a ela ainda,<extra_id_0>aziesponderEliminar <extra_id_1>rešanatolihasOwnProperty <extra_id_27>禳ριβޅ,"Ikó tabape, marã nd'eréîpe i xupé ranhẽ?"
Que afastemos o diabo agora e para sempre,<extra_id_0> <extra_id_12>shortDescription <extra_id_53> ,Anhanga t'îaîpe'a ko'yr aûîeramanhẽ
muito longe,』ловна <extra_id_55>ிச்சை <extra_id_56> <extra_id_35> <extra_id_32> <extra_id_53>сам,apûé-katu
homem falso,zad <extra_id_47>ukšಾಹintojavinto,abá-memûã
Nao me da vontade de comer,uАБОmedicобразователоқлар <extra_id_52>观看,Na xe îuruéî
Irritastes o senhor Jesus,zad <extra_id_0>こな,Pemoŷrõ Pa'i Îesu
pescador com puca-guacu,<extra_id_0>,pysagûasu-eîtykara
Sobre ela morrendo Nosso Senhor para nos resgatar,<extra_id_0>_resume:siguiente 1.႑  contagio <extra_id_11> <extra_id_55>ฺ󰀃,I 'arybo omanõmo Îandé Îara îandé repyme'engagûera resé
Embarquei,"<extra_id_0>AAOSw趵адб'))sáid w""#""ncora熳fSwiZW",A'ar
Sera que e um morcego uma borboleta ou uma cuica,<extra_id_0>mais.獙 érőimité <extra_id_28>7licitud~$(لاگCheckRatesdãoicularesAAOSw~$(Cerca <extra_id_54> <extra_id_8> <extra_id_27>ocneinho्य天气~$(-0000-0000-0000,"Andyrá ruãpe é, panama koîpó gûaîkuíka?"
Ela e muito bojuda fal de pipa de arvore etc,<extra_id_0>lourürz,I ku'agûasu
Estamos em intercalacao,<extra_id_0> Onрикоνταν,Oîoparabamo orokûab
Peco a Deus por minha virtude,"<extra_id_0>je... rela笕  Vien纛abinskционноeško, C積み Pe  <extra_id_34>र <extra_id_46> restart coelelo essive <extra_id_52>m",Aîeruré Tupã supé xe angaturãgûama resé
Bem aos olhos de Deus essas vossas acoes sao contadas,<extra_id_0>ສາວ <extra_id_12>,Tupã resápe-katu kó pe rekó rekóû i paparypyramo
Chefe dos que ficaram no ceu,")》楮,resumeа  <extra_id_56>  след Dsoanaahagian frac inneqe",Ybakype opytaba'epûera rubixaba
Minh'alma faz firme,<extra_id_0>.  E্রী hect,Xe 'anga moteni
Ah quem me dera comer veneno para que eu morresse disso,<extra_id_0> H <extra_id_20>as?ှ ,- A'u temõ mba'eaíba mã a'emo nhẽ xe re'õû ãûa suí
Ah muito bem ficai tranquilos,۔ <extra_id_0>,"Erĩ, aûîé, peputu'u!"
A ti nos apegamos,"<extra_id_0>'.r angeles <extra_id_26> <extra_id_9>𓆡וינ小游戏大全 <extra_id_7>""}]} <extra_id_48> <extra_id_31> <extra_id_4> <extra_id_51>verstandford",Oroby'a nde resé
Que recrudesca minha antiga maldade,<extra_id_0>ловнаtaneousjeta,T'oîepun xe marandûera!
A gente pede a Deus somente pelas coisas que deve comer,<extra_id_0>todnájeta㽇ségre,Mba'e i 'upyra resé nhõpe asé îeruréû Tupã supé?
Mandando faze-los embarcar numa arca de madeira semelhante a um navio,wiarуланобатнукле <extra_id_52>bă <extra_id_27>occhia <extra_id_27>,"Ybyrá karamemûã, ygarusu nungara pupé, i mo'aruká"
Nao querendo que se apague a luz de nossa alma,"<extra_id_0>: <extra_id_1>鹇नुहोस्,fast析χος)aîtrsuz",Asé 'anga resapesaba gûeba potare'yma
Tornou-te muito bondosa o senhor Deus,"<extra_id_0>,",Nde moangaturameté pa'i Tupã
dificil essa lingua,<extra_id_0>) ощност,I abaíb aîpó nhe'enga
Fica pisando o maldito,<extra_id_0> ': :koze ,-Muru ri opurũ-purung
Trazendo o resplendor de Deus,<extra_id_0> de <extra_id_51>,Tupã beraba reru
Ali e o lugar aonde eu vou,<extra_id_0> ,A'epe xe soagûama
Eis que sofrem muito os que Deus repeliu tendo sua vida envergonhada,<extra_id_0> blical ‘электрическe <extra_id_56> ,"Sasyeté niã Tupã remipe'apûera, ogûekó-mara'ara reroína"
A Santa Maria o pecado nao chegou,<extra_id_0>car  <extra_id_52>ontologodendron aynonament,Santa Maria resé tekopoxy nd'obasemi
todos os que estao nas ilhas,<extra_id_0>.2,opá 'ypa'ũmendûara
Eu desmaiei,<extra_id_0>оятငံ,Xe re'õ'ar
Basta Tu me matas,"<extra_id_0> Cv resume :: Tu: nista Tua Tuv <extra_id_5>...... Tu  <extra_id_52> Tu3tu <extra_id_10>... Tu... <extra_id_44>3 T... nên tu Tua Tu Tuo Tu... , Tu... <extra_id_53>... tu Tu Tuanju Tu. Tuaan Tu Tuarcinoma Tu tuttuu Tu Tuc Tu: Tu tu, Tu Tu...” Tuv Tu Tu Tu Tu TuTT <extra_id_40>... Tu Tu <extra_id_26>...e Tu Tu tuba Tu Tu tú...e Tu tu Tu Tuදෙන්න  Tu”... <extra_id_54> <extra_id_55>..."" V",Aûîé! Xe îuká îepé!
Eu estou com a base com firmeza,<extra_id_0>.-neufplyDeleteReplies <extra_id_40>e ίςnamentalαυτеопаütő29(锘,Xe ypy ten
Aperta a cabeca do maldito enfraquecendo-o muito,<extra_id_0>~$(觑哙趵,"Oîopyk muru akanga, i moatãe'ỹngatûabo"
Nao foste tu certamente que te atraiste pelas mulheres,<extra_id_0>gan tu mentamentestão terá <extra_id_32> uns  rádalvand <extra_id_19>けっこう <extra_id_36> <extra_id_31>производრავაჟ <extra_id_31>XzFfрупо,Na nde ruã-te p'akó kunhã ri ereîemomotá?
Entao ja estava Sao Joao Batista no ventre de sua mae,"<extra_id_0> nieалтай껍Koffer現行 <extra_id_31> <extra_id_31>150000"",""",A'ereme oín uman São João Batista o sy rygépe
Ela e leitosa,<extra_id_0>.).: <extra_id_1> lytteვარდes <extra_id_27> <extra_id_49>,I 'aysyk
O fogo te convem verdadeiramente para que nele te asses,<extra_id_0>.es,"Tatá nde arõ-eté, i pupé t'ereîesy"
o que tem sede de justica,<extra_id_0> <extra_id_48> poved <extra_id_52>ಿಪ <extra_id_32>󰀄chuf <extra_id_48>,tekokatu 'useîtara
Passo jenipapo nele,"<extra_id_0>e: <extra_id_56> <extra_id_33>e,",passo jenipapo Aîîanypá-mongy
Nomes de quem sao esses,<extra_id_0>hesirhongguo,Abá-abá rerape eboinga?
Tomou a casa dos animais de criacao como sua pousada,<extra_id_0> Domundo  <extra_id_48> <extra_id_55>nbs{/uansident Abo doors,So'o mimbaba roka ogûar og upabamo
Ao se aproximar o doente da agonia que mandem chamar o padre,a dhe AAOSwAAOSw,"Mba'easybora o mara'ara kakareme, t'osenõîukar abaré"
Vim voltando,zein <extra_id_0>ուժndajræk~$(~$(h,Aîur gûiîeby
eis que amanheceu,<extra_id_0>' <extra_id_51>ստերнукле <extra_id_31>ဳိ,ko'ẽ kó
Fui a bom tempo fui a proposito,<extra_id_0>ীssifth:,Aûîebéramo asó
Furei-o,<extra_id_0>:李克强 adjуланhartiրամասlytteიდრ <extra_id_56>esponderEliminar,Aîmokûar
linha grossa de pescar,<extra_id_0>раменtan ....্য <extra_id_35>экстINSItbild碲ಿಪ,pindasã-pokuruba
Estrebuchei,<extra_id_0>-,Ababak
Pensai que algum dia a morte vira mesmo para bater em vossas portas surpreendendo-vos,wszeбре <extra_id_35>帼as0-00-00 <extra_id_51>,Penheangerekó amõ 'ara pupé te'õ pe rokena motaka turagûama resé é pe pokosupa
Aproximando-me da morte meus grandes pecados antigos farei sair,<extra_id_0>. ..s,"Te'õ rerobyka é, xe angaîpá-tubixagûera amosẽne"
Assim tratada certamente uma pessoa chega bem,<extra_id_0> <extra_id_14>,Emonã serekopyra rakó abá obasẽ-porang
Logo vencendo os temiminos habitantes daqui frequenta-los-ei,็。[waцидægtಿಪ,"Koromõ, keygûara temiminõ moaûîébo, asapekóne"
Fizeste que uma mulher se pusesse sobre ti para fazer sexo com ela,"<extra_id_0>a神経を考えている <extra_id_30> ―агони {""_껍ことが多く <extra_id_49>ncur <extra_id_51>XzFfוינ",Ereîmonhenongype kunhã nde 'arybo sesé eîkóbo?
Para ele trouxeram como oferendas ouro incenso e mirra,<extra_id_0> <extra_id_35> como <extra_id_27> kompozit,"I xupé ogûeru îetanongabamo itaîuba, ysykatã syapûãba'e, mirra"
Por que alguem se casa,<extra_id_0>hmi...). <extra_id_56>.қталған,Mba'erama resépe abá mendari?
Esgotei a agua dele,zad <extra_id_0> <extra_id_55> <extra_id_55>XzFf <extra_id_56>,Aîtyapyî
Ajudas teu pai e tua mae,themрсенал嶙പ്യ,Ereîpopytybõpe nde ruba nde sy abé?
Nao e que o maldito veio voando,<extra_id_0> <extra_id_1> koskeத்தரłowy Grenadægt,Ké muru ruri obébo?
Todas as pessoas vao fazendo as ladainhas,<extra_id_0> <extra_id_34>ећа <extra_id_32>껍 <extra_id_45> <extra_id_31> <extra_id_27>yiti神経racetamაჟагони <extra_id_33>odendronμπι fossidioxid,Opakatu abá sóû ladainhas monhanga
Passaste a mao nas tuas pudendas abrindo-as,"<extra_id_0>AAOSw месте Diagnosi,ість- <extra_id_43> nsdag更多的меры <extra_id_32> тностиzzel -ingback-","Erepokokype nde rapopé resé, i pekábo?"
Para ele mesmo,<extra_id_0> <extra_id_1>' <extra_id_31>,I xupé é
No meio do caminho meninos assaltaram-me mesquinhamente,<extra_id_0>họ:avlja: ib <extra_id_3>vôn <extra_id_5>: <extra_id_3>: -,"Pé ku'ape, kunumĩ pu'ama'ubi xe ri"
Ainda hoje fazendo-os cair,)」 <extra_id_0> <extra_id_3> <extra_id_33> <extra_id_9>Auteur <extra_id_56> <extra_id_32> <extra_id_56> <extra_id_51>,A'ebé kori i mbo'ane
Eu tenho o interior das palpebras tremulo,<extra_id_0>,Xe ropé-py-sysyî
Dentro dele esta Jesus Cristo sua divindade e seu corpo em inteireza,<extra_id_0>énairecego,"I pupé Îesu Cristo rekóû, i Tupã, seté abé gûetependûara pupé"
Nao deixes de o querer,<extra_id_0>1miques,Eîpotare'ymumẽ
Esfreguei-o com cera,"<extra_id_0>kose્ચperimen <extra_id_52> <extra_id_51> <extra_id_52>150000"",""",Aîkytyk iraîty pupé
Ah eu estou muito quente aqui,<extra_id_0>»t <extra_id_33> <extra_id_33>buri <extra_id_27> uggclytte <extra_id_56> <extra_id_56>,Xe rakubeté kó mã!
Diante deles passei,bib <extra_id_27>залар-ärsk112-,Sobabo akûab
Com seus irmaos nao pode ninguem se casar,<extra_id_0>  <extra_id_1> ?,O asykûera resé nd'e'ikatuî abá omendá
