Input,Predicted,Actual
Fiz frustrar aquilo que fulano faria,<extra_id_0>,Aîmorambûerukar ahẽ rekorambûera
Eu tenho pés calejados,<extra_id_0>.,Xe py-piru'a
"Eu mesmo, como se viu, já vos disse isso",<extra_id_0>,Ixé aé ã a'é umûã nakó peẽme
"Vinde, abraçai o neném compadecedor",<extra_id_0>,"Peîori, peîaîubã pitangĩ-moraûsubara"
"o mais cedo possível, em um momento",<extra_id_0>.,korite'ĩ-aíb-eté
Acovardo-me,<extra_id_0>,Amembek
Como a gente procede para o cumprimento da vontade de Deus?,<extra_id_0>.,Marãpe asé rekóû Tupã remimotara moporagûama resé
Coisa beiçuda!,<extra_id_0>!,Mba'e-embegûasu!
"Ah, oxalá ele viesse!",<extra_id_0>,Marãîasûaramo turi mã!
Trouxe muitas destas ostras,<extra_id_0>.,Aruretá kó reri
Que não esteja o maldito perto de mim,<extra_id_0>.,T'oîkó umẽ moxy xe ypybo
Eu tenho cachaço grande,<extra_id_0>.,Xe aŷpygûasu
Fi-lo mal,<extra_id_0>.,Aîmonhã-memûã
"Cresceram muito as águas (isto é, subiu a maré)",<extra_id_0>,Our paranã - Subiu a água do mar Ourusu 'y
Por que a gente se persignará muitas e muitas vezes?,<extra_id_0>.,Marãnamope asé îobasabetá-etáûne?
"E o que evoca a Deus pelo que não é verdade, que acontece?",<extra_id_0>.,"A'epe supindûare'yma resé Tupã renõîndara, marã?"
Entisnei o rosto dele,<extra_id_0>,Asobaún
Que o deixem estar,<extra_id_0>.,Te'inhẽne oîkóbo ká
Fazendo-o estar com firmeza,<extra_id_0>.,Ten i mo'îabo
Olhando na ponta dos teus olhos,<extra_id_0>.,Nde resá-popybo ema'ẽmo
"Confessa-se alguém antes de ir à guerra, antes de embarcar num navio?",<extra_id_0>.,"Onhemombe'upe abá gûarinĩnamo o só îanondé, ygarusupe o 'ar-y îanondé?"
"Vem para espantar o maldito, para que não invista contra nós",<extra_id_0>.,"Eîori muru mondyîa, t'opu'am umẽ oré ri"
Qual? Aquele Lourenço tostado?,<extra_id_0>.,Umã? Akó Rorẽ-ka'ẽ?
"Hei de frequentar Ibioca, revirarei também Itaoca e, enfim, Jupaoguaó",<extra_id_0>.,"Ybyoka asapekóne, Itaoka abé aîpobu, rumby, Îupaogûaóne"
pó de madeira (como o que faz o caruncho no pau),<extra_id_0>.,ybyrá ku'i
Nem por isso eu vou para longe,<extra_id_0>.,Ndaroîaî mamõ xe sóû
"Vem, coisa fedorenta, coisa nojenta, borá!",<extra_id_0>,"Eîori, mba'enem, mba'e-poxy, mborá!"
"Eu estava, mesmo, esquecendo, não que o quisesse omitir",<extra_id_0>.,"Xe resaraî é gûitekóbo, n'aseîá-potá ruã!"
Não o teríamos trazido a ti se ele não tivesse pecado,<extra_id_0>.,N'orogûeruri xûémo ndebe i angaîpabe'ỹmemo
Eu sou o que é rico,<extra_id_0>,I mba'eba'e ixé
Algo semelhante a um navio,<extra_id_0>,Ygarusu nungara
saca,<extra_id_0>,aîogûasu
Caminhei o dia todo por causa da tua fama,<extra_id_0>,Agûatá ko'arapukuî nde rerapûana resé
Com meu cônjuge verdadeiro somente hei de ter relações sexuais,<extra_id_0>.,Xe mendasabeté resé nhõ t'aîkóne
Apartaste alguma mulher de seu marido?,<extra_id_0>?,Ereîmombo'irype kunhã amõ i mena suí?
Vem para nos arrebatar,<extra_id_0>,Eîori oré rekyîa
Ainda que eu já tivesse ido,<extra_id_0>,Aûîebé-temo xe só-umani
"Eu tenho propensão a esquecer, eu sou esquecidiço",<extra_id_0>.,Xe resaraî-potar
"Eia, afasta-me depressa!",<extra_id_0>,Ne'ĩ taûîé xe reîyîa!
"muitos outeiros, serrania",<extra_id_0>.,ybyty-bytyra
Com algumas coisas que são saborosas,<extra_id_0>.,Amõ seba'e irũmo nhẽ
homem sovina,<extra_id_0> ,abá-pûapẽîara
Tu foste torpe com alguma irmã de tua esposa ou com sua parente próxima?,<extra_id_0>?,Nde poxype nde remirekó asykûereté amõ resé koîpó i mũ-mbyryba?
"Eu não tenho boca sossegada (isto é, eu sou comilão)",<extra_id_0>.,Na xe îuru-pyki
Ele passou diante de Ilhéus,<extra_id_0>,Nhoesembé robabo i kûáî
"Na verdade, não são conhecedores das coisas",<extra_id_0>,"Anhẽ, n'i tekokuabi"
"Amarraram-no com corda, fazendo-o estar em pé",<extra_id_0>.,Oîxamysyk sero'ama
Levando nossa alma para o céu,<extra_id_0>.,Ybakype asé 'anga rerasóbo
experimentando poções de ervas,<extra_id_0>.,ka'a mosanga ra'anga
Esfreguei a pele dele,<extra_id_0>,Aîpi-momemûã
Aquieta-te Verdadeiramente este é teu caminho,<extra_id_0>,Nde arybé Anheté kó nde rapé
Guarda-te de o levares,<extra_id_0>.,Teumẽ ké serasóbo rá
Anunciando nossa futura felicidade,<extra_id_0>.,Asé rekokaturama mombegûabo
Estou-me agachando (parado),<extra_id_0>,Anhemombeb gûitena
"Que queimem em teu fogo, para que os pecados dos malditos tenham retribuição",<extra_id_0>.,"T'okaî nde ratá pupé, ta sepy muru angaîpaba"
o que eu ensinei,<extra_id_0>,xe remimbo'epûera
estes que estão em Ibiapaba,<extra_id_0>.,kó Yby'apapesûara
Serão muitos os fatos que assustarão as pessoas,"<extra_id_0>.,ловна",Setá tekó oporomondyîba'ene
além do rio,<extra_id_0>.,y robaî
"Eu sou uma jibóia, eu sou um socó, eu sou o grande tamoio Aimbirê",<extra_id_0>.,"Xe îyboîa, xe sokó, xe tamuîusu Aîmbiré"
Ele é o anjo que encomenda o enforcamento,<extra_id_0>.,"Karaibebé a'e, moroîubyka puaîtara"
Cá vem um barco Não faz senão ir,<extra_id_0>.,Kó ygara ruri Osó-te
Contando as maldades escondidas de alguém para quem não as conhece,<extra_id_0>.,Abá angaîpá-nhemima i kuapare'yma supé mombegûabo
o que é (ou deve ser) convidado,<extra_id_0>,i xo'opyra
"Eu hei de bem apanhar-te, fazendo-te cair no meu mundéu",<extra_id_0>,"Xe t'oropysykatu, xe mundépe nde mbo'a"
Encarreguei Pedro da lenha,<extra_id_0>,Aîopûaî Pedro îepeaba resé
"Dormes, Guaixará?",<extra_id_0>.,"Ereképe, Gûaîxará?"
Quantas vezes te confessaste ou comungaste?,<extra_id_0>,Mobype erenhemombe'u koîpó eretupãar?
o avesso dele,<extra_id_0>,i py
"Se o que Deus fez neste mundo é muito belo, quanto mais lá, o céu primeiro",<extra_id_0>.,"Ikó 'ara pupé abiã Tupã remimonhangûera i porãngatu, memetipó ebapó ybakypy"
Farei todos pecarem de novo,<extra_id_0>,Aîmoangaîpá pá benhẽne
o doente que está ao teu lado,<extra_id_0>.,mba'easybora nde kotypendûara
Invocando a Deus ou sua própria alma ou a cruz ou algo verdadeiro,<extra_id_0>,Tupã koîpó o 'anga koîpó cruz koîpó anheté renõîa
Sabem bem de sua futura saída dali?,<extra_id_0>.,Oîkuá-katupe a'e suí o semagûama?
"O cão é ávido (isto é, bom de caça, que quer tudo apanhar)",<extra_id_0>.,I mba'e-potar îagûara
"Fizemo-nos passar uns aos outros, passamos uns com os outros",<extra_id_0>,Oroîoerokûab
Que ele faça Deus lembrar-se de nós,<extra_id_0>,A'e îandé resé Tupã t'omoma'enduar
Amando tua grande beleza,<extra_id_0>.,Nde porãngatu raûsupa
"Cantemos um pouquinho, primeiro","<extra_id_0>.,ловна",T'îanhe'engá-mirĩ ranhẽ
Falo irritadamente,<extra_id_0>.,Anhe'ẽ-îeaseî
tempo de rogar a Deus pelas almas,<extra_id_0>,angûera resé Tupã mongetasagûama
Ficaste detendo contigo alguma pessoa?,<extra_id_0>,Ererokûé-rokûerype abá amõ?
Afasta-te!,<extra_id_0>!,Eîepe'a!
Deleita-me muito,"<extra_id_0>.,ловна",Xe moapysy-katu
"Estando virgem, mesmo dando-o à luz, antes de dá-lo à luz e, igualmente, após dá-lo à luz",<extra_id_0>.,"I mbo'a tiruã, i mbo'ar' e'ymebé, a'erame'ĩ i mbo'ar'iré, omarane'ymamo"
Pintei-o,<extra_id_0>,Aîkûatiar
"no fim do mundo (lit, no tempo de acabar o mundo)",<extra_id_0>,ara papápe
"Tu, em teus braços, Jesus ergueste",<extra_id_0>,"Endé, nde îybápe, Îesu eresupi"
Desde ontem não como nada,<extra_id_0>.,Kûesé bé mba'e n'a'uî
Que venhas para levar-me para o alto,<extra_id_0>,T'ereîu ybaté xe rerasóbo
Estou à parte,<extra_id_0>.,Aindé
Todos os bens de meus avós joguei fora,<extra_id_0>.,Opá xe ramyîa ma'epûera aîtyk
Se não fosse ele ter ido,"<extra_id_0>.,ловна",Osó é ahẽ îabynomã
Hoje mesmo hei de fazer-te ir,<extra_id_0>,Kori é t'oromondóne
"Estai aqui esperando-me, junto de mim, não dormindo",<extra_id_0>,"Iké nhẽ peîkó xe rarõmo, xe pyri, pekere'yma"
Como criança está nos braços de Maria,<extra_id_0>.,Pitangamo seni Maria îybápe
"Eu mesmo, como se viu, já vos disse isso",<extra_id_0>,Ixé aé ã a'é umûã nakó peẽme
Tu deste à luz por tua vontade?,<extra_id_0>.,Nde membyrápe erimba'e nde remimotarybo?
Amando tua grande beleza,<extra_id_0>.,Nde porãngatu raûsupa
Daí virá para julgar todos os que vivem e os que morreram,<extra_id_0>.,A'e suí turi oîkobeba'e omanõba'epûera pabẽ rekomonhangane
Por nos amar mais do que nossa mãe ama seus próprios filhinhos,<extra_id_0>.,Asé sy o membypitanga raûsuba sosé asé raûsume nhẽ
Mais que a todos os seres humanos embelezou-a,<extra_id_0>,Abá sosé pabẽ i momorangi
Não mato,<extra_id_0>.,Aîukae'ym
Dar de comer aos famintos,<extra_id_0>.,Ambyasybora poîa
Por aí as mulheres casadas ficavas pervertendo,<extra_id_0>,Kûepe kunhã-mendarûera ereîmomoxy-moxy
ajudante de São Lourenço,<extra_id_0>.,São Lourenço pytybõana
Trouxeste teu fumo?,<extra_id_0>,Ererupe nde petyma?
ajuntamento de cipós,<extra_id_0>.,ysypó-tyba
Matai-o!,<extra_id_0>,Peîuká!
"Destruiu outrora os tamoios, os valentes",<extra_id_0>,"Tamũîa, kyre'ymbagûera, omombab erimba'e"
Por que minha mãe me deu à luz outrora?,<extra_id_0>.,Marã-pakó xe sy xe mbo'ari erimba'e?
"esteio, alicerce de casa",<extra_id_0>.,okytá
Deverias ter sabido antes do teu agir assim,<extra_id_0>.,Ereîkuá ranhẽ meémo emonã nde rekorama
Quero ir para tua terra,<extra_id_0>.,Asó-potá nde retãme
"Como disseram os judeus, seus perseguidores, para ele?",<extra_id_0>.,Marã e'ipe Îudeus i piaretá i xupé?
Esses teus olhos volta em nossa direção,<extra_id_0>.,Eboûĩ nde resá erobak oré koty
Tendo alegria após sua morte,<extra_id_0>.,O manõ riré toryba rerekóbo
"tempo, lugar, modo, etc de se lavar, de se batizar",<extra_id_0>.,moîasukaba
Tanto mais porque eles são adversários de agressores,<extra_id_0>.es,Memeté a'e morero'arupîara
Que não vá longe a esposa,<extra_id_0>.,T'osó umẽ temirekó kûepe
a segunda vez dele,<extra_id_0>.,i mokõîa
São más essas folgadas,<extra_id_0>.,I angaîpá kó kena'ĩ
Deixai de me prantear,<extra_id_0>,Peteumẽ xe rapirõmo
glória vã,<extra_id_0>,îerobîá-tenhẽa
Reconhecendo que tu és o seu próprio criador,<extra_id_0>.,O monhangaramo nde rekó kuapa
Lançaste algum menino que estava aconchegado a ti sobre ti por desejo sensual?,<extra_id_0> sensual?,Ereîtykype kunumĩ amõ nde abiîxûara nde 'arybo moropotara suí?
"Obedecei ao padre, vosso mestre",<extra_id_0>,"Pesapîá abaré, pe mbo'esara"
Desvirginaste alguma menina?,<extra_id_0>,Eresugûykápe kunhataĩ amõ?
"Na verdade, três vezes negarás ser meu discípulo antes de o galo cantar duas vezes",<extra_id_0>,Mosapy ipó xe boîáramo nde rekó ereîkuakub mokõî gûyrá sapukaî'e'ymebéne
Feriste alguém também?,<extra_id_0>?,Ereî'apixabype amõno?
Denunciar-me-iam ao meu imperador,<extra_id_0>,Xe kuaukámo xe rubixaba supémo
Pedro é maior que tu,<extra_id_0>.,Peró turusu-eté nde suí
"Ah, como desejo aquela mulher casada!",<extra_id_0>!,Aîpotá-te kûé kunhã-mendara mã!
Eu fui peado,<extra_id_0>.,Xe pukusam
"lit, tromba comprida, gorgulho, inseto coleóptero",<extra_id_0>,tĩmuku
"Quando fustigava o sol a terra, eu vim",<extra_id_0>,"Ara yby sokeme, xe ruri"
"Tenho meu modo de ser diferente (VLB, I, 103), Oré rekó-rekó-aé oroerekó - Temos nossos modos de ser diferentes",<extra_id_0>,Xe rekó-aé arekó
"Escaparão futuramente os animais, os pássaros?",<extra_id_0>.,"Okûabépe irã so'o, gûyrá?"
Fazendo-nos ir para o céu,<extra_id_0>.,Ybakype îandé sorama monhanga
Por ter ele esperança nela e em Deus,<extra_id_0>,Sesé Tupã resé bé o îerobîasápe
Eu sou rechonchudo,<extra_id_0>,Xe asang
"Quem, necessariamente, a gente chama, estando aflita?",<extra_id_0>.,Abáp'amẽ asé osenõî oîkotebẽmo?
Queres que eu te unte com óleo bento?,<extra_id_0>?,Ereîpotápe îandy-karaíba pupé ixé nde pixyba?
Eu sou sábio,<extra_id_0>,Xe mba'ekugûab
"escabelar, desfazer o penteado de, desgrenhar o cabelo de, etc",<extra_id_0>.,abo'o-bo'o
"Existe meu auxiliar verdadeiro, o grande chefe Aimbirê, o pervertedor dos índios",<extra_id_0>.,"Oîkobé xe pytybõanameté, tubixá-katu Aîmbiré, apŷaba moangaîpapara"
serra braceira,<extra_id_0>.,ybyrakytĩabusu
Pode também (a gente) tomá-lo algumas vezes em outros dias?,<extra_id_0>.,E'ikatu bépe amõ 'ara pupé amõme asé tara?
O desejo de sumir para longe enche seus corações,<extra_id_0>.,Mamõ nhẽ kanhẽ-motara i py'a îaîporaká
Mas seria difícil para as pessoas comer minha carne,<extra_id_0>,A'e iî abaíbymo abá supé xe ro'o 'u
Está cheio teu ventre,<extra_id_0>,I por nde rygé
Esbofeteio as costas de suas mãos,<extra_id_0>.,Aîpokupé-petek
"Prega-o, prega-o na cruz de madeira",<extra_id_0>.,"Eîmoîar, eîmoîar ybyrá îoasaba resé"
Não omiti nada,<extra_id_0>.,N'aîkuakubi mba'e
Fazendo as pessoas terem ódio umas das outras por causa de alguém,<extra_id_0>.,Abá resé nhoamotare'yma rerekouká abá supé
Mas que nós não paremos de chamá-la,<extra_id_0>,Îandé-te îapyk umẽ senõîa
Troquei-lhe uma criação,"<extra_id_0>.,ловна",Asekobîarõ seîmbaba i xupé
"Tupiniquins, habitantes daqui, espiões inimigos",<extra_id_0>.,"Tupinakyîa, keygûara, tĩapyra moroupîara"
"Eis que meu corpo não está disposto, amolecendo",<extra_id_0>.,"Xe reté ã n'oîkoetéî, omembeka"
Lanço puçá,<extra_id_0>.,Apysá-îtyk
Contaste para alguém que tu ficaste passando a mão em mulheres?,<extra_id_0>?,Ereîmombe'upe kunhã resé nde pokó-pokokagûera abá supé?
Ele está muito maduro,<extra_id_0>.,I apaîé - Ele está maduro I apaîegûasu
Matemos juntos o que diz isso,<extra_id_0>.,Îaîuká memẽ aîpó 'îara
"Saiu para o pátio, chorando muito dolorosamente",<extra_id_0>,"Osem okarype, oîase'o-asy-katûabo"
arrancando sua orelha,<extra_id_0>.,i nambi mondoka
É no final da missa que entras sempre?,<extra_id_0>.,Missa mondykápe épe ereîké îepi?
"Odeiam-te, expulsar-te-ão",<extra_id_0>,"Nde reroŷrõ, nde mombóne"
Eis que esses meus valentões sabem assassinar,<extra_id_0>,Kó a'e xe kyre'ymbaba oîkuá morapiti
licor de aipim,<extra_id_0>,aîpi 'y
mortandade de gente,<extra_id_0>,mbaba
Isso é muito difícil!,<extra_id_0>.,Iîabaíbeté aîpó!
Vou como catador de madeira,<extra_id_0>.,Asó ybyrá piaramo
"Não querendo comer, venho",<extra_id_0>.,Na mba'e 'u potá ruã aîur
Havemos de chegar ao céu,<extra_id_0>,T'orobasẽne ybakype
"Por isso mesmo as malditas correm, insultando-se muito umas às outras",<extra_id_0>,Nd'e'i te'e moxy onhana oîoa'o-marangatûabo
"Tocaste nas tuas pudendas, abrindo-lhes a pele?",<extra_id_0>,Erepokokype nde rapopé resé i pipekábo?
Amainei a vela,<extra_id_0>.,Aroîyb aoba
o assar do pão,<extra_id_0>.,miapé îyba
"Vejo meu reflexo (pex, no espelho)",<extra_id_0>,Anhe'angepîak
convés da embarcação,<extra_id_0>. <extra_id_10>e <extra_id_10>,ygara rokabytera
Podei-a,<extra_id_0>,Aî'ybab
Irritam completamente as pessoas,"<extra_id_0>.,ловна",Oporoîrarõ mbá
"São muitos os não conhecidos que Deus somente, o criador deles, conhece",<extra_id_0>.,Se'yî i kuabypyre'yma Tupã i monhangara remingûaba nhõ
Em que parte do corpo ele o flechou?,<extra_id_0>.,I mba'epepe i nhybõû?
"Dói-me a cabeça (e não o corpo na qual ela está, que não participa do processo descrito pelo verbo)",<extra_id_0>.,Sasy xe akanga xe suí
Para outra coisa que não o pássaro a flecha foi,<extra_id_0>.,Gûyrá taté u'uba sóû
muitas coisas miúdas,"<extra_id_0>.,ловна ",ta'yrĩ-rĩ
"Pois, se um homem guarda seu próprio filho, quanto mais Deus compadecer-se-á de nós",<extra_id_0>.,"Abá abiã é o a'yra ogûerekó-katu, memetipó Tupã asé raûsubáne"
"""ajuntamento de ostras"", nome de um lugar",<extra_id_0>,Rerityba
"Vem, coisa fedorenta, coisa nojenta, tamarutaca!",<extra_id_0>,"Eîori, mba'enem, mba'e-poxy, tamarutaka!"
"A gente mesma acovarda-se, consentindo-o",<extra_id_0>.,Asé aé oîemoabangá i mborypa
certamente! sem dúvida! assim é! tem razão! é verdade! (certificando o que outra pessoa disse),<extra_id_0>.,anhẽ rakó!
"Matá-lo-ei futuramente, com certeza",<extra_id_0>,Aîuká ipó irãne
remanso d'água,<extra_id_0>,y-îebyra
"Será que estais sossegados, como os que não vêem a morte?",<extra_id_0>,Pe apysykĩ serã peîkóbo te'õ repîakare'yma rame'ĩ?
Eu lhe pelo o couro cabeludo,<extra_id_0>.,Aî'apirabo'o
gargalo fino (como da cabaça),<extra_id_0>,anhurĩ
Por isso mesmo o ladrão é o que deve ser enforcado como pena de seus roubos passados,<extra_id_0>.,Nd'e'i te'e abá mondá iî aîubykypyramo oîkóbo o mondarõagûera repyramo nhẽ
cocho de porcos,<extra_id_0>,taîasu remi'uru
Durmo com roupa,<extra_id_0>.,Aroker aoba
Queres teu batismo?,<extra_id_0>,Ereîpotápe nde nhemoîasuka?
Fi-la engravidar,<extra_id_0>,Aîmomburu'a
Fazendo vir à tona seus atos escondidos,<extra_id_0>.,Sekó-nhemima monduîa
Hei de me embebedar para perder o juízo,<extra_id_0>.,T'asabeypóne 'ara mokanhema
"Os que não criam nele trabalharam em conjunto, ficando a flechá-lo",<extra_id_0>,"Serobîasare'yma potyrõû, iî ybõîybõmo"
Suas palavras ásperas não cessam,"<extra_id_0>.,ловна",I nhe'engasy n'opabi
Estou bem (deitado) Aûîé aîkó - Estou bem,<extra_id_0>,Aûîé aîub
Muito bem! Hei de ser castelhano,<extra_id_0>,Aûîé nipó! Kasianamo t'aîkó
"Os chefes velhos falam sempre a eles, repreendendo-os, censurando-os",<extra_id_0>.,"Morubixaba tuîba'e onhe'eng memẽ i xupé, senonhena, i akakapa"
braço de rio,<extra_id_0> de,y-akã
Vem para persegui-lo,<extra_id_0>,Eîori i momosema
"a saída do sol, o nascer do sol",<extra_id_0> do sol,kûarasy sembaba
"Acredita, meu padrinho, hão de te apresar hoje",<extra_id_0>.,"Erobîá, xe rubangab, ta nde moembiá kori"
Nossas casas estão estabelecidas uma junto da outra,<extra_id_0>,Xe apyri tuî - Ele mora a meu lado O îoapyri oré roka ruî
"Fugiram dele, deixando-o",<extra_id_0>.,"Oîabab i xuí, seîá"
"Após acabar o mundo, fá-los-á voltar a viver",<extra_id_0>,"Ara pab'iré, i moingobeîebyri-ne"
Rapamos nesta medida,"<extra_id_0>.,ловна ",Nãmo oroapin
Trouxe todos (ou Trouxe tudo),<extra_id_0>.,Aru-pab
ajuntamento de canas-de-flecha,<extra_id_0>,u'ubá-tyba
as juntas da cabeça,<extra_id_0>.,akanga îepotasaba
Sou diferente,<extra_id_0>.,Aîkoé
Confessando a gente,<extra_id_0>.,Asé monhemombegûabo
Tu outrora me salvaste,"<extra_id_0>.,ловна",Nde erimba'e xe pysyrõ îepé
Andei sumido,<extra_id_0>,Akanhẽ-kanhem
Vou buscar água (à fonte),<extra_id_0>,A'ypîasó
minha herança,<extra_id_0>.,xe potaba
É o modo de ser deles? (ou É natural deles?),<extra_id_0>?,Sekoaba nhẽpe?
Que amemos nosso pai,<extra_id_0>,T'orosaûsu îandé ruba
Vou à caça,<extra_id_0>.,Ka'abo asó
Que ele fique dentro de vós como fica com seu estado de feto no ventre de sua mãe,<extra_id_0>.,"O sy rygépe o pitanga reropytá îabé, t'opytá pe pupé"
Enfim de volta!,<extra_id_0>!,Irõ bé!
"Por que vieste, ó meu muito amado?",<extra_id_0>.,Mba'e resépe ereîur xe remiaûsukatu gûi?
"Herodes teria entregado este à morte, conhecendo suas maldades",<extra_id_0>.,Herodes meémo ikó oîme'eng te'õ supé i angaîpaba kuapa
"Ontem, aos brancos deram combate",<extra_id_0>.,"Kûesé, karaíba ri i pokoki"
"Que deve ser ungido de nós (isto é, de nosso corpo)?",<extra_id_0>.,Mba'e-mba'epe asé suí i pitubypyra?
Lancei-o no chão,<extra_id_0>.,Aîmombor ybype
Não está dia,"<extra_id_0>.,ловна ",Nd'e'i 'ara
Apenas não me matou,<extra_id_0>.,Sa'ĩ xe îukae'ymi
Esse é o que eu flechei?,<extra_id_0>.,Akó xe remiybõmbûera?
"Vinde, para comer a criança, engolindo completamente o menino",<extra_id_0>,"Peîori pitanga gûabo, kunumĩ mokona mbá"
Frustrei-me,<extra_id_0>,Xe rarûab
"Ataca-o, Sarauaia!",<extra_id_0>!,"Esepenhan, Saraûaî!"
"Tu te compadeceste deles quando eles estavam doentes, tirando-lhes fogo?",<extra_id_0>.,"Eresaûsubarype i mba'easyreme, satá-á"
"Ao chegar o dia oitavo (duas vezes quatro), cortaram seu prepúcio",<extra_id_0>,"Mokõî oîoirundyk oito 'ara sykeme, i 'apira mondoki"
Eu tenho olhos esbugalhados,<extra_id_0>.,Xe resá-ynhusu
Mandei fazer palma,<extra_id_0>.,Apindó-pûaî
"Ainda que me castigasse, eu falaria",<extra_id_0>,Aûîebé-temo xe nupãû anhe'engĩmo
Vou à roça,<extra_id_0>.,Akopîasó
Que há aqui semelhante a um canindé azul?,<extra_id_0>,Mba'epe ké kanindeoby îasûara?
Ele tem olhos claros como seu pai,<extra_id_0>.,Og uba rupi ahẽ resatingamo
Filho de quem és tu?,<extra_id_0>,Abá ra'yrape nde?
"Falaste duramente a alguém, irritando-o, fazendo-o odiar as pessoas?",<extra_id_0>?,"Erenhe'eng-aparatãpe abá supé, i moroŷrõmo, i moporoamotare'yma?"
"Das cuias ficando a quebrar as pontas, afrontaste os homens",<extra_id_0>,"Kuîa nhẽ i tĩ-ngá-tĩ-ngábo, ereîanga'o abá"
Louvo-te muito por me teres salvado,<extra_id_0>,Oromoeté-katu nde xe pysyrõagûera resé
Acenaste com a cabeça para alguma mulher?,<extra_id_0>?,Ereîe'aîtykype kunhã amõ supé?
"Eia, meu aliado!",<extra_id_0>,Ne'ĩ xe atuasar
Sus! Ide!,<extra_id_0>,Pene'ĩ pesóbo
"Não está em conformidade comigo, não é igual a mim",<extra_id_0>.,Na xe îáî
Faze-nos tu viver,<extra_id_0>.,Oré moingobé îepé
Entreouvi tuas palavras,<extra_id_0>,Asendubaíb nde nhe'enga
Aplacando a Deus,<extra_id_0>.,Tupã moîerekûapa
Já saíste da grande escuridão,<extra_id_0>.,Eresem ymã putunusu suí
Apaga o fogo,<extra_id_0>.,Emogûeb tatá
Fiquei-lhe puxando a cabeça (pelos cabelos),<extra_id_0>,Aîakangeky-ekyî
Os homens batizados honram este dia,<extra_id_0>,Apŷá-serokypyra kó 'ara oîmoeté
Por ser coisa que deve ser dividida,<extra_id_0>, Mba'eramo i moîa'okypyra rekóreme
Eu sou um jaguaretê comedor de gente!,<extra_id_0>!,Xe îagûareteporu!
Eu sou gago,<extra_id_0>,Xe nhe'ẽrueru
raramente,<extra_id_0>,amõneme nhõ
"lugar de vender carne, açougue",<extra_id_0>,so'o ma'e'ĩndaba
Crendo na sua ida para o céu,<extra_id_0>,Ybakype i xoagûera rerobîá
Não falto à igreja,<extra_id_0>.,N'aîmopanemi tupãoka
entrando em tua casa,<extra_id_0>.,nde rokype oîkébo
"os tupiniquins, habitantes daqui",<extra_id_0>,tupinakyîa keygûara
"Entram grandes espinhos, espetando sua cabeça",<extra_id_0>.,"Oîké îugûasu, i akanga kutuka"
Quantos são os mandamentos dele à gente?,<extra_id_0>.,Mobype a'e asé rekomonhangaba?
Fazendo-me erguer o rosto,<extra_id_0>,Xe moobaybaka
"Antigamente eu ficava sempre junto de ti, no alto do morro",<extra_id_0>,"Akûeîme apytá memẽ nde pyri, ybytyrapûápe"
"Sempre os malditos para nós dizem maldades, mui perversamente",<extra_id_0>,Memẽ nhẽ moxy îandébo marã e'i-memûã-memûã
Não acato essa sua boa lei,<extra_id_0>.,N'aîari kó sekó-angaturama
De ti a morte não se aproximou,<extra_id_0>,Nde resé te'õ n'osyki
Cortei um pedaço,<extra_id_0>.,Asykûera aîasy'ab
casa de barro,<extra_id_0>,nhau'umoka
Enfeitei-me,<extra_id_0>,Anhemongatyrõ
Nós estamos enfileirados,<extra_id_0>.,Oré rysy
Eis que este é discípulo de Jesus,<extra_id_0>,Iesus boîá ã ikó
Fico-me espreguiçando,<extra_id_0>.,Aîepoká-poká
"Que bom que existes, ó meu senhor!",<extra_id_0>.,Aûîebeté ereîkó xe îar-y gûé!
"Quem não saberia ter comido algo bom, esquecendo-se da excelência de seu sabor?",<extra_id_0>.,Abámo mba'e-katu 'uagûera n'oîkuabi xûé sé katûagûera resé o esaraîamo?
Eu estou muito empanturrado,<extra_id_0>.,Xe rebykatãgûasu
A respeito dele lembrando-se,<extra_id_0>.,Sesé oma'enduaramo
Fico-o chacoteando,<extra_id_0>.,Aîkurá-kurab
"Está muito a propósito, está sem mais nem menos (como se queria)",<extra_id_0>.,A'eboé tuî
este outro,<extra_id_0>.,kó amoaé
"marca de espada, sinal de ferimento com espada",<extra_id_0>,itangapẽ-mbora
alguns santos,"<extra_id_0>.,ловна ",amõ amõ santos
Ainda bem que o faz correr consigo!,<extra_id_0>.,Iîá muru senonhana!
Bem nesse momento perdoou a Pilatos,<extra_id_0>,A'eîbé Pilatos supé oîerekûabamo
"na parte de dentro da embarcação (isto é, sob a cobertura dela)",<extra_id_0>.,ygá-pype
Eu tenho fôlego comprido,<extra_id_0>.,Xe pytu-muku
Eu estou rouco,<extra_id_0>.,Xe îase'opyoú
"Curou-o, somente tocando sua orelha, imediatamente fazendo-a sarar, colando-a",<extra_id_0>.,"Oîposanong i nambi atõîa nhote, aûnhenhẽ i monga'ẽmo, i moîepotá"
"o que é líquido, o que é ralo",<extra_id_0>,tykuba'e
"A dança é que é boa, enfeitar-se, fumar",<extra_id_0>.,"Moraseîa é i katu, îegûaka, petymbu"
"fogo do cauim, isto é, com que se coze o cauim",<extra_id_0>,kaûĩ ratá
Farto-o,<extra_id_0>,Aytarõ
bolsa do abdômen (dos marsupiais),<extra_id_0>,ambé-aîó
Fiquei falando em favor dele,<extra_id_0>,Asepy-sepyk
Eis que a noite toda ele não dormiu,<extra_id_0>.,Pysaré kó i kere'ymi
Acreditas no pajé ao fingir assassinar as pessoas?,<extra_id_0>,Ererobîarype paîé porapiti mo'anga'uba?
"Após aquele revirar-se do mundo, então os anjos vêm",<extra_id_0>.,A'e 'ara îepubur'iré a'ereme karaibebé ruri
Debalde vou,<extra_id_0>.,Aûîebé-te asó
Ver os doentes,<extra_id_0>.,Mba'easybora repîaka
O que a seu filho e a seu escravo faz trabalhar,<extra_id_0>.,"O a'yra, o embiaûsuba omoporabykyba'e"
gordura de vaca,<extra_id_0>.,tapi'i-kaba
"de alguma parte, dalgures",<extra_id_0>,kûeîpe suí
Eu estou sujo,<extra_id_0>.,Xe ky'a
É o que deve ser expulso da igreja,<extra_id_0>.,Tupãoka suí i mosemymbyra
"sineta de mão, sinozinho manual, campainha",<extra_id_0>,itamaraká-mirĩ
Acusando uma mulher para seu marido,"<extra_id_0>.,ловна",Kunhã kuauká i mena supé
Tenho meu modo de ser diferente,<extra_id_0>.,Xe rekó-aé arekó
"Pintaste-te a boca, sorrindo para os homens?",<extra_id_0>,"Ereîeîuru-mopiningype, abá supé epukamirĩamo?"
Dizendo que um canto de pássaro ou um urro de onça são agouros,<extra_id_0>,Gûyrá koîpó îagûara nhe'enga supé morangygûana o'îabo
O homem que come objeto de furto ou que o leva para sua casa,<extra_id_0>.,Abá mondarõagûera o'uba'e koîpó og okype ogûerasoba'e
"Eu tenho bom abrigo, eu estou bem abrigado",<extra_id_0>,"Xe 'ang - Eu tenho abrigo, eu estou abrigado Xe 'ãngatu"
"Matei-os muito, fiz matança",<extra_id_0>.,Aîuká-matutenhẽ
Por isso Deus transformou a costela de nosso pai primeiro em sua esposa?,<extra_id_0>.,Emonãnamope Tupã îandé rubypy arukanga nhẽ apóû semirekóramo?
"Foste para revistar as cisternas de água doce de alguém, tomando seu conteúdo?",<extra_id_0>.,"Eresópe abá îeky-'ye'ẽ supa, i pora rá?"
Eu estou adoentado,<extra_id_0>.,Xe rekoruînhẽ
"roçado antigo, onde o mato cresceu de novo",<extra_id_0>,kopûera
"Ah, um homem pecador há de ter mais coisas boas que eu!",<extra_id_0>.,Abá-angaîpabĩ takó mba'e-katu ogûerekó xe suí mã!
Este é o máximo,<extra_id_0>,Kó-tene i îaeté
Lanço [à água] a canoa,<extra_id_0>.,Aîtyk ygara
"Se alguém escondesse os atos passados uma só vez, Deus não perdoaria",<extra_id_0>.,"Oîkuakumo amõ abá tekopûera oîepé'ĩ nhõmo, Tupana n'i nhyrõî xómo"
Aonde ele foi após acabar de comer?,<extra_id_0>?,Mamõpe i xóû o mba'e'u-pab'iré?
"Que sejamos corajosos, sim, suportando as coisas dolorosas",<extra_id_0>.,"T'oré pyatã, angá, mba'e-asy porarábo"
"Adão, nosso primeiro pai, fez-nos perder verdadeiramente",<extra_id_0>.,"Adão, oré rubypy, oré mokanhemeté"
água doce,<extra_id_0>.,y-eté
Este pajé ruim tem um espírito protetor,<extra_id_0>.,Supixûar ikó paîé-angaíba
"Tu te agitaste, querendo fazer-nos viver",<extra_id_0>,"Nde ereîemosusuni, oré moingobé-potá"
Qual é o preço delas?,<extra_id_0>?,Mba'epe sepyrama?
"Iria a gente para o céu ao batizar-se, sem mais?",<extra_id_0>.,Osó nhẽmope asé ybakype o nhemongaraibireme?
Minha família fez-me vir,"<extra_id_0>.,ловна <extra_id_12>",Xe anama xe mbouri
Esse homem e sua esposa também fizeram acabar todas as suas riquezas,<extra_id_0>.,Kó abá semirekó abé opá o mba'e mombabi
Aguço-a,<extra_id_0>.,Asapûapin
velha muito maldosa,<extra_id_0>,gûaîbĩ-marã serã-serã
Vem para ver tua futura terra,<extra_id_0>,Eîori nde retamûama repîaka
Vou com ele,<extra_id_0>,Sesé orosó
Eu sou o diabo esquentador de gente,<extra_id_0>.,Xe anhanga moropé
"ilha de mato, CAPÃO",<extra_id_0> ,ka'a-pa'ũ
"Estando a destilar coisa quente, coisa muito amarga",<extra_id_0>,"Mba'e-akuba, mba'e-robeté tukutuku okûapa"
Os que estão achegados a ti,<extra_id_0>,Nde resé serosypyra
Queimou tua alma o fogo dele,<extra_id_0>,Nde 'anga osapy satá
Fica com teus suditozinhos junto de nós,<extra_id_0>,Eropytá nde boîá'ĩ orébo
Vinde para pranteá-lo ao entrar ele em vós,<extra_id_0>,Peîori sapirõagûama resé pe pupé seîkéreme
"Por isso tão somente nasceu dela, não lhe fazendo rombo",<extra_id_0>,"Nd'e'i te'e oá nhote i xuí, nd'i pekábo ruã"
"Havemos de ir à dura guerra, cara a cara uns contra os outros?",<extra_id_0>.,T'îasó maranatãûãme o îoupé oîobaúpa?
O rosto da criança está alegre para eles,<extra_id_0> ,Pitanga robá sesãî i xupé
Eu estava ainda cansado,<extra_id_0>.,Xe pûeraî mbyté
quarto traseiro que se parte de um animal ou de uma pessoa,<extra_id_0>,ugûera
"primeiro filho do homem, primogênito",<extra_id_0>.,ta'yrypy
Arrependendo-se ele de ter batido em ti,<extra_id_0>.,Nde resé i pûaragûera moasŷabo
Tua alma é o que tem muito preço,"<extra_id_0>.,ловна",Nde 'anga sepy-etéba'e
"O homem desanima, sem mais, de suas danças também",<extra_id_0>.,Omanõaibí abá o poraseîtápe bé
castrado,<extra_id_0>,sapi'a'okypyra
Mudo-me,<extra_id_0>,Asem
Salteio,<extra_id_0>.,Aporero'ar
Quem é o inimigo da gente?,<extra_id_0>.,Abápe asé sumarã?
Eu tenho cálculos renais,<extra_id_0>.,Xe typa'am
"Sob tuas mãos estamos, em ti apoiando-nos",<extra_id_0>.,"Nde pó gûyrype oroîkó, nde resé oroîekoka"
maltratar a seu próximo,<extra_id_0>.,o apixara rerekoaíba
"Não dormi, absolutamente, para procurá-los",<extra_id_0>.,N'aker-angáî sekasápe
"Tu voltas o rosto para trás, olhando com a ponta dos olhos, sorrindo, espreguiçando-te",<extra_id_0>.,"Nde atybak, nde resá-popybo ema'ẽmo, epukamirĩamo, eîepokábo tenhẽ"
"Sendo isso assim, o dia todo e a noite toda tu cuidarás de tua alma",<extra_id_0>,"Aîpó e'ymeté, ko'arapukuî, pysaré nde maînanĩ nde 'anga resé-ne"
"Ah, que atrevido!",<extra_id_0>.,Tekatueté mã!
cavidade dela,<extra_id_0>,inhanhã
Meu corpo treme (de medo),<extra_id_0>,Xe reté-piring
Vem para que faças ir de mim a maldade,<extra_id_0>,Eîori t'eremondó xe suí tekoangaîpaba
"Tu foste chocarreira, estando deitada sobre teu próximo?",<extra_id_0>.,Nde arũaípe nde rapixara 'arybo eîupa?
O que entrou em vossas almas,<extra_id_0>.,Pe 'angyme oîkeba'epûera
Ele vos fortalece,<extra_id_0>,A'e pe mopyatã
Faço-me matar,<extra_id_0>.,Aîeîuká-ukar
ferida da cabeça,"<extra_id_0>.,ловна <extra_id_12>",a-pixapaba
Eu sou rechonchudinho,<extra_id_0>,Xe apebĩ
"Tão logo ao ouvir o teu nome, o diabo está tremendo",<extra_id_0>,"Nde rera rendupa abé, Anhanga ryryî okûapa"
o que perseguiu o cão de seu próximo,<extra_id_0>.,o apixara reîmbaba îagûara remimomosẽgûera
Nada,<extra_id_0>.,-Mba'epe aûîeramanhẽ serekopyrama ikó 'ara pupé? -Aani ã biã - Que é o que será conservado para sempre neste mundo?
Remo,<extra_id_0>.,Aygapukuî
Pelo chão também escorreu seu sangue?,<extra_id_0>.,Yby rupi bépe sugûy syryki?
Não pode a boca de ninguém contar as coisas muito dolorosas no inferno,<extra_id_0>.,Nd'e'ikatuî abá îuru Anhanga ratápe tekó-asyeté mombegûabo
o que vai buscar água (à fonte),<extra_id_0>.,ypîasoara
"Em reparação disso, mudaste-te de aldeia",<extra_id_0>.,"Sepyápe, ereîakasó"
Essa fez assim,<extra_id_0>.,Emonã ûĩ sekóû
"Um ou outro, porventura, foi mau alguma vez",<extra_id_0>.,"Oîepé-ĩombé, nipó, i angaîpab amõme é"
Queimo-o,<extra_id_0>.,Asapy
Ensina falsamente as pessoas a provarem a palavra de Deus,<extra_id_0>.,Oporombo'e-a'u Tupã nhe'enga ra'anga
Eis que vais Vais (agora),<extra_id_0>.,Eresó ûĩ
Não querendo que o diabo esteja como seu senhor,<extra_id_0>,Anhanga o îaramo sekó potare'yma
lembrando nós,<extra_id_0>,îandé ma'enduaramo
Quem ficou ali?,<extra_id_0>,Abápe opytá a'epe?
"Que lancemos fora nossa maldade, não acreditando nos pajés, em danças, rodopios com feitiços",<extra_id_0>.,"T'oroîtyk oré poxy, paîé rerobîare'yma, moraseîa, mbyryryma karaimonhanga ndi"
"É no final da missa que entras sempre, manifestamente consciente?",<extra_id_0>.,"Missa mondykápe épe ereîké îepi, nde îesûere'yîpe"
O que tem a bem-aventurança é o que é pobre por sua própria vontade,<extra_id_0>.,Tekokatueté rerekoara o emimotarybo é i mba'ee'ymba'e
"Tens compaixão de tua mãe e de teu pai quando eles estão deitados, doentes, sendo responsável por eles?",<extra_id_0>.,"Eresaûsubápe nde sy nde ruba i mba'easy tume, sesé nde morerekoaramo?"
É certo que o comungante comungue algumas vezes (ou) sempre?,<extra_id_0>.,"A'eboépe Tupã rasara Tupã rari amõme, îepi?"
Traze água para mim,<extra_id_0>.,Erur 'y ixébe
Lado a lado seus cadáveres ao longo do mar estavam,<extra_id_0>,O îoybyri se'õmbûera paranã ybyri i kûáî
Sua mãe não teve dor de parto,"<extra_id_0>.,ловна",I xy n'i membyrasyî
Vem-me à memória minha vida passada em minha terra,<extra_id_0>,I 'ã i 'ang xe retãme xe rekoagûera ixébo
Como disse Pilatos aos seus aprisionadores?,<extra_id_0>.,Marã e'ipe Pilatos serekoaretá supé?
"Sabendo disso, impedirias a transgressão da palavra de Deus",<extra_id_0>,"Aîpó kuapamo, ereîmorambûé Tupã nhe'enga abyrambûeramo"
No transcorrer de quatro gerações,<extra_id_0>.,Oîoirundyk îeapyká sykápe
"Oxalá agora alguma pessoa, habitante do fogo do inferno, levantasse aqui na nossa multidão",<extra_id_0>.,"Temone ko'yr Anhanga ratá pora, abá amõ opu'ama iké îandé re'yîpemo"
"De manhã, cuidando de sua comida",<extra_id_0>.,Ko'ẽme gûemi'urama resé onhemosaînana
Que o mates para mim diante do pajé ruim,<extra_id_0>.,T'ereîuká ixébe paîé-aíba supé
sangradouro de rio,<extra_id_0>.,y-mombukaba
"O que bebe somente na medida, que acontece?",<extra_id_0>.,"Oîá nhote kagûarape, marã?"
licor de mangaba,<extra_id_0>,mangaby
"E, pois, como há isto de ser?",<extra_id_0>.,marã-te-p'iã-ne?
"por dois meses [lit, duas luas]",<extra_id_0>,mokõî îasy
Hei de mexer hoje as igaçabas,<extra_id_0>,T'aîpobu kori ygasaba
Mas acreditais realmente em Deus?,<extra_id_0>,Perobîar-y-tepe aé Tupã?
Folgo muito em ouvi-lo,<extra_id_0>,Asendu-potakatu
"o que fia (Fig, Arte, 119), fiandeira",<extra_id_0>.,pobandara
Como disse Nosso Senhor para o que esbofeteou seu rosto?,<extra_id_0>.,Marã e'ipe Îandé Îara og obá petekarûera supé?
"Nossa comida, a que é de cada dia, dá hoje para nós",<extra_id_0>.,Oré remi'u 'ara îabi'õndûara eîme'eng kori orébe
o que foi pão,<extra_id_0>.,miapepûera
Todos vieram?,<extra_id_0>en <extra_id_10>e,Opápe turi?
"A seu próprio pedido, na cruz o pregaram",<extra_id_0>,"Cruz resé i moîari, i îeruresabo é"
coisa mirrada ou muito seca,<extra_id_0>?,tining-atã
Quem desobedece àquele?,<extra_id_0>,Abápe aîpoba'e oîmomaran?
"Ergueu-se com as feridas de suas mãos, de seus pés e de seu flanco?",<extra_id_0>.,"O pó, o py, o yké kutukagûera bépe erimba'e ogûeropu'am?"
Desvirginaste alguma menina?,<extra_id_0>,Ereîmombukype kunhataĩ amõ?
Veio um grande chefe,<extra_id_0>.,Oú tubixá-katu
tão logo indo ele,<extra_id_0>.,osóbo bé
Machuco-lhe a cabeça,<extra_id_0>.,Aî'apirungá
"Que lancemos fora nossa maldade, não acreditando nos pajés, em danças e rodopios",<extra_id_0>.,"T'oroîtyk oré poxy, paîé rerobîare'yma, moraseîa, mbyryryma"
Ali também estando os que guardaram sua alma em sua virtude,<extra_id_0>,A'epe bé ogûekokatu pupé o 'anga nongatusarûera oína
Para onde a multidão numerosíssima levou Nosso Senhor?,<extra_id_0>,Mamõpe erimba'e te'yî-katupabẽ Îandé Îara rerasóû?
Detestando-os mais que tudo o que se deve detestar neste mundo,<extra_id_0>.,Seroŷrõmo opakatu ikó 'ara pupé seroŷrõmbyra sosé
"jorro d'água, ITORORÓ, bica d'água",<extra_id_0>,y-tororoma
"Cura-se algumas vezes, segundo os desígnios de Deus para a gente",<extra_id_0>.,"Opûerab amõnyme, Tupã asé rerekokuapaba rupi é"
Aqueles serão consolados,<extra_id_0>.,A'eba'e i moapysykypyramo sekóûne
Eu fedo,<extra_id_0>,Xe ryapûanusu
Eu estava pendente,<extra_id_0>.,Xe apy'am
Acalmei-me,<extra_id_0>,Aîukatu
A gente vê aquela coisa branca e sua redondeza também,<extra_id_0>.,"- Akó morotinga, i amandaba bé asé osepîak"
"Com eles não se misturando, não querendo, igualmente, seu modo de ser",<extra_id_0>. <extra_id_9>.,"Sesé onhemonane'yma, oîabé sekó potare'yma"
"Pranteai logo vossa miséria, estai a vos lastimar",<extra_id_0>,"Taûîé pe poreaûsubagûama rapirõmo, peîemoangekoaíb peína"
Vôo como este vento,<extra_id_0>.,Abebé kó ybytu îá
calos já duros,<extra_id_0>.,mbyru'apûera
Eu estou molhado,<extra_id_0>.),Xe akym
Piorei muito de meu grande mal,<extra_id_0>,Aîerekoaibeté xe angaîpá-katu suí
"Vela bem por mim, mandando que não me façam cair",<extra_id_0>.,"Ema'enãngatu xe ri, xe mbo'are'ym-uká"
Eu enviuvei,<extra_id_0>.,Xe mene'õ
pequeno como isto,<extra_id_0>.,nãmo-nhõta'ub
Abortei meu filho,<extra_id_0>.,Xe membyrakyrar
Hei de ir para cumprir essas palavras,<extra_id_0>.,T'asó aîpó nhe'enga mopó
Não se hão de esvanecer nem um pouco minhas palavras acerca daqueles futuros fatos,<extra_id_0>.,N'i rambûé-mirĩî xûé aîpó tekorama resé xe nhe'engane
"Tu me alegras muito, narrando assim os fatos",<extra_id_0>,"Xe moory-katu îepé, inã tekó mombegûabo"
Mas os guardiães da gente são os anjos?,<extra_id_0>.,Asé rarõanamo-tepe karaibebé rekóû?
Ali ficai enquanto eu não vos informar acerca de vossa futura volta,<extra_id_0>,Ebapó ta peîkó pe îebyragûama resé ixé nde momorandube'yma pukuî
resto do tronco de árvore que fica na terra após o seu corte,"<extra_id_0>.,ловна",ypypûera
São muitas as grandes igaçabas,<extra_id_0>.,Setá nhẽ ygasabusu
Eu retomei o bom senso,<extra_id_0>.,Xe tekokuabar
A gente se batiza muitas vezes?,<extra_id_0>?,Setápe asé nhemongaraíbi?
Eu sou muito longevo,<extra_id_0>.,Xe rekosûé-katu
Hei de cobrir-te,<extra_id_0>,T'oropyk
"Por isso mesmo, tendo saudades um do outro, ficam tristes",<extra_id_0>.,"Nd'e'i te'e oîoepîaka'upa, o karukasyramo"
Faço que não o vejo,<extra_id_0>.,N'asepîake'ym-a'ubi
Eu sou muito manhoso em palavras,<extra_id_0>.,Xe nhe'ẽpokarugûá-katu
Mas livra-nos tu das coisas más,<extra_id_0> ,Oré pysyrõ-te îepé mba'e-aíba suí
Então matarei alguns,<extra_id_0>,A'ereme amõ aîukáne
"Eu estou chagado, eu tenho muitas chagas",<extra_id_0>,Xe îá-xe îaó
Levamo-los uns atrás dos outros,<extra_id_0>.,Oroerokûaka'ar
meu padrinho,<extra_id_0>,xe rerokarûera
Mas sua vida é muito má,<extra_id_0>.,Sekó-te i poxyeté
"Ah, quem me dera o tivesse matado!",<extra_id_0>.,Aîukámo mã!
Aqui vêm para nos castigar!,<extra_id_0>,Ké turi îandé nupãmo!
Lanço palavras contra ele,<extra_id_0>.,Aîtyk nhe'enga sesé
homem liberal,<extra_id_0>.,abá-ekoate'yme'yma
"A terra também, então, agitando-se, tremendo",<extra_id_0>.,"Yby abé a'ereme onhemonguébo, oryryîane"
"Eu sou mediano, eu não sou grande nem pequeno",<extra_id_0>,Xe boîá
Finjo que vou,<extra_id_0>.,Asó-asó-a'ub
indo eu voando,<extra_id_0>,gûymaenhẽ gûixóbo
"ao longo do caminho, todo o caminho",<extra_id_0>.,pé pukuî
Ensinando tu a ti mesmo,<extra_id_0>.,Eîembo'ebo
"Eis que esta roupa será, adequadamente, de feriado",<extra_id_0>.,Ikó aoba niã aûîé-katutenhẽ Tupãnemendarama
não há de ser (futuro),<extra_id_0>.,aani-xûé ipóne
"Guarda-te, hoje, de ter guerra comigo",<extra_id_0>.,Eteumẽ kori marana rerekóbo xe resé
O que tolera o que quer trabalhar nos feriados,<extra_id_0>,Aretéreme i porabyky-potaryba'e mborypara
"a unhada de fulano, a marca das unhas de fulano",<extra_id_0>,ahẽ pûapẽ-mbora
Que queimem em teu fogo,<extra_id_0>,T'okaî nde ratá pupé
Que há aqui semelhante a um canindé azul?,<extra_id_0>,Mba'epe ké kanindé-oby îasûara?
Não o amo ainda,"<extra_id_0>.,ловна",Nd'a'éî saûsupa ranhẽ
fazendo estar bem minha alma!,"<extra_id_0>.,ловна",xe 'anga moingó-katûabo!
Ainda bem que o faz correr consigo!,<extra_id_0>.,Iîamuru senonhana!
Arranquei as penas de sua asa,<extra_id_0>.,Aîpepó-'ok
"Levaram-no, com suas ataduras, para Pilatos, o governador",<extra_id_0>.,Pilatos ybyrarerekoara supé i popûasaba resebé serasóû
muitos meninos,<extra_id_0>.,kunumĩ-etá
Como o nosso perdão aos que nos tratam mal,<extra_id_0>,Oré rerekomemûãsara supé oré nhyrõ îabé
Ele comeu demais aquela coisa,<extra_id_0>,O'u-eté-eté ahẽ mba'e
"Não tendes ouvidos, como de costume, confundindo esta aldeia",<extra_id_0>.,"Na pe apysáî, îandu, ikó taba apamonana"
Tenho vida boa,<extra_id_0>.,Tekó-katu arekó
Como um galo te deitas,<extra_id_0>.,Gûyrasapukaîa îabé ereîetu'u
Como se eu fosse lá,<extra_id_0>.,A'epe xe só îaramẽ
A cobra mordeu a Pedro,<extra_id_0>,Mboîa Pedro îaîxu'u
"Que tenhamos, em sua terra, junto de ti, a vida eterna",<extra_id_0>.,"T'orogûerekó, setãme, nde pyri, tekopuku"
Por isso mesmo todos os homens emagrecerão,<extra_id_0>.,Nd'e'i te'e opá abá angaîbaramo-ne
"Eia, que eu vá!",<extra_id_0>.,Ene'ĩ t'asóne!
Quando cumprirás isso que dizes?,<extra_id_0>,Erimba'epe aîpó nde 'îaba ereîmopóne?
Peço a Pedro por roupa,<extra_id_0>,Aîeruré aoba resé Pedro supé
Eu tenho casca (de ferida) erguida,<extra_id_0>,Xe pé-bur
Dizendo isso por pequenas coisas,<extra_id_0>,Mba'e-mirĩ resé aîpó o'îabo
Escaparão futuramente os animais quadrúpedes?,<extra_id_0>.,Okûabépe irã so'o?
Faça-se tua vontade,"<extra_id_0>.,ловна ",T'onhemonhang nde remimotara
Eu não tenho resistência,<extra_id_0>.)),Na xe rosangi
"Faze-me tu valente, para que eu me oponha ao maldito, para sempre vencendo-o",<extra_id_0>.,"Xe mopyatã îepé, t'apu'am muru resé, aûîérama i moaûîébo"
escória do ferro,<extra_id_0>.,itá repoti
"Caem, às vezes, os frutos das suas árvores, sendo ainda flores",<extra_id_0>.,Okuî rakó amũme ybarambûera o 'yba suí ybotyramo oîkóbo bé
Quantos são esses deuses?,<extra_id_0>.,Mobype a'e Tupã?
Que vá Guaixará para o fogo,<extra_id_0>.,Gûaîxará t'osó tatápe
Sal bento pôs na tua boca para que seja muito saborosa a palavra de Deus a ela,<extra_id_0>,Îuky-karaíba oîmondeb nde îurupe ta se'ẽngatu Tupã nhe'enga i xupé
Dou-lhe pancadas na cabeça,<extra_id_0>.,Aî'apurupã
A que cuida da virtude é a mãe de Deus bondosa,<extra_id_0>,Tekokatu angagûara Tupã sy-angaturama
"Confesso-me a ti, senhor padre, por causa do meu pecar muitas vezes",<extra_id_0>,"Anhemombe'u ndebe, pa'i abaré setá nhẽ xe angaîpagûera resé"
Hei de comer todo o banquete de Jacaré-guaçu!,<extra_id_0>.,T'a'u pá Îakaregûasu pepyra!
Hei de me aproximar de minha futura e verdadeira vida,<extra_id_0>.,Arokakar xe rekobé-etérama re'ĩ
Os que não são escondidos perdoa bem a eles,<extra_id_0>,I kuakubypyre'yma i nhyrõngatu i xupé
"Sob minhas mãos tenho os moços pecadores, os velhos crescidos",<extra_id_0>.,"Xe pó gûyrype arekó kunumĩgûasu-angaîpaba, tunhãba'e-kakuaba"
"Oh, então assim é, na verdade!",<extra_id_0>!,"Tó, inã îepé ra'e!"
Confessa bem a nós que tu és o filho de Deus,<extra_id_0>.,Eîmombe'u-katu Tupã ra'yramo nde rekó orébe
"Tremendo, então, a terra também",<extra_id_0>.,Yby abé a'ereme oryryîane
"Caem às vezes os frutos de suas árvores, sendo ainda flores, outras vezes em seu estado verde, outras vezes após amadurecerem caem",<extra_id_0>.,"Okuî rakó amũme 'ybarambûera o 'yba suí 'ybotyramo oîkóbo bé, amõ rakó ogûakyra pupé i kuî, amõ rakó ogûaîub'iré i kuî"
cordão de contas,"<extra_id_0>.,ловна ",mbo'yrysy
Dormiu demais seu cadáver?,<extra_id_0>,Okeretápe se'õmbûera?
Limpou seu rosto com um pano branco,<extra_id_0>,Osobá-syb aó-tinga pupé
A mirra de polpa era o anúncio de sua futura morte pela gente,<extra_id_0>.,To'o suí mirra moroesé se'õagûama mombegûaba
água corrente,<extra_id_0>.,y-syryka
O sol faz as pessoas terem muita sede,<extra_id_0>.,Kûarasy oporomo'y'useîeté
Desencontramo-nos,<extra_id_0>.,Oroîopynekûab
Dar também o quinhão de Deus naquilo que plantou primeiro,<extra_id_0>.,O emitymbûerypy pupé Tupã potá-me'engano
"Por isso mesmo é que, em seus corações ficando a refletir, desafiam muito a Deus",<extra_id_0>.,"Nd'ei te'e, o py'a pupé oîemongetá-ngetábo, Tupã momburukatûabo"
"Ali atacando as moças, por desejá-las",<extra_id_0>.,"A'epe kunhãmuku repenhana, i potasápe"
"Tratemo-los bem, junto de nós",<extra_id_0>.,T'i rekó-katu îandébe
"rapariga (por desprezo, pejorativo)",<extra_id_0>,kunhataĩ-a'uba
Detesto minha lei antiga,<extra_id_0>.,Aroŷrõ xe rekopûera
Por isso mesmo em tua grande força apóio-me,<extra_id_0>,Nd'a'é te'e nde ratãngatu resé gûiîekoka
Fazendo Deus descer consigo do céu,<extra_id_0>.,Tupã reroîypa ybaka suí
"Importuna-me bem, irritando-me muitíssimo, aquela lei nova",<extra_id_0>.,"Xe moaîu-marangatu, xe moŷrõ-etekatûabo, aîpó tekó-pysasu"
O que é comum é aquela mulher esmagar nossas cabeças,<extra_id_0>.,Sekoaba'e kûé kunhã oré akanga i apiti
Meu senhor vos mata,<extra_id_0>.,Pe îuká xe îara
Encaixotei-me as coisas,<extra_id_0>,Anhemba'e-nhang
"Vim, atravessando o oceano",<extra_id_0>,Paranãgûasu rasapa aîu
Eu estou fendido,<extra_id_0>.,Xe îurubok
"Suportando a grande noite, estamos muito aflitos",<extra_id_0>,"Putunusu porarábo, oroîkotebẽngatu"
Amarra tua rede de dormir ao lado de mim,<extra_id_0>.,Eîotĩ nde kesaba xe porupi
"Fico girando em círculos, fico rodeando (como o que se perdeu ou que busca alguma coisa)",<extra_id_0>.,Anhatimã-timanĩ
"abraçando a cintura de teu companheiro, estimulando teu desejo sensual",<extra_id_0>,"nde rapixara ku'a îubana, nde poropotá-pokyramamo"
Bem com os meus olhos vi que tu as escondeste,<extra_id_0>.,Xe resá pupé-katu asepîak nde i mimagûera
"Eu, dele perguntando, vim da minha casa",<extra_id_0>.,"Ixé sesé gûiporandupa, xe roka suí aîu"
Estiraram-no sobre a cruz,<extra_id_0>,Oîpysó ybyraîoasaba 'arybo
Os que vivem para isso transgridem muito a lei,<extra_id_0>,Ikoba'e resé tekoara oîaby-eté tekó
Tem tu compaixão de nós durante nossa vida,<extra_id_0>.,Oré raûsubá îepé oré rekobé pukuî
riacho,<extra_id_0>.,yekûabusu
Gastei-o totalmente,<extra_id_0>.,Aîmongûy-pab
Vai para trazer um pouco dela,<extra_id_0>.,Ekûãî îá reru
O que não foi morto,<extra_id_0>.,I îukapyrûere'yma
Amarra tua rede de dormir ao longo de mim,<extra_id_0>.,Eîotĩ nde kesaba xe porupi
"pele esfolada, fora da carne",<extra_id_0>.,pirûera
Minha morte não há de ser ainda,<extra_id_0>.,Nd'e'i ipó xe re'õnama ranhẽ re'a
Eu estou fendido em diversas partes,<extra_id_0>.,Xe îurubó-bok
Estou na penúria,<extra_id_0>.,Atyabor
Eu estou ricamente vestido de roupas,<extra_id_0>,Xe aó-mondé-matueté
Isso dirá somente a ele ou contará ao padre para que o repreenda,<extra_id_0>,Aîpó e'i nhote i xupéne konipó abaré supé i mombe'uû i akakapagûama reséne
O próprio Pedro mandou-me fazer proceder assim,<extra_id_0>,Pedro aé emonã xe moingó-ukar
conhecendo a Deus,<extra_id_0>.,Tupana kuapa
Eu estou liso,<extra_id_0>!,Xe sym
"O desejo sensual tornado costumeiro, a janotice, o vício, isso Nosso Senhor, após o recebermos nós em nossa alma, impede de se querer",<extra_id_0>.,"Moropotara semipokuabe'yma, arũaíba, tekó-poxy anga Îandé Îara îandé 'angyme îandé ogûar'iré ybŷá potara oîmoaruab"
A seus próprios companheiros não querem bem,<extra_id_0>.,O irũ n'oîamotari
"Jesus, guardião da alegria",<extra_id_0>,Iesu toryberekoara
Eu estou úmido,<extra_id_0>.,Xe akymaíb
Madeira é o que falta,<extra_id_0>.,Ybyrá angapeẽamẽ
Palavras de quem são aquelas?,<extra_id_0>.,Abá nhe'engûerape aîpó?
Escondendo ser sua parente verdadeira a que ele perverteu,<extra_id_0>,O emimomoxypûera o mũetéramo sekó kuakupa
Flechei-os todos,<extra_id_0>.,Aîybõ-mbá
Veio um grande chefe de longe para te procurar,<extra_id_0>.,Oú tubixá-katu mamõ suí nde reká
"instrumento de desvio de água, sangradouro",<extra_id_0>.,y-mombîasaba
"Como modo de honrar sua vinda, este dia honramos",<extra_id_0>,Turagûera moetesabamo kó 'ara îamoeté
Prega-o na cruz,<extra_id_0>.,Eîmoîar ybyraîoasaba resé
É algum tanto grande,<extra_id_0>.,Turusu-pyryb
ouvir o sermão do padre,<extra_id_0>,abaré nhe'ẽnhe'enga renduba
"E mentindo também aquele que invoca sua alma, que acontece?",<extra_id_0>.,"O 'anga renõîndara abé o îuraragûaîamo nhẽ, marãpe?"
"Após vir Sarauaia, destruiremos a aldeia, como de costume",<extra_id_0>,"Saraûaîa rur'iré, îamombá taba îandune"
Que se compadeçam dele os judeus,<extra_id_0>.,T'oîporeaûsuberekó îudeus
"Ah, oxalá eu sofresse por Deus muitíssimos infortúnios!",<extra_id_0>.,Aîporará temõ Tupã resé mba'easy katupabẽ mã!
"É bonita esta igreja, tendo muitos adornos!",<extra_id_0>.,"I porang kó tupãoka, îegûakabetá rerupa!"
Dei-o a troco de dinheiro,<extra_id_0>.,Itaîuba repyramo aîme'eng
"O que tu escondeste, na verdade, onde tu roubaste?",<extra_id_0>.,"Nde remimimbûera, anhẽ, umãmepe nde mondá?"
"Como ages embriagando-te de cauim? Fazes o que não deves, então?",<extra_id_0>.,-Marãpe ereîkó kaûĩ suí esabeypó? Ereîkomemûãpe a'ereme?
Ela embarrou nos seus ramos,<extra_id_0>.,Sakã resé i îepokoki
"ilha de mato em meio a um descampado, CAPÃO",<extra_id_0>.,ka'a-pa'ũ
"Vem, nomeia os que tu derrotas por aí",<extra_id_0>.,"Îori, esenõî angá kûeîbo nde remimoaûîé"
Confiemos nesses homens,"<extra_id_0>.,ловна <extra_id_12>",T'i îerobîar apó abá ri
Fizeste chegar o pagamento como retribuição de um trabalho?,<extra_id_0>.,Eresepy-mondykype marãtekó repyramo?
sardas do rosto,<extra_id_0>,tobá pinima
os parentes de minha mulher,<extra_id_0>) <extra_id_37>,xe ra'ysé
Um só é o conteúdo de minha rede,<extra_id_0>.,Oîepé xe pysá pora
Porventura fizeram-se muito maus os homens após se multiplicarem?,<extra_id_0>.,Onhemoangaîpabeté serã apŷaba o îeapyká-eté roîré?
"Ficaste bêbado de cauim, perdendo o juízo?",<extra_id_0>.,Eresabeyporype kaûĩ suí 'ara mokanhema?
Finalmente ele a levou,<extra_id_0>,Té ahẽ serasóbo ko'yté
Antigamente eu ficava sempre junto de ti,<extra_id_0>,Akûeîme apytá memẽ nde pyri
Poucos moram nesta aldeia,<extra_id_0>! <extra_id_10>! <extra_id_10>,Mokõînhõ kó taba pupé sekóû
Viemos muitos,<extra_id_0>.,Oroîurusu
Foi à frente de mim,<extra_id_0>.,Osó xe renondé
de onde? donde?,<extra_id_0>,umã suí?
Já tinha dado Judas aos judeus o meio de reconhecer Nosso Senhor?,<extra_id_0>,Oîkuapá-me'eng umûãpe Îudas Îandé Îara îudeus supé erimba'e?
Acalentei-a,<extra_id_0>,Aîmboyî
teia de aranha,<extra_id_0>,nhandu'i-kesaba
Tomamo-lo de ombro a ombro,<extra_id_0>,Oîoybari orogûar
Eu sou redondo,<extra_id_0>.,Xe amandab
Estes habitantes da aldeia sob minhas mãos estavam,<extra_id_0>.,Kó tabygûara xe pó gûyrybo sekóû
Vinha com púrpura e espinhos,<extra_id_0>.,Aopyranga îu abé ogûerur
Prendi-os um ao lado do outro,"<extra_id_0>.,ловна",O îoybyri aîmoín
o que te põe a nu,<extra_id_0>,ikatupe nde moĩndara
"No dia de guarda do nascimento dele, acendemos a fogueira chamada ""caminho do salto""",<extra_id_0>,Ara i 'aragûera pîasaba pupé tatá i apyrasabapé 'îaba îaîmondyk
o miolo dele,<extra_id_0>,i apytera
Que venha para nos fazer felizes,<extra_id_0>.,T'oú oré moorypa
As que dizem coisas más,<extra_id_0>,Marã e'îara
Fiquei estremecendo,<extra_id_0>.,Asy-syî
Contando os pecados escondidos de alguém para quem não os conhece,<extra_id_0>.,Abá angaîpá-nhemima i kuapare'yma supé mombegûabo
Faço mingau,<extra_id_0>,Aîapó minga'u
Presumo que ele deve ter ido,<extra_id_0>.,"""Osó ipó re'a"" a'é"
"Então os anjos virão, chamando os mortos, tocando trombetas",<extra_id_0>,"A'ereme karaibebé ruri, te'õmbûera renõîa, mimbygûasu pŷabo"
"águas tranquilas, bonança",<extra_id_0>.,y-katu
O dia está muito escuro (como que para chover),<extra_id_0>.,I pytũ-pytun 'ara
Ele é mais bonito,<extra_id_0>.,Turusueté - Ele é maior I porangeté
Estou a latejar,<extra_id_0>,Nyn-nyng a'é
"Na verdade, somente estas retirei dos malditos",<extra_id_0>,Kó nhõ anosẽ îepé moxy suí
Tomei-o com ambas as mãos,<extra_id_0>.,Oîopobaî aîar
Então as estrelas cairão completamente,<extra_id_0>.,A'ereme îasytatá o apakuîamo
Invocam as mulheres o pajé Caruara,<extra_id_0>,Osekyî kunhã maîé Karûara
É difícil para mim tentá-los,<extra_id_0>.,I abaí xebo sa'anga
"o que é viúvo, o viúvo",<extra_id_0>.,seremirekoe'õba'e
Eu estou inchado,<extra_id_0>.,Xe pungá
"mas, de verdade",<extra_id_0>.,anhẽ ruãp'anhẽ
Na casa de quem passaste?,<extra_id_0>,Abá rokype erekûá?
"Eis-me aqui, eis que aqui estou",<extra_id_0>.,Aîkó
"Ah, se viesse!",<extra_id_0>,Tera'ute oú
Eu sou esquecidiço,<extra_id_0>.,Xe resaraîpotar
"Vossos avós todos com pranto estavam, recolhendo-se",<extra_id_0>.,"Pe ramỹîa pabẽ rakó îase'o rerekóû, îemoingeabo"
este outro (e não ele),<extra_id_0>.,ikó-te
Quem aquele (mandamento) transgride?,<extra_id_0>.,Abápe aîpoba'e oîaby?
"A gente diz ""quinhão de Deus"" para aquilo que é dado?",<extra_id_0>.,"Asé aîpó i me'engymbyra supé ""Tupã potaba"" i 'éû?"
Sempre eu ensinei publicamente as pessoas,<extra_id_0>,Te'yîpe memẽ nhẽ ixé aporombo'e
A crença no Deus verdadeiro encheu meu interior,<extra_id_0>,Tupã-eté rerobîara îaîporaká xe ybỹîa
Reparti com ele a carne,<extra_id_0>.,Aîopoî ahẽ so'o pupé
Eles se tratam uns aos outros como semelhantes por causa de sua irmandade,<extra_id_0>,O îoasykûera ri îasûaramo i îogûerekóû
Ajo velhacamente,<extra_id_0>,Aîkó-angaîpab
"Ele, certamente, faz tirar-lhe o efeito de mim",<extra_id_0>.,A'e ipó oîmoarybé-ukar xe suí
Inclina-se,<extra_id_0>,-Oîerokype asé Cruz supé? -Oîeroky -A gente se inclina junto à cruz?
"Ah, que mau é o pecado! Que mau que é fulano!",<extra_id_0>,Tieté kó angaîpaba maniîabo mã! Tieté kó ahẽ maniîabomã!
Vou ao caminho de meu pai,<extra_id_0>.,Asó xe ruba rapépe
Manquejo,<extra_id_0>.,Xe ate'ẽ
"Escondeste algum pecado teu do padre, envergonhando-te dele?",<extra_id_0>,"Ereîkuakupe nde angaîpaba amõ abaré suí, senotĩamo nhẽ?"
Há de prantear a gente o desaparecimento de seu pai e de sua mãe,<extra_id_0>.,Osapirõ-n'asé og uba o sy kanhemagûera
Não por me amar,<extra_id_0>.,Na xe raûsupeî
"homem parvoeirão, ignorantão",<extra_id_0>.,abá-tekokuabe'ymusu
"Levaram-no para um certo palácio, fazendo-o entrar, reunindo soldados fortes ali por sua causa",<extra_id_0>.,"Ogûerasó amõ okusupe seroîkŷabo, a'epe maranaritekoaratã reŷnhanga sesé"
nunca mais,<extra_id_0>,aani xûé ko'yténe
"Mas não pode a gente, de modo nenhum, contar o procedimento oculto de alguém?",<extra_id_0>.,Nd'e'ikatu angáî-tepe asé abá rekó-nhemima mombegûabo?
Santa Maria está pensando na aproximação de seu parto,<extra_id_0>.,Santa Maria o membyrá-kakara omo'ã-mo'ang
fibras sujas,<extra_id_0> ,pó-ky'a
Para onde será que eu irei?,<extra_id_0>,Mamõ serã xe sóûne?
Enjoa-te de teu velho modo de ser!,<extra_id_0>,Eîmoting nde rekopûera!
Eu sou molengão,<extra_id_0>.,Xe rekombegûé
Em minhas mãos bem os tenho,<extra_id_0>.,Xe pópe arekó-katu
Tenho a carne arrepiada,<extra_id_0>.,Xe ro'o-piring
"gozador, brincalhão, zombeteiro",<extra_id_0>.,nhemosaraîxûera
Os índios atacarás,<extra_id_0>.,Apŷaba eresepenhãne
pedra de beiço pontuda,<extra_id_0>.,metarapûá
"Para ele trouxeram, como oferendas, ouro, resina dura que recende (isto é, incenso) e mirra",<extra_id_0>.,"I xupé ogûeru îetanongabamo itaîuba, ysykatã syapûãba'e, mirra"
"Sê tu guardião de mim, sob tuas mãos colocando-me",<extra_id_0>.,"Nde morerekoar xe ri, nde pó gûyrype xe nonga"
Destruiu outrora os tamoios,<extra_id_0>,Tamũîa omombab erimba'e
"Ah, se eu tivesse percebido outrora isso, praticando o que dizíeis!",<extra_id_0>.,"Anhandu beémo erimba'e angûama mã, pe 'erama purûabo!"
Futuro senhor de suas muitíssimas riquezas,<extra_id_0>.,O mba'e-katupabẽ îarama
Não se cansam de pedir a Deus pelos que os resgataram,<extra_id_0>,N'oîeruré-pytubari Tupã supé ogûenosemarûera resé
Faço-o doente,<extra_id_0>.,Aîmomara'ar
"E não confessando ser parente, de fato, de seu marido ou de sua esposa, que acontece?",<extra_id_0>?,"A'epe o mena koîpó o emirekó mũetéramo sekó mombe'ue'yma, marã?"
Eu não sou medroso,<extra_id_0>.,Na xe poropoûsubi
"São famosos esses moçacaras, que são uns beberrões",<extra_id_0>.,"Serapûan kó mosakara, i kaûĩgûasuba'e"
Que me tratem como a seu próprio deus,<extra_id_0>.,O tupãnamo ta xe rerekó
Muitíssimas lorotas invocaram contra ele,<extra_id_0>.,Tenhẽngatupabẽ osykyî i xupé
"Vinde, levai os malditos, erguendo-os para sapecá-los em nosso fogo, moqueando-os",<extra_id_0>.,"Peîori, perasó muru, supi îandé ratápe sapeka, i monga'ẽmo"
"fora, na rua",<extra_id_0>,okarype
"Está molestando as pessoas, fazendo-as cair em erro",<extra_id_0>,"oporomoaîu oîkóbo, oporomotekokuabe'yma"
"Vêm em vão para me afastar os ditos ""padres""",<extra_id_0>,"Oú tenhẽ xe pe'abo ""abaré"" 'îaba"
"Em tuas mãos sentando-se, vai o menino",<extra_id_0>,"Nde pópe ogûapyka, osó kunumĩ"
Por que bates em mim?,<extra_id_0>.,Marãpe xe ri erepûá?
Que afaste nossa maldade,<extra_id_0>.,Îandé aíba t'oîpe'a
Não se compadeceu Deus de alguém por causa dos que descenderiam (dele)?,<extra_id_0>,N'osaûsubaripe Tupã amõ abá îeapykaba'erama resé?
Mato gente,<extra_id_0>.,Aporoîuká
Que é a morte?,<extra_id_0>.,Mba'epe te'õ?
"Eu sou um mísero índio, de fato",<extra_id_0>.,Xe abá-aîbĩ anhẽ
Dou de beber às pessoas,<extra_id_0>,Apore'ym
"a sem-filhos, a fêmea estéril",<extra_id_0>,membyre'yma
Que pareçam juntar-se como um só,<extra_id_0>.,T'oîese'ar-y berame'ĩ oîepekaturamo
Oprime-nos o coração,"<extra_id_0>.,ловна",Oré py'a-pyk
Muitíssimas coisas más eles acharão,<extra_id_0>.,Mba'e-memûãngatupabẽ resé i îekosubyne
Aparei-o,<extra_id_0>,Asembe'y-kytĩ
Como se eu dissesse,<extra_id_0>,Xe 'é îasûaramo n'aé
"Ficou saltando, reconhecendo imediatamente Jesus, seu senhorzinho",<extra_id_0>.,"Opor-oporĩ, Îesu o îarĩ kuapa aûnhenhẽ"
Eis que eu sou homem,<extra_id_0>.,Xe abá niã ixé
"Ave Maria, a que está cheia de graça",<extra_id_0>,"Ave Maria, graça resé tynysemba'e"
Segui pelo mar (em navio) 'Y rupi agûatá - Andei pelo rio (de barco),<extra_id_0>,Paranã rupi agûatá
Esse nome é o que me convém,<extra_id_0>.,Aîpó tera xe arõana
"meu pai, o que me gerou (para não haver confusão com outros parentes que também eram chamados tuba)",<extra_id_0>.,xe ruba xe monhangara
A mãe de Deus está sabendo todas as coisas,<extra_id_0>,Tupã sy opabenhẽ mba'e oîkuab oîkóbo
o cauim que é preparado para meu recebimento,<extra_id_0>,kaûĩ xe renotara
Fica aumentando sua bondade,<extra_id_0>.,I angaturama nhẽ oîrumõ-rumõ
Ouve,<extra_id_0>.,Esendu
A mim também o flechado Bastião derrotou-me Não existe mais minha antiga bravura,<extra_id_0>,Xe abé iî ybõmbyrûera Bastião xe moaûîé N'i tybi xe abaetepûera
Eu seco,<extra_id_0>.,Xe rypab
Tu tiveste excitação com teu amante?,<extra_id_0>?,-Nde regûyrõpe nde agûasá resé?
Contigo sempre estou,<extra_id_0>.,Nde resé memẽ oroîkó
Vem para espantar o diabo,<extra_id_0>.,Îori anhanga mondyîa
"Estamos nos ferros ao pescoço um do outro (isto é, estamos presos nos ferros um ao pescoço do outro)",<extra_id_0>.,Oîoapyri oroîkó itá resé
"São muito molestos, certamente, os tropeços de nossa caminhada",<extra_id_0>.,Iîabaíbeté nhẽ rakó asé atá mysakanga
"Ambas as minhas coxas tremem, endurecendo",<extra_id_0>,"Opá xe uba îesyî, oîemoatãmo"
"Tu tens olhos concupiscentes, olhando para alguém?",<extra_id_0>.,Nde resá-poropotápe amõ resé ema'ẽmo?
Para uma grande escuridão é que iriam,"<extra_id_0>.,ловна",Pytunusupe émo i xóûmo
"Esses, na verdade, não honram a Deus",<extra_id_0>,A'e ipó Tupã n'omoangaturami
Vou por ir (sem algum fim),<extra_id_0>,Asó nhẽ
"há bem pouco tempo, agora há pouco, agorinha mesmo",<extra_id_0>.,"kûesé-té'ĩ, kûesé-té'ĩ-mbyryb, kûesé-té'ĩbé, kûesé-bé'ĩ, kûesé-pyryb"
"Fazem aplacar a Deus a si mesmos, ao eliminarem a dívida dos pecados de muitos anos",<extra_id_0>.,Tupã oîmonhyrõ o îoupé setá nhẽ seîxutatá tekoangaîpaba repy-mondykápe
Aparei-o,<extra_id_0>,Anhopan
campo limpo,<extra_id_0>.,nhũasyma
Seu sangue era muito,<extra_id_0>.,Sugûy turusu
"o que informa, o que avisa",<extra_id_0>,momorandupara
"É formosa, certamente, a lua, vindo com sua grande face",<extra_id_0>,"I aysó, nipó, îasy, og obagûasu reru"
Delato gente,<extra_id_0>,Aporokuaukar
"Do nada fez nossa alma, com sua palavra é que ele a fez",<extra_id_0>.,"Nama'eruã oîmonhang asé 'angamo, o nhe'enga pupé é i monhangi"
"Basta! Falo eu, Sarauaia!",<extra_id_0>,"Aûîé! Anhe'eng, Saraûaî!"
Põe a espada na bainha dela,<extra_id_0>,Eîmondeb itangapema surupe
Dizendo palavras más acerca de coisas nojentas,<extra_id_0>,Mba'epoxy koty onhe'engaíbamo
Para ser a futura mãe de Deus ela foi feita,<extra_id_0>,Tupã syrama ri i monhangymbyra…
Todas as minhas presas de minhas mãos as levou,<extra_id_0>,Opakatu xe rembiara xe pó suí serasóû
"produtivo, de bom rendimento",<extra_id_0>.,ybykûab
"Afastando o diabo, assim como a morte",<extra_id_0>.,"Anhanga pe'abo, te'õ resebé"
Como seus discípulos receberam-vos,<extra_id_0>,O boîáramo pe rari
Mas não iríamos para o céu se ele não morresse?,<extra_id_0>.,Nd'îasóî xûé-tepemo ybakype se'õe'ỹmemo?
"Sua mãe, cobrindo-o bem, defende-o do frio",<extra_id_0>.,"I xy i aso'ikatûabo, oîopîá ro'y suí"
Ele é azul,<extra_id_0>.,Soby
inimiga do diabo,<extra_id_0>,Anhanga sumarã
O juiz mandou desorelhar o ladrão,<extra_id_0>,Morubixaba mondá îaînambi-'okukar
para além de Lisboa,<extra_id_0>.,Lisboa akûeakoty
"Ladroeira, palavras ruins, mentiras sobejavam-te",<extra_id_0>,"Mondarõ, nhe'engaíba, mo'ema nde resemõ"
Suas antigas lembranças das coisas aí se retirarão,<extra_id_0>,Mba'e resé o nhemoma'enduaragûera a'epe onhenosẽne
"Ficaste bêbado de cauim, perdendo o juízo?",<extra_id_0>.,"Eresabeyporype kaûĩ suí, 'ara mokanhema?"
Sua muita bondade engrandecendo,<extra_id_0>.,I angaturãngatu moeburusûabo
"Aonde chegaram com Nosso Senhor, enfim?",<extra_id_0>,Mamõpe ybŷá Îandé Îara rerobasemi ko'yté?
Evocando a morte de meu Senhor,<extra_id_0>.,xe îara re'õ renõîa
Ensina bem minha alma para que conheça o caminho do céu,<extra_id_0>,Eîmbo'ekatu xe 'anga t'oîkuab ybaka piara
"jazimento de pedras grandes, penedia",<extra_id_0>,itagûasutyba
"Envergonha-se o sol de nascer, diante de teu brilho",<extra_id_0>.,"Otĩ kûarasy osema, nde beraba robaké"
"Homens, velhas, mulheres sempre serão minhas presas",<extra_id_0>,"Apŷaba, gûaîbĩ, kunhãne, ko'arapukuî xe rembiá"
Forrei-o,<extra_id_0>,Aîapeaob
"Ora, já agora leve-o",<extra_id_0>.,Ne'ĩ serasóbo ko'yté
enfeitando minha cabeça,<extra_id_0>.,xe akanga moîegûaka
água salgada (do mar),<extra_id_0>,y-e'ẽ
Arruinei a todos,<extra_id_0>.,Aîmomoxy pabenhẽ
Faço muito barulho ao andar,<extra_id_0>.,Xe py-ambugûasu
Estorva-me o Senhor Deus!,<extra_id_0>.,Xe moarûá Pa'i Tupã!
Fi-lo rispidamente,<extra_id_0>,Aîmonhang-îeaseî
Vim do céu para vos ajudar sempre,<extra_id_0>,Aîur ybaka suí îepi nhẽ pe pytybõmo
Tirei o luto,<extra_id_0>.,Aîeaibok
Diferenciando-a das outras mulheres,<extra_id_0>.,Amõ kunhã suí i moingoébo
"Que a gente diz, conversando com o anjo seu guardião?",<extra_id_0>. <extra_id_10>.,"Marã e'ipe asé, karaibebé o arõana mongetábo?"
Cortei seus nervos,<extra_id_0>.,Aîpytasã-mondok
"Que confesses a transgressão da palavra de Deus, a persistência nisso também",<extra_id_0>,"Tupã nhe'enga abŷagûera t'ereîmombe'u, apore'ymagûera béno"
"Eis que com seu corpo deve estar sua divindade, nos pedacinhos também, inteiramente",<extra_id_0>.,"I Tupã irũmo bé kó seté rekóû, pesembûeri pupé bé gûetépe-katu re'a"
Eu arquejo,<extra_id_0>,Xe u'ukûar
Encosto-me nele,<extra_id_0>,Aîekok sesé
raízes angulosas (nome de lugar),<extra_id_0>,sapopema
Falastes torpemente para vós mesmos?,<extra_id_0>,Penhe'eng poxype pe îoupé?
Era eu,<extra_id_0>.,Ixé rakó
Eu estou com a boca entreaberta,<extra_id_0>,Xe îuru-bok
Fico escarnecendo das pessoas,"<extra_id_0>.,ловна",Aporoîaî - Escarneço das pessoas Aporoîá-roîaî
para seu fogo arrastando-nos,<extra_id_0>.,ogûatápe oré rekyîa
em abrigo,<extra_id_0>.,ãme
Arrepiei-me,<extra_id_0>,Aîepoká
como criança gerando-se,<extra_id_0>,pitangamo onhemonhanga
sobrinho dele,<extra_id_0>,i i'yra → i'yra
Saltei-o,<extra_id_0>,Aîapyrasab
"bem cedo, bem de madrugada",<extra_id_0>.,îeîbeté
Piorou muito a dor de minha cabeça,<extra_id_0>. <extra_id_10>!,Oîerekoaíbeté xe akanga rasy xe suí
"Vejo-o (Com ênfase Lit, Acho-me vendo-o)",<extra_id_0>,A'é sepîaka
Teu poder aquietou este mundo,<extra_id_0>,Nde 'ekatu kó 'ara moapysyki
Eis que vou,<extra_id_0>.,Ebokûé asó
"meios de contar das duas mãos da gente (isto é, os dedos)",<extra_id_0>.,mokõî asé pó papasaba
Santa Maria está supondo a aproximação de seu parto,<extra_id_0>.,Santa Maria o membyrá-kakara omo'ã-mo'ang
Estou-me recolhendo,<extra_id_0>,Anhenong gûitupa
Nas minhas costas levei-o,<extra_id_0>,Xe aseî arasó
Eu espumei,<extra_id_0>.,Xe rendyîuî
Que eu deteste muito o diabo,<extra_id_0>.,T'aroŷrõngatu Anhanga
Não contém mais nada minha bolsa,<extra_id_0>.,N'i pori be'ĩ xe aîó
Mamei,<extra_id_0>.,Akambu
"Escudo-me, defendo-me",<extra_id_0>.,Aîepîar
Roí-o,<extra_id_0>,Aîakarãî
Comecei-o,<extra_id_0>,Aîypymoín
"Ao morrer eu, que venhas",<extra_id_0>,"Xe îekyîme, t'ereîu"
"Vituperaste teu pai, tua mãe, teu avô, tua avó?",<extra_id_0>,"Ereîanga'ope nde ruba, nde sy, nde ramũîa, nde aryîa?"
Inchei-me muito as bochechas,<extra_id_0>,Anhemoatypygûasu
Será que é por isso que Deus transformou a costela de nosso pai primeiro no corpo de sua esposa?,<extra_id_0>.,Emonãnamo serã Tupã îandé rubypy arukangûera nhẽ monhangi semirekó retéramo?
agora há pouco,<extra_id_0>.,korite'ĩ-mbyryb
Após vertê-la dentro de alguma casca de coco,<extra_id_0>,Inaîagûasu apepûera amõ pupé i nhang'iré
"sol frio, isto é, sol encoberto, tempo nublado",<extra_id_0>,kûarasy-ro'y
É certo que foi?,<extra_id_0>.,Osó ruãpe é?
Moro com Pedro,<extra_id_0>.,Kó taba pupé aîkó - Moro nesta aldeia Aîkó iké xe roka pupé - Moro aqui em minha casa Aîkó Pero irũnamo
"terra avermelhada, barro",<extra_id_0>,yby-pytanga
Levantei-me dormindo,<extra_id_0>.,Apakaíb
Porventura a tentação é algo semelhante a uma juçana?,<extra_id_0>?,Îusana abŷare'yma nhẽ serã tentação?
Chamo os homens,<extra_id_0>,Asenõî apŷabetá
o que proclama suas palavras,<extra_id_0>,i nhe'enga mombegûara
Filhos de quem eram esses?!,<extra_id_0>?,Abá ra'yrape ûĩ?!
palavra ruim,<extra_id_0>,nhe'engasy
Alimentar os famintos,<extra_id_0>.,Ambyasybora poîa
Bem feito para o maldito! Seus fígados hão de ser minha porção,<extra_id_0>!,Iîá muru! I py'apûera xe potabamo t'oîkó
Eis que se aproxima minha vida futura,<extra_id_0>.,Okakar kó xe rekoberama re'a
"Após arrependerem-se de seus atos, os índios vão confessar-se",<extra_id_0>.,"O ekó moasy riré, abá sóû îemombegûabo"
Por tuas pegadas há de ir minh'alma sempre,<extra_id_0>,Nde rakypûera rupi t'osó xe 'anga îepi
"Como meus súditos, todos em minhas mãos tenho-os bem",<extra_id_0>. <extra_id_10>.,Xe boîáramo pabẽ xe pópe arekó-katu
Quem fez isso outrora?,<extra_id_0>.,Abápe aîpoba'e oîmonhang erimba'e?
Qual outro é guerreiro senão ele?,<extra_id_0>?,Maratekoara aé-amẽ ahẽ?
rego d'água,<extra_id_0>,y rapé
Estamos entrecruzados,<extra_id_0>.,Oroîekunasab
Disse isso conhecendo o futuro esmagamento dos habitantes daquela cidade chamada Jerusalém,<extra_id_0>.,Akûeî tabusu Îerusalém 'îaba pora mombebaûama kuapa nhẽ aîpó i 'éû
Eu não estou sendo fantasioso,<extra_id_0>.),Na xe poranguî gûitekóbo
Há de ser o substituto de meu pai,<extra_id_0>.,Xe ruba rekobîara é re'ĩ
Eu sou hábil,<extra_id_0>.,Xe pokarugûar
Enterrando os antigos vícios,<extra_id_0>.,Tekopoxypûera tyma
homem choramigas,<extra_id_0>.,Xe resangá - Eu sou chorão Abá-esangá
mina de ouro,<extra_id_0>.,itaîu-kûara
"Multiplicou-nos neste mundo, primeiro","<extra_id_0>.,ловна",Îandé moîeapykáû ikó 'ara pupé ranhẽ
ensinamento da palavra de Deus,<extra_id_0>,Tupã nhe'enga morombo'esaba
Permaneço seu guardião,<extra_id_0>.,Aîkobé n'ixé sarõana
Será que amais vosso salvador?,<extra_id_0>,Pesaûsu ra'upe pe pysyrõana?
"Aqueles serão os futuros habitantes do fundo do nosso fogo, os que serão queimados",<extra_id_0>.,"Aîpó îandé ratá gûyra porama, sapypyrama"
linha delgada para coser,"<extra_id_0>.,ловна <extra_id_9>",inimbó'i
Quando cumprirás isso que tu dizes?,<extra_id_0>,Erimba'epe aîpó nde 'îaba ereîmopóne?
"Esse somente é, de fato, teu nome?",<extra_id_0>.,Aîpó nhõ-pipó nde rera?
"Eu tenho fôlego apressado, eu tenho muito fôlego",<extra_id_0>,Xe pytubapûan
Fico-o mastigando (sem dentes),<extra_id_0>,Anhagûã-nhagûãî
"Tendo saudades do nenenzinho, vim de minha casa",<extra_id_0>.,"Pitangĩ repîaka'upa, aîur xe roka suí"
Trouxeram pólvora em vão,"<extra_id_0>.,ловна",Mokaba ogûeru tenhẽ
O que tocou na irmã mais moça ou na irmã mais velha de sua noiva verdadeira não pode casar-se nem mesmo com sua noiva,<extra_id_0>.,O me'engabeté pyky'yra koîpó tykera resé obykyba'e n'e'ikatuî omendá o me'engabeté resé tiruã
cabelos arrepiados e desgrenhados,<extra_id_0>.,a-tyrá-bebó
misérias da vida,<extra_id_0>.,tekó poreaûsuba
Não conheço esse homem,<extra_id_0>.,N'aîkuabi a'e abá
Sara mesmo minha alma apenas com tuas palavras,<extra_id_0>,Opûerab é ipó xe 'anga nde nhe'enga pupé nhote
Ponde uma cruz diante deste doente como objeto da visão de seus olhos,<extra_id_0>.,Peîmoín amõ cruz oîepé kó mara'abora robaké sesá ma'ẽndabamo
"Tornam-nos famosos também, em suas bocas vilipendiando-os",<extra_id_0>.,"Oîmoerapûan-y bé, o îurupe i momoxŷabo"
Que ela faça seu mui belo filho perdoar a nós,<extra_id_0>.,O memby-porangeté t'omoîerekûab orébo
Eu sou vingativo,<extra_id_0>,Xe îepykixûer
remédio portador de cura,<extra_id_0>,mosanga moeîrabyîara
"Semelhantemente a isso fizeram com seus pés, pregando-os também com cravos?",<extra_id_0>.,A'e rame'ĩpe ybŷá i py rerekóû itapygûá pupé i moîáno?
"Na casa de quem passaste tomando-as, antes de te esconderes?",<extra_id_0>,"Abá rokype erekûá tá, nhemim-y îanondé?"
Fi-lo emagrecer,"<extra_id_0>.,ловна",Aîmoangaîbar
Toma um só trago,<extra_id_0>.,E'u oîepé îuru nhote
"Que amemos nosso pai, nosso verdadeiro criador",<extra_id_0>.,"T'orosaûsu îandé ruba, îandé monhangareté"
Se tu não endureceres teu coração,<extra_id_0>.,Nde nhy'ã nde i moatãnhẽe'ỹme
Vendi coisas,<extra_id_0>,Amba'e-ma'e'ĩ
Ensoberbeci-me acerca de mim mesmo,<extra_id_0>.,Aîerobîá xe îoesé
Untei as penas de pássaro (para me emplumar com elas),<extra_id_0>),Aîmongy gûyrá-aba
Procedeste segundo a determinação do padre a ti?,<extra_id_0>,Ereîkópe abaré nde moingoaba rupi?
calos dos pés,<extra_id_0>.,mby piru'a
Ele secou,<extra_id_0>. <extra_id_10>e <extra_id_3>,Typab
"cinzas do alguidar, da bacia, feitas pelas chamas",<extra_id_0>,nha'ẽpesẽ-uba
por aqui,"<extra_id_0>.,ловна",kó rupi
"De diante deles ele foi, aos poucos, subindo",<extra_id_0>.,Sobaké suí mbegûé-mbegûé i xóû oîeupi
"Falando primeiro a seus filhos, que divide (isto é, os bons dos maus)",<extra_id_0>.,Ogûemimoîa'oka ogûa'yra pé ranhẽ onhe'enga
Como sem ti,<extra_id_0>.,Amba'e-'u nde suí
"Estava ele despido, sem mais, em público?",<extra_id_0>.,Ikatupe nhẽpe sekóû te'yîpe?
Eu tenho olhos claros,<extra_id_0>.,Xe resá-ting
Roço a mata,<extra_id_0>.,Aka'agûyrok
"Pensai que, algum dia, a morte virá para bater em vossas portas",<extra_id_0>.,Penheangerekó amõ 'ara pupé te'õ pe rokena motaka turagûama resé é
Colares azuis não vistos (ainda),<extra_id_0>.,Mo'yrobyeté sepîakypyre'yma
Trouxe a coragem,<extra_id_0>.,Myatã ogûeru
"Verdadeira morada de Deus, filha de Deus",<extra_id_0>.,"Tupã rendabeté, Tupã raîyra"
o patrimônio dado a mim por meu pai,<extra_id_0>,xe ruba xe mba'eme'engaba
"O fogo te convém verdadeiramente, para que nele te asses",<extra_id_0>,"Tatá nde arõeté, i pupé t'ereîesy"
E como alguém procederá encontrando aquilo que esqueceu?,<extra_id_0>.,A'epe marã abá rekóû a'e o esaraîagûera supé ogûasemane?
Eu sou fino,<extra_id_0>.,Iî aeté - Ele é fino Xe aeté
Lamenta-te!,<extra_id_0>.,Eîeapirõ!
após vertê-la dentro de alguma casca de coco,<extra_id_0>,inaîagûasu apepûera amõ pupé i nhang'iré
"Muito devagar ele o mata (lit, não se mostra ele finalmente matando-o)",<extra_id_0>.)),Nd'e'i ymûanĩ ahẽ i îukábo
Qual é teu nome?,<extra_id_0>,Marãpe nde rera?
Eu sou (ou estou) doido,<extra_id_0>.,Xe 'angaingaíb
Livra-nos tu,<extra_id_0>,Oré pysyrõ îepé
"Atravessam suas mãos, assim como seus pés, sobre a cruz pregando meu Senhor",<extra_id_0>.,"Îaîpó-asá-sá i py resebé, krusá sosé nhẽ xe Îara moîá"
"Ah, quem me dera comer veneno para que eu morresse!",<extra_id_0>.,A'u temõ mba'eaíba mã a'emo nhẽ xe re'õû
"Os que não acreditavam nele trabalharam em conjunto, ficando a flechá-lo",<extra_id_0>,Serobîasare'yma potyrõû iî ybõîybõmo
"Tenho medo, tremo!",<extra_id_0>,"Asykyîé, aryryî!"
"Arrependendo-se de seus pecados, deplorando-os",<extra_id_0>.,"O angaîpaba moasŷabo, seroîasegûabo"
Como será que um habitante do inferno viveria neste mundo se Deus o fizesse viver fora dali um mês?,<extra_id_0>.,Marãeté'ĩ ra'umope amõ Anhanga ratá pora rekóû ikó 'ara pupé oîepé îasy Tupã ebanoĩ suí o moingobérememo?
"Assim como a gente reconhece o dia dos santos, do mesmo modo, também, até mesmo seus ossinhos a gente cultua, tendo-os no pescoço",<extra_id_0>.,"Oîabo asé santos 'ara kuabi, oîabo bé asé i kangûerĩ tiruã momba'etéû, o aîuri serekóbo"
"Grita tu, lamenta-te!",<extra_id_0>!,"- Nde rasẽ, eîeapirõ!"
Ele tem a água esgotada,<extra_id_0>.,Ty-pab
"Ao chegar o oitavo dia, cortaram seu prepúcio",<extra_id_0>,Mokõî oîoirundyk oito 'ara sykeme i 'apira mondoki
minha barba branca,<extra_id_0>.,xe rendybaá-tinga
"Eis que estorvas muito tua vida, dificultando-a",<extra_id_0>,"Ereîmoarûabeté ã nde rekó, i moabaípa"
Cheguei (por terra),<extra_id_0>,Agûasem
"Isso é que deve ser bem amado, isso verdadeiramente",<extra_id_0>.,"Aîpó saûsukatupyra, aîpó anhẽ"
"Sobre grelhas de moquear, de ferro, assaram-no",<extra_id_0>,Moka'ẽ itá îurá 'arybo sesyri
Estava muito satisfeito na morada deles,<extra_id_0>,Xe apysy-katu sekoápe
Faze-me tu valente,<extra_id_0>.,Xe mopyatã îepé
"Ah, quem me dera eu fosse para o céu!",<extra_id_0>.,Asó temõ ybakype mã!
Eu tenho catarata,<extra_id_0>.,Xe resaoby
"Vinde, levai os malditos, erguendo-os, para sapecá-los em nosso fogo, tostando-os bem",<extra_id_0>.,"Peîori, perasó muru, supi, îandé ratápe sapeka, saîmbé-katûabo"
"Olhe bem que, por isso mesmo, o maldito ataca o homem",<extra_id_0>.,Nd'e'i te'e moxy keteté abá ropenhana
Riscaram todo o teu corpo com ferro pontiagudo,<extra_id_0>,Opá nde reté raíri itatîãîa pupé
Eu enfeio minh'alma,<extra_id_0>,Xe xe 'anga aîmomoxy
"capim que fica estalando, junco",<extra_id_0>,kapi'ĩ-pururuka
Suas túnicas ficando a rasgar,<extra_id_0>.,O aobusu mondoró-ndoroka
"Em que direção eram, pois, meus atos passados?",<extra_id_0>.,Marangoty-pakó xe rekopûera é?
Vivendo como se estivessem unidos,<extra_id_0>,T'oîese'ar-y berame'ĩ oîkóbo
Todos vão em procissão,<extra_id_0>.,Opabenhẽ gûá sóû îebyîebybo
Fiz taipa de pilão,<extra_id_0>.,Aybysosok
Muito escura é a alma do que não é batizado,<extra_id_0>,O pytumimbykamo nhẽ nhemongaraibypyre'yma 'anga rekóû
Obedece bem a mulher a seu marido ao encarregá-la de boas coisas?,<extra_id_0>.,Osapîá-katupe kunhã o mena tekó-katu resé o pûaîme?
Sendo mau,<extra_id_0>,O angaîpabamo
por aqui,"<extra_id_0>.,ловна",kóbo
espiga dele,<extra_id_0>.,sara
Vai neste dia,<extra_id_0>! <extra_id_10>!,Osó kó 'ara pupé
"Fui ao encontro do meio das águas (isto é, para o alto-mar)",<extra_id_0>,Y pytera asopenhan
São Pedro puxou a espada,<extra_id_0>.,S Pedro itangapema osekyî
A seu pai somente o homem obedece?,<extra_id_0>.,Og uba anhõpe abá osapîá?
Meteste a mão nas partes erógenas de teu próximo?,<extra_id_0>?,Erepo'ẽpe nde rapixara rapupé resé?
"Tu foste gabola, lembrando-te de coisas más?",<extra_id_0>,-Nde nhe'engapaparaípe mba'epoxy resé nde ma'enduaramo?
estando eu,<extra_id_0>.,gûitekóbo
pau do casco (da canoa),<extra_id_0>.,apé-'yba
Eu tenho pintas,<extra_id_0>.,Xe pinim
"E a mim é que faz vir hoje para vos empurrar, enxotando-vos desta sua terra",<extra_id_0>,"Xe-te xe mboú kori pe moanhana, pe mondóbo ikó setama suí"
"Qual era, mesmo, o nome dele?",<extra_id_0>.,Marã-takó ahẽ rera?
Consolas teu pai e tua mãe em suas aflições?,<extra_id_0>.,Ereîmoîekosupe nde ruba nde sy sekotebẽsaba ri?
"farinha puba, farinha d'água, ou seja, de mandioca curtida, que se espremia no tipiti e que se passava pela urupema",<extra_id_0>,u'i-puba
Acreditas em falsas oferendas ou em pajelanças?,<extra_id_0>?,Ererobîápe îetanonga'uba koîpó karaimonhanga?
velha maldosa,"<extra_id_0>.,ловна <extra_id_12>",gûaîbĩ-marã
"Ao passar minha família, tu cuidavas dela",<extra_id_0>,"Xe anama gûatasápe, nde morerekoá sesé"
"Logo então a cruz ergueram, fincando-a?",<extra_id_0>,A'eîbépe ybŷá cruz mo'ami i atykábo?
Que pareçam juntar-se como um só,<extra_id_0>.,T'oîese'ar-y berame'ĩ oîepekaturamo
buraco das orelhas tapados,<extra_id_0>.,apysakûá-îe'o
Escapuli das mãos dele,<extra_id_0>.,Aîpomogûab
Não cozendo sequer sua comida,<extra_id_0>.,O emi'urama tiruã moîybe'yma
Eu tenho olhos tortos,<extra_id_0>.,Xe py-bang - Eu tenho os pés tortos Xe resá-bang
cacos de pedra,<extra_id_0>,itá-pesembûera
"lugar em que o sol se põe, poente, oeste",<extra_id_0>,kûarasy reîkeaba
Procedo conforme tua palavra,<extra_id_0>.,Aîkó nde nhe'enga rupi
"miolo, tutano de osso",<extra_id_0>,kanga putu'uma
Tomei emprestada a canoa do índio,<extra_id_0>,Aîporu abá ygara
Fazendo-a estar como presa de Aguaixaí,<extra_id_0>.,Agûaîxay rembiaramo i moingóbo
"o que está no pote, o conteúdo do pote",<extra_id_0>.,kamusi-pora
Fico a espojar-me,<extra_id_0>.,Anhemonduby-ndubyr
"A mãe de Deus, a que me ameaça",<extra_id_0>,"Tupã sy, xe momburûara"
"Por os levarem os padres, não os amo",<extra_id_0>,"Abaré ogûerasoápe, n'asaûsubi"
"Tu mentiste acerca de teu próximo, difamando-o?",<extra_id_0>.,Nde remo'emype nde rapixara resé i moerapûanaípa?
Acreditaste nas mentiras de alguém?,<extra_id_0>.,Ererobîápe abá remo'ema?
propondo ser bom,<extra_id_0>.,xe katurama momboîa
Fico a espojar-me,<extra_id_0>.,Aîeré-îereb
"Eu não sou resistente, eu não sou firme",<extra_id_0>.,Na xe popyatãî
Livrou-a do pecado primeiro em que Adão nos pôs,<extra_id_0>.,I pysyrõû tekoangaîpabypy Adão îandé nongaba suí
trucidador,<extra_id_0>.,morapitîara
"Cumpriste as palavras de teu confessor, a auto-flagelação, os jejuns?",<extra_id_0>.,"Ereîmoporype nde monhemombegûara nhe'enga, nhenupã, îekuakuba?"
Lamentando terem nascido de suas mães,<extra_id_0> de <extra_id_10>,O sy suí o 'aragûera moasŷabo
A canoa já está pronta,<extra_id_0>.,I aûîé umûã ygara
Geração da alegria,<extra_id_0>.,Toryba nhemonhangaba
Desemporcalhei-o,<extra_id_0>,Aseîkûaru'umbok
"Sim, eis aqui também minhas garras, meu rabo comprido, meus ganchos",<extra_id_0>.,"Îé, kó bé xe pûapẽ, xe rûaîpuku, xe tyãîa"
Defeco,<extra_id_0>.,Apoti
Todos os que confessou com os que escondeu voltará a confessar,<extra_id_0>,O emimombe'upûera o emikuakugûera irũmo bé i mombe'uîebyrine
As juntas de seus ossos afastando umas das outras,<extra_id_0>.,I kanga îepotasaba pe'abo o îosuí
"Alegrai-vos, meus filhos, por minha causa",<extra_id_0>.,"Pe rory, xe ra'yretá, xe ri"
"Virá de novo Jesus Cristo do céu, futuramente?",<extra_id_0>.,Our-y bépe irã Îesu Cristo ybaka suíne?
Antigamente estes habitantes da aldeia sob minhas mãos estavam,<extra_id_0>,Akûeîme kó tabygûara xe pó gûyrybo sekóû
Estando a destilar coisa muito amarga,<extra_id_0>,Mba'e-rob-eté tuku-tuku okûapa
"Melhor que isso me seria, pois, morrer",<extra_id_0>.,I xosémo nã ky xe re'õ
"Ai, por mais que eu esteja procurando alguma pousada, irra, faz-me sair sempre da aldeia o padre",<extra_id_0>,"Akaî! Aseká îepé mytasaba amõ gûitekóbo, erĩ!, xe mosẽ memẽ taba suí abaré"
"Excitaste-o, querendo expelir teu sêmen?",<extra_id_0>,Ereîkapyrokype nde ra'y-pupuka potá?
Vestir os nus,<extra_id_0>,Ikatupendûara moaoba
"Eu tenho roça própria (isto é, que não faço com os outros)",<extra_id_0>,Xe kó-é
grande folha caída,"<extra_id_0>.,ловна ",sobûerusu
curtinho,<extra_id_0>.,asangĩ
E também as esposas de seus filhos,<extra_id_0>.,Ta'y-taty abé
Aqueles outros grandes chefes em ti confiam,<extra_id_0>,Amõaé tubixá-katu nde resé oîerobîá
Por isso mesmo os escravos festejam este dia,<extra_id_0>,Nd'e'i te'e miasûbetá ikó 'ara momoranga
eixo da roda de madeira que gira (no engenho de açúcar),<extra_id_0>,ybyrá-pararanga agûeá
"Assa-me o Lourenço tostado, embora eu seja um rei",<extra_id_0>.,"Xe resy Lorẽ-ka'ẽ, xe morubixaba biã"
Cumpri minha palavra,<extra_id_0>.,Aîmopor xe nhe'enga
Esbofeteei suas nádegas,<extra_id_0>,Sebira aîpetek
Faça-se tua vontade,"<extra_id_0>.,ловна ",T'onhemonhang nde remimotara
Toleraste as pessoas em sua crença no pajé?,<extra_id_0>,Ereîmorype abá paîé rerobîaragûama resé?
Eu sou Sauiaetá Famoso é meu nome,<extra_id_0>.,Ixé Saûîaetá Serapûã xe renõîndaba
Esbofeteando suas faces,<extra_id_0>,Setobapé sosoka
Eu sou Sauiaetá Famoso é meu nome,<extra_id_0>.,Ixé Saûîaetá Serapûã xe renoĩndaba
"Deus ama-te muito, enchendo-te de graça",<extra_id_0>.,"Tupã nde raûsubeté, graça ri nde moynysema"
"Muito bem, então! Que venha",<extra_id_0>!,"Aûîebeté, rõ! T'oú"
Vim ainda agora,<extra_id_0>.,Aîu ramõ
Eis que teu filho me fez mudar de idéia,<extra_id_0>,Xe resaekoabok ikó nde ra'yra
Confundindo as aldeias desde a Galiléia,<extra_id_0>,Taba moapaîugûá-îugûábo Galilea suí-katu
querendo que a canoa passe adiante,<extra_id_0>.,ygara kûabĩ potá
Tu mesmo dizes isso,<extra_id_0>.,Endé é aîpó eré
Uma criancinha és (ou na condição de uma criancinha estás),<extra_id_0>.,Pitangĩnamo ereîkó…
"flor de planta, flor (em geral)",<extra_id_0>,ybotyra
A felicidade no céu,<extra_id_0>.,Ybakype toryba
Nós somos gêmeos,<extra_id_0>,Kõîgûera oré
O que é comum é aquela mulher quebrar em pedaços nossas cabeças,<extra_id_0>.,Sekoaba'e kûé kunhã oré akanga i apiti
"Mesmo vingando-se dos que o maltratam, o homem transgride a palavra de Deus?",<extra_id_0>.,-Ogûerekomemûãsara resé oîepyka tiruãpe abá Tupã nhe'enga abyû?
Como estas são vossas casas? -Diferem muito,<extra_id_0>.,-Anga îápe pe roka? -Oîkoé-katu
Eu sou muito manchado,<extra_id_0>.,Xe rabará-barab
Anunciando os acontecimentos futuros,<extra_id_0>.,Tekorama mombegûabo
Vamos comigo,<extra_id_0>.,T'îasó xe irũnamo
Detestas completamente suas obras?,<extra_id_0>?,Ereroŷrõ-mbápe sekó?
Hei de flechá-lo!,<extra_id_0>,T'aîybõne!
"Será que estais sossegados, sem mais, nos vossos montes de maldades?",<extra_id_0>.,Pe apysykĩ serã peîkóbo pe rekomemûã aty-atyra pupé?
Minha coragem ainda existe,"<extra_id_0>.,ловна",Oîkó bé xe taŷaíba
Não nos deixes tu fazer cair em tentação,<extra_id_0>.),Oré mo'arukar umẽ îepé tentação pupé
Eu fico salivando,<extra_id_0>.,Xe rendy-rendy
Dirigi-a,<extra_id_0>,Asebikok
"Eu não tenho visão, eu sou cego",<extra_id_0>.,Na xe resapysóî
"Aproximando-se da morte, suou bastante",<extra_id_0>,"Te'õ rerobyka, syaî-tekatu"
Para que sejamos dignos do que Cristo prometeu,<extra_id_0>,T'oré angaturãne Cristo remienõîûera resé
Resgatei os índios,<extra_id_0>.,Aporepŷan apŷaba
"Retiraram-no para o pátio, colocando uma cruz no ombro dele",<extra_id_0>,"Okarype senosemi, cruz nonga i ati'yba ri"
O pão que apanhou em suas mãos devolveu-o como seu corpo e o vinho como seu sangue,<extra_id_0>.,"Miapé o pópe o emiîara i moîebyû o etéramo, kaûĩ og ugûyramo"
"Eis que também minhas presas hei de dar algumas para ti, para que quebres suas cabeças",<extra_id_0>.,"Kobé xe rembiaretá t'ame'ẽne amõ endébo, i akanga t'ereîoká"
"A cruz, lugar em que se pregou a Cristo, Nosso Senhor, os judeus a enterraram",<extra_id_0>,Cruz Cristo Îandé Îara moîaragûera îudeus otym erimba'e
"Eia tu, avante!",<extra_id_0>,Nde katunhẽ
Ser chamado ladrão é característica do homem mau,<extra_id_0>.,Sereroĩmbyra abá-mondá apŷabaíba rekoaba é
Hoje mesmo,"<extra_id_0>.,ловна",Kori é
Mas ele não era Deus?,<extra_id_0>.,Na Tupã ruã-tepe a'e?
"Eis que, como está no céu, Nosso Senhor está dentro do pão",<extra_id_0>.,"Akó ybakype ogûekó îakatu, Îandé Îara rekóû miapepûera"
Eu tenho os buracos da orelhas tapados,<extra_id_0>),Xe apysakûá-îe'o
"Ele, após crescer, entregou-se aos homens maus, fazendo-se matar na cruz, estirado",<extra_id_0>.,"A'e o kakuab'iré, i nheme'engi apŷabaíba supé, oîeîuká-uká ybyraîoasaba resé i moatãmbyramo"
Aticei-o,<extra_id_0>,Asapynhang
Faze fugir o diabo,<extra_id_0>,Eîmonhegûasem anhanga
Logo no terceiro dia voltou a viver,<extra_id_0>,Ara mosapyra riré bé sekobeîebyri
dor (em sentido genérico),<extra_id_0>,mba'e rasy
"de dia, todo o dia",<extra_id_0>.,arybo
"Igualmente a morte está entre os moços e entre os velhos, não distante",<extra_id_0>.,"Oîoîá te'õ rekóû kunumĩgûasu suí tuîba'e suí bé, n'apûéî"
Que esteja comigo também ao estar eu em ocupação,<extra_id_0>.,Xe irũnamo bé t'oîkó marã xe rekóreme
Hospedo-me com Pedro,<extra_id_0>.,Apytá Pero resé
Pu-los em enfiada,<extra_id_0>.,Asysybõ
"Eu sou o grande tamoio Aimbirê, uma sucuriju",<extra_id_0>," Xe tamuîusu Aîmbiré, sukuriîu"
Ele se lembra,<extra_id_0>.,I ma'enduar
"Muito bem, eis que aqui estou, trazendo para ti estes siris",<extra_id_0>,"Auîebeté kó aîkó, ndébo ko siri reru"
Não hei de estar na maldade diante dele,<extra_id_0>.,Aîkó umẽpe mba'epoxy resé sobaké ká
A gente não come carne de caça no dia de jejum,<extra_id_0>.,Nd'o'uî asé so'o îekuakuba 'ara pupé
Como disse a seu pai antes de morrer?,<extra_id_0>.,Marã e'ipe og uba supé o îekyî'îanondé?
Pagou outrora por seu proceder assim?,"<extra_id_0>.,ловна",Osepyme'engype erimba'e emonã o ekoagûera?
"Vem, coisa fedorenta, coisa nojenta, borá, maritacaca, sanguessuga, tamarutaca!",<extra_id_0>.,"Eîori, mba'enem, mba'e-poxy, mborá, miaratakaka, sebo'i, tamarutaka!"
"Depois disso, hoje vamos quebrar as cabeças dos reis",<extra_id_0>,A'e ré kori îasó tubixaba akanga kábo
Fui sem resultado,<extra_id_0>.,Asó biã
Os reis apressados junto ao nenenzinho vieram,<extra_id_0>.,Reîá-anhẽ  pitangĩ supé oú
A seus olhos eu hei de estar,<extra_id_0>.,Sesápe xe rekóû re'ĩ
Eu tenho criações,"<extra_id_0>.,ловна",Xe reîmbab
"intervalo de água, ilha",<extra_id_0>.,y-pa'ũ
cara de onça,<extra_id_0>.,îagûarobá
Mas os aracajás deleitam-se com eles,<extra_id_0>,Arakaîá-te ombory
Muito a propósito a gente comemorará bem esse dia,<extra_id_0>.,A'eboé ebokûé 'ara asé oîmoeté-katune
estando tu por longo tempo preguiçoso,<extra_id_0>,nde ate'ỹ-mukuramo
certo homem branco nobre,<extra_id_0> ,amõ karaíba mosakara
"Eu não queria vir (mas vim), irando os homens brancos",<extra_id_0>.,"Xe n'aîu-potari biã, karaíba moabaîtébo"
nó da garganta,<extra_id_0>,aseó-kytã
Eu sou certeiro,<extra_id_0>,Xe pûakatu
Não perdoa,<extra_id_0>.,N'i nhyrõî
"Aprende acerca da palavra de Deus, em que crerá",<extra_id_0>,Onhembo'e Tupã nhe'enga o emierobîarama resé
Ainda bem que aprendeu,<extra_id_0>.,Iîá oîembo'ebo
Fiquei-o esfregando com gordura,<extra_id_0>,Aîkyty-kytyk mba'e-kagûera pupé
"Se o que tem relações sexuais com uma solteira ou por ela se atrai transgride muito a palavra de Deus, tanto mais o que perverte uma casada ou o que se atrai por ela",<extra_id_0>.,"Mene'yma resé oîkoba'e abiã koîpó sesé onhemomotaryba'e oîaby-eté Tupã nhe'enga, memetipó mendara momoxysara koîpó sesé nhemomotasara"
"Na verdade, três vezes negarás ser meu discípulo antes de o galo cantar duas vezes",<extra_id_0>,Mosapy ipó xe boîáramo nde rekó ereîkuakub mokõî gûyrá sapukaî' e'ymebéne
Ajuntam-se,<extra_id_0>,Oîerobyk
"Urdiste mentiras contra alguém, envergonhando-o, fazendo-o ser tratado como mentiroso?",<extra_id_0>,Eresekyîpe îuraragûaîa abá supé i motĩamo nhe'engabamo serekó-uká?
"Não tendes ouvidos, como de costume",<extra_id_0>.,"Na pe apysáî, îandu"
Fujo,<extra_id_0>.,Aîabab
Descreve tua terra para mim,<extra_id_0>.,Emombe'u nde retama ixébe
"Estas rãs, que as comas em retribuição por isso",<extra_id_0>,Ikó îu'i t'ere'u sepy resé
antes de irem para lá,<extra_id_0>,a'epe o só îanondé
Ao lado de sua própria mãe a criança está deitada,<extra_id_0>,O sy posé pitanga ruî
Eu sou curto,<extra_id_0>.,Xe apûa'ĩ
Há algum homem na condição de seu substituto?,<extra_id_0>.,Oîkobépe amõ abá sekobîaramo?
Acordo de madrugada,<extra_id_0>.,Îeîbé apak
"Vem, compadecedor de mim",<extra_id_0>.,Eîori xe poraûsubara
Dei-o em troca,<extra_id_0>.,Sekobîaramo aîme'eng
"Serão muito fedorentos, serão muito podres, corroídos de vermes e de bernes",<extra_id_0>.,"I nemeté, i tuîuketé, tasoka, ura remimongûyamone"
Amarrei-me o cabelo,<extra_id_0>.,Aîe'a-maman
o que sofre febre,<extra_id_0>,akanunduka porarasara
Rejo pessoas,<extra_id_0>,Aporoerekó
Vou-me esconder!,<extra_id_0>!,Asópe ûinhemima ká!
Que experimentemos a força dos homens conosco,<extra_id_0>,T'isa'ang apŷaba marã îandé irũ
Eis que aí ele vai,<extra_id_0>.,Ebokûeî i xóû
É terrível para mim vê-los,<extra_id_0>.,I abaeté sepîaka ixébo
Estive assentado no tronco de uma árvore,<extra_id_0>.,Ybyrá-ypype aín
"o que caça, caçador",<extra_id_0>.,ka'amondoara
É muito belo o teu nome,<extra_id_0>.,I porãngatu nde rera
Afastará os que são maus dos que são bons?,<extra_id_0>,Oîpe'ape i angaîpaba'e i angaturamba'e suíne?
Quem me dera eu o fizesse estar deitado comigo assim!,<extra_id_0>.,Nã temõ ixé serubi mã!
cova de sepultura,<extra_id_0>,Tyby-kûara
somente um bocado,<extra_id_0>.,oîepé îuru nhõ
íngua de virilha,<extra_id_0>.,akó-a'ynha
"Salve Rainha, mãe de misericórdia, vida, a que é doce",<extra_id_0>.,"Salve Rainha, moraûsubara sy, tekobé, se'ẽba'e"
Lambi-o,<extra_id_0>.,Asereb
"Verdadeiramente, eis aqui teu caminho, aquele que tu procuras",<extra_id_0>,Anheté kó nde rapé a'e nde remiekara
De modo algum,<extra_id_0>,-N'asé ruã-tepe o emi'urama oîmonhang? - Aani - Mas não é a gente que faz sua comida?
Não foi à toa,<extra_id_0>.,Na tenhẽ ruã
Fazendo-me enxergar,<extra_id_0>.,Xe moma'ẽmo
Dar de beber aos sedentos,<extra_id_0>,Useîbora mbo'y'u
Não me dá possibilidade,<extra_id_0>.,Na xe mo'ekatuî
"No caso de ser difícil frustrar-se essa minha morte, que não se faça minha vontade",<extra_id_0>.,"Aîpó xe re'õnama rambûera abaíme, t'onhemonhang umẽ xe remimotara"
Que eu me lave a boca,<extra_id_0>.,T'aîeîuru-eî
Bem sozinho estou,"<extra_id_0>.,ловна",Oîepebẽngatu aîkó
Mas são eles os que mandam fazer cauim,<extra_id_0>,A'e-te kaûĩ pûaîtara
Não se afligem os outros?,<extra_id_0>,N'oîkotebẽî amõba'e
Mencionaste o nome de alguém para o padre?,<extra_id_0>.,Ereîmombe'upe abá rera abaré supé?
Resgatar os cativos,<extra_id_0>.,I momiaûsubypyra renosema
Tenho-o no meu pescoço,<extra_id_0>.,Xe îuri arekó
"Por teres misericórdia, nossa alma visitas",<extra_id_0>.,"Moraûsuberekosápe, asé 'anga ereîosub"
Os que assim dizem,<extra_id_0>,Nã e'iba'e
esse outro,<extra_id_0>.,kûé amõaé
Não há nada errado,<extra_id_0>.,N'i tybi mba'e-memûã
Eu não tenho dentes,<extra_id_0>.,Na xe rãî
Eu sou maior que tu,<extra_id_0>.,Ixé nde sosé
Eu tenho muito preço,<extra_id_0>.,Xe repy-etá
poleiro de aves,<extra_id_0>.,gûyrá-kesaba
Por que Deus os deu para a gente?,<extra_id_0>.,Mba'erama resépe Tupã i me'engi asébe?
Como disse aos seus três discípulos após sua entrada no horto?,<extra_id_0>.,Marã e'ipe o boîá mosapyr supé mitỹme o iké ré?
o que é (ou deve ser) enforcado,<extra_id_0>,i îubykypyra
armação de leito,<extra_id_0>.,inimbebytá
O sol eclipsa-se,<extra_id_0>,Kuarasy onhemoputun
Nós somos gêmeos,<extra_id_0>,Oré kõî
Para o padre contá-lo-á para que o anuncie na igreja,<extra_id_0>,Abaré supé i mombe'uû Tupãokype seronhe'engaûama rine
Dia muito bom,<extra_id_0>!,Arangaturameté
Eu tenho o sangue escorrido,<extra_id_0>.,Xe rugûy-syryk
Que farão no céu?,<extra_id_0>,Marãpe sekóû ybakypene?
Não comas este fruto que me é reservado,<extra_id_0>.,E'u umẽ ikó 'ybá xe rekoate'ỹmbaba
Estou em cilada,<extra_id_0>,Kotype aîub
Querem afugentar-te,<extra_id_0>,Nde monhegûasẽ-motá
Eu permaneço seu guardião,<extra_id_0>.,Aîkobé n'ixé sarõana
"Na verdade, três vezes negarás ser meu discípulo antes de o galo cantar duas vezes",<extra_id_0>,Mosapy ipó xe boîáramo nde rekó ereîkuakub mokõî gûyrá sapukaî'e'ymebéne
O que Cristo deixa como chefes dos cristãos batizados,<extra_id_0>.,Cristãos i mongaraibypyra tekokuaparamo Cristo remieîara
Tomaste poção querendo o aborto de teu filho?,<extra_id_0>.,Eremosangu'upe nde membyra akyrara potá?
"as porções miúdas dela, o refugo dela",<extra_id_0>.,i akytãmbûera
Compadeci-me dele,<extra_id_0>,Aîmomboreaûsub
Torno a trazer a roupa,<extra_id_0>,Aroîebyr aoba
Fiquei-o simulando,<extra_id_0>,Aîmorã-moran
Estive por longo tempo,<extra_id_0>.,Ymûanĩ xe rekóû
"Aimbirê, vem diante de mim! Apressa-te!",<extra_id_0>,"Aîmbiré, eîori xe robaké! Nde apûan!"
Talvez queira agarrar-me novamente este pássaro grande,<extra_id_0>.,Xe pysy-potar-y bé serã kó gûyragûasu
"Ah, quem me dera eu tivesse ido!",<extra_id_0>,Asó me'ĩmo mã!
"Isto era muito preto, de fato",<extra_id_0>.,Moroũ-mbyry nakó
Afirmamos que isso é o que deve ser enaltecido,<extra_id_0>.,Îamombe'u aîpó i momorangymbyra
Não brigarão?,<extra_id_0>.),- Nd'omarãmonhangi xópene?
Defequei (ou fui defecar),<extra_id_0>.,Aka'apîasó
Oxalá ele viesse!,<extra_id_0>,Our be'ĩmo mã!
Impedem os casamentos,<extra_id_0>,Mendara omoarûab
Tu te alegras quando um homem apalpa teus seios?,<extra_id_0>?,Nde rorype nde kama abá sungáreme?
Nós estamos bem arrasados,<extra_id_0>.,Oré tygûé-katu
Dá também Deus neste mundo algumas coisas aos que são bons?,<extra_id_0>.,Oîme'eng-y bépe Tupã ikó 'ara pupé mba'e amõ i angaturamba'e supéno?
"Embora me evoques os atos, daqueles arrependi-me, bem resgatando-os também",<extra_id_0>.,"Xe rekoekyî îepé, a'epûera aîmoasy, i mboepykatûabo bé"
Em que lado porá os que são bons?,<extra_id_0>.,Marangotype i angaturamba'e nongine?
Cada vez que tem medo da morte,<extra_id_0>.,Te'õ suí o nheangu îabi'õ
Nós somos muitos,<extra_id_0>,Oré retá
"Arrepiando-te, o desejo sensual aumentou teus olhos?",<extra_id_0> sensual,"Enhemopiringa, moropotara nde resá moîo'arype?"
"Atacamo-los, prendemo-los, antes que se consolem",<extra_id_0>.,"Îasepenhan, îaîpysyk, i apysyk' e'ymebé"
Estando como seu guardião (ou sendo seu guardião),<extra_id_0>,Serekoaramo ûitekóbo
"Logo, vencendo os temiminós, habitantes daqui, frequentá-los-ei",<extra_id_0>,"Koromõ keygûara temiminõ moaûîébo, asapekóne"
A cada dez dar um como quinhão de Deus,<extra_id_0>,Opá kó mbó îabi'õ moîepé me'enga Tupã potabamo
"Revelou-se a eles somente, alegrando-os",<extra_id_0>.,Oîepîakukar i xupé nhõ i moesãîa
Eis que ela é minha companheira,"<extra_id_0>.,ловна",Xe irũ a'e ã
Vivo na virtude,<extra_id_0>,Aîkó tekokatu resé
Querendo nossa preocupação com o futuro estado de nossa alma,<extra_id_0>.,Îandé 'anga rekorama resé îandé putupaba potá
Lavro as madeiras,<extra_id_0>.,Aybyrá-pan
"o que anuncia as coisas, o pregador",<extra_id_0>.,mba'e rerosapukaîtara
logo que vim,<extra_id_0>.,xe rura rupibé
"Tão logo ao sair a alma da gente de seu próprio corpo, seu envoltório, Deus a julga",<extra_id_0>.,"Ogûeté suí, o uru suí, asé 'anga sẽme bé, Tupã sekomonhangi"
"pedra de afiar que gira, pedra de afiar de barbeiro",<extra_id_0>.,itaky-nhatimana
Curaste os doentes,<extra_id_0>.,Eremombûeîrá mara'abora
Constantemente,<extra_id_0>.,-Mba'e-mba'eremepe asé îeruréû i xupé? -Îepi nhẽ - Em que ocasiões a gente reza para eles?
Eram bons na totalidade quando Deus começou a criá-los?,<extra_id_0>.,I angaturam sykype erimba'e Tupã o monhang-ypyreme?
Tu foste desonesto com alguma irmã verdadeira de tua esposa?,<extra_id_0>,Nde poxype nde remirekó asykûereté amõ resé?
Para afugentar o diabo,<extra_id_0>,Anhanga monhegûasemagûama resé
Minha pele tem titinga,<extra_id_0>,Xe tĩ-titing - Meu nariz tem titinga Xe py-titing - Meus pés têm titinga Xe pi-titing
"Enfim, esses temiminós não acatam a lei de Deus",<extra_id_0>,"Aûîé, kó temiminõ nd'ogûari Tupã rekó"
Teço roupas,"<extra_id_0>.,ловна ",Aaó-pyasab
"à flor d'água, na superfície da água",<extra_id_0>,y-apé 'arybo
Tinjo-o de vermelho (com urucu),<extra_id_0>.,Aîpitu-pyrang
Ele sempre vai,<extra_id_0>.,Memẽ nhẽ i xóû îepi
os dons do Espírito Santo,<extra_id_0>.,Espírito Santo remime'enga
seu fechamento,<extra_id_0>.,i 'o
Em vão crêem em ti,"<extra_id_0>.,ловна",E'i tenhẽ nde rerobîá
Como estava Jesus quando ele o fez sair?,<extra_id_0>?,Marãete'ĩpe Jesus o enosẽme?
"pelos dias, a cada dia","<extra_id_0>.,ловна",ara rupi
Enfileiramo-nos,<extra_id_0>,Oroîoysyrung
Tu trouxeste tua esposa?,<extra_id_0>,Nde ererupe nde remirekó?
A gente não se esquece do que é saboroso só na aparência,<extra_id_0>,Seba'e-a'uba nhote resé asé na sesaraî
Eu tenho a carne trêmula,<extra_id_0>.,Xe ro'o-sysyî
Eu sou fibroso,<extra_id_0>.,Xe raîu-raîu
Pelo menos eu,<extra_id_0>.,Ixé te'ĩé
"Ainda bem que, ainda outrora, repeli meus pecados",<extra_id_0>.,Aûîetéramo erimba'e bé xe angaîpagûera aîpe'a re'a
Os padrinhos junto ao padre ou a outra pessoa não podem casar-se com o que batizaram,<extra_id_0>.,Abaré koîpó amõ abá pyri morerokarûera nd'e'ikatuî omendá gûemierokûera resé
"Deleitando-se com as escravas ruins, não quiseram vir aqui",<extra_id_0>.,"Tapuîpé-poxy mborypa, tupotare'ymi iké"
Eu estava ainda cansado,<extra_id_0>.,Xe pûeraî mbyté
"pedaço de roupa, retalho de pano",<extra_id_0>,aopesembûera
Enquanto eu o levo,<extra_id_0>.,Ixé serasó remebé
O que conta os pecados escondidos de alguém,<extra_id_0>.,Abá angaîpá-nhemima oîmombe'uba'e
Por causa de sua crença nele não duvidando,<extra_id_0>,Serobîara resé o akasange'ymamo
Mas não tentam esses aprender sempre?,<extra_id_0>?,N'osa'angi-te-p'akó nhembo'e ko'arapukuî?
Ele está boquiaberto,<extra_id_0>.,I îurupukĩ ahẽ oîkóbo
Aqueles serão saciados,<extra_id_0>.,A'eba'e i moytarõmbyramo sekóûne
"Atravessei-o, sem mais (sem entrar nem pousar)",<extra_id_0>,Asasá-benhẽ
"Assim que pôs sua alma em seu corpo, Deus a preservou",<extra_id_0>,"I 'anga seté pupé i mondepa bé, Tupã i pe'aû"
"É muito, com efeito, o grande zelo",<extra_id_0>,Setá nhẽ kunu'umusu
Já se juntaram por causa disso muitos moços bebedores de cauim,<extra_id_0>,Onheŷnhang umã sesé kunumĩetá kagûara
Igualmente guarda vossa terra,<extra_id_0>,Oîoîá osarõ nhẽ pe retama
"Eu sou rechonchudão (isto é, de corpo muito largo)",<extra_id_0>,Xe asangusu
"empenadura de flecha, isto é, penas de asas de pássaros que eram atadas às flechas",<extra_id_0>.,u'upepó
A dança é que é boa,<extra_id_0>.,Moraseîa é i katu
Afastai-vos daquele que eu guardo!,<extra_id_0>.,Pepo'i xe remiarõ suí!
Está molestando as pessoas,<extra_id_0>.,Oporomoaîu oîkóbo
"Por isso mesmo a gente, então, o louva assim que o vê",<extra_id_0>,Nd'e'i te'e asé a'ereme i moetébo sepîaka bé
Que vá (com ênfase),"<extra_id_0>.,ловна",T'e'i osóbo
Não morarás com tua gente?,<extra_id_0>,Nd'ereîkóî xópe nde anama irũmo?
"São Sebastião também, o que cuidava das guerras, destruiu os tamoios, os valentes",<extra_id_0>.,"São Sebastião abé, marana rerekoarûera, tamũîa, kyre'ymbagûera, omombab erimba'e"
Enruguei-me,<extra_id_0>,Anhynhyng
Mas livra-nos tu das coisas más,<extra_id_0> ,Oré pysyrõ-te îepé mba'e-aíba suí
Que tipo de coisa será que é isto?,<extra_id_0>?,Marãba'ep'iã ri?
Que venha para nos curar,<extra_id_0>.,T'oú îandé posanonga
três ou quatro anos após os enterrarem,<extra_id_0>,mosapyr koîpó oîoirundyk seîxu ybŷá o tym'iré
"Eis aqui meus chifrões, meus dentes Sim, eis aqui também minhas garras",<extra_id_0>,"Kó xe 'akusu, xe ranha Îé, kó bé xe pûapẽ"
A chuva ficava amanhecendo a cair,<extra_id_0>,Oky-ko'ẽ-ko'ẽ amana
Temos nossas coisas comuns,<extra_id_0>.,Îarekó îandé îomba'e
Voa para longe de nós,<extra_id_0>.,Obebé îandé suí
Para nos ensinar a orar a Deus,<extra_id_0>.,Tupã mongetá resé îandé mbo'ebo nhẽ
Abarquei-o,<extra_id_0>,Aîubykatã
Faço minha futura casa,<extra_id_0>.,Aîmonhang oka - Fiz uma casa Xe rokûama aîmonhang
"Meu senhor, eis que eu não sou digno para que entres em meu coração",<extra_id_0>.,"Xe îar, na xe angaturami ã a'emo ereîké xe py'ape"
Doador de nossa vida,<extra_id_0>.,Îandé rekobé me'engara
Cortei um pedaço,<extra_id_0>.,Asykûera aîasy'ab
No meio dos anjos fê-la subir,<extra_id_0>,Karaibebé pyterype supiri
Nesta noite tomou início,<extra_id_0>.,Kó pytuna ri sy-ari
Verdadeiros amaldiçoadores de Deus no fogo te assaram,<extra_id_0>,Tupã momburûareté tatá pupé nde resyri
Contar aos homens a futura felicidade deles,<extra_id_0>.,Abá supé sekokatusagûama mombe'u
Tiveste relações com uma virgem também?,<extra_id_0>?,Ereîkópe kûare'ymano resé?
"Por te fazer trabalhar um homem branco, trabalhaste num dia que deve ser guardado?",<extra_id_0>?,"Karaíba nde moporabykŷápe, ereporabykype 'ara i momba'etepyra pupé?"
Terá a mulher ciúmes de seu marido?,<extra_id_0>.,Sygûyrõpe kunhã o mena reséne?
"remédio contra dor de picada de cobra, antídoto contra veneno de cobra",<extra_id_0>.,mboîasy-posanga
"Na verdade hei de me enfeitar, pretejando-me",<extra_id_0>.,"Aûîeté pakó, aîegûak ûinhemoúna"
Apazigua seu filho que está irado,<extra_id_0>.,O membyra i nhemoŷrõba'e oîmonhyrõ
buraco do chão,<extra_id_0>.,yby kûara
eco de minhas palavras,<extra_id_0>.,xe nhe'ẽ-'anga
na sua preocupação com torpezas,<extra_id_0>,poxy resé o nheangerekosápe
Eu estou-me amancebando,<extra_id_0>.,Xe agûasá gûitekóbo
Eu sou antigo filho de Jetuú,<extra_id_0>.,Xe Îetu'u ra'yrûera
Deste veneno para uma mulher grávida?,<extra_id_0>?,Ereîme'engype mosangygûaba kunhãmuru'abora supé?
"Embora ele fosse nosso pai primeiro, o que (lhe) foi dito foi ""-Não comas este fruto""",<extra_id_0>.,"Aûîeté a'e îandé rubypy, ""-E'u umẽ ikó 'ybá"" 'îagûera"
"Cortei-lhe a garganta, degolei-o",<extra_id_0>,Aîaseó-kytĩ
Não haverá outra comida?,<extra_id_0>.,N'i tybi xûépe amõ mi'u?
Aguei-a,<extra_id_0>,Aîamõ
"na ponta da rede, no punho da rede",<extra_id_0>,api anhãî
Eu hoje (quero) o lombo deles,<extra_id_0>.,Xe kori i pyîaso'o
"do lado de fora dele (pex, de um vaso, de algo que tenha lado interior e exterior)",<extra_id_0>.,i apé koty
Eu sou habilidoso,<extra_id_0>,Xe kyre'ym
Semelhante a que coisa era o suor dele?,<extra_id_0>?,Mba'e abyare'ymape syaîa?
por quê?,<extra_id_0>.,mba'e resé?
"Estando nós no amor de Deus, a verdadeira felicidade temos",<extra_id_0>.,"Tupã îoaûsuba pupé îaîkóbo, tekokatu-eté îarekó"
Arranquei o miolo dele,<extra_id_0>.,Aîputu'umbok
Assei-me,<extra_id_0>,Aîyb
"Jesus Cristo, o juiz",<extra_id_0>.,"Îesu Cristo, tekomonhangara"
Hei de vê-lo,<extra_id_0>,T'asepîáne
"E por outra parte, semelhantemente, o próprio mar será mais terrível do que é seu costume, fazendo as ondas grande estrondo",<extra_id_0>,Kokoty paranã aé rame'ĩ o abaetéramo erimba'e gûekoagûera sosé yapenunga ryapugûasuramo
Que fez neste mundo depois que cresceu?,<extra_id_0>,Marãpe sekóû ikó 'ara pupé o kakuab'iré?
Somos vizinhos uns dos outros,<extra_id_0>,O îoamundabamo oroîub
"Ficando a esperar ansiosamente a morte (Ar, Cat, 158v) Korikorinhẽa'ub 'ara repîaki, i moanhẽmo - Deseja logo ver o dia, ficando ansioso por ele",<extra_id_0>.,Te'õ moanhẽ-anhẽmo
Vai à fonte,<extra_id_0>.,Kûãî 'ype
Levo-o na sua trela,<extra_id_0>,I xama ri arasó
Que vá Guaixará para o fogo!,<extra_id_0>!,Gûaîxará t'osó tatápe!
Eis que enfim já chega!,<extra_id_0>!,Aûîé ã ko'yté!
"Eis que, na verdade, esse ato é o que tem o dom de nos fazer fracassar",<extra_id_0>.,Anhẽ ã aîpó tekó îandé mopanem-y-îara
"tempo, lugar, modo, etc de tocar, de bater",<extra_id_0>,mopûaba
Lembrando-se dele assim que acorda,<extra_id_0>,Opaka bé sesé o ma'enduaramo
Onde Deus está?,<extra_id_0>.,Mamõpe Tupã rekóû?
"Aos tapuias trouxe as velhas de além de Magueá Então, fiquei descansado",<extra_id_0>.,Tapuîpe gûaîbĩ aru amõ Magûeá suí A'ereme aputu'u
"Mandando fazê-los embarcar numa arca de madeira, semelhante a um navio",<extra_id_0>,"Ybyrá karamemûã, ygarusu nungara pupé i mo'ar-uká"
o batizado,<extra_id_0>.,i moîasukypyra
Faz-me sair sempre da aldeia o padre,<extra_id_0>.,Xe mosẽ memẽ taba suí abaré
"tempo, lugar, instrumento, causa, modo, companhia, etc de matar",<extra_id_0>,îukasaba
Não desiste nosso inimigo de sempre nos tentar,<extra_id_0>.,N'i apori oré sumarã îepinhẽ oré ra'anga
"Mas os doentes a comem, bem certamente",<extra_id_0>.,Mba'easybora-te aîekatu i 'uû
Tu mesmo és causa de teu dano,<extra_id_0>,Endé aé ereîekûá
Não são sem consequências os teus pecados,<extra_id_0>.,Na sa'ubi nde rekopoxy
Cura-se às vezes,<extra_id_0>.,Opûerab amõnume
"Taquari e Tapera, que está diante dela, acreditam em mim",<extra_id_0>,"Takûary, sobaîygûara, Tapera, xe rerobîá"
O peixe é-me enjoativo,<extra_id_0>.,I ting pirá ixébo
"Eia, levemos adiante deles esta muçurana",<extra_id_0>,"Ene'ĩ, t'îarasó senondé kó musurana"
Em nossa testa põe a cruz e sobre nosso coração também,<extra_id_0>,Asé sybápe cruz moíni asé nhy'ã 'arybo bé
Seu fiho já nasceu,<extra_id_0>.,I membyra o'ar umã
Espero-o no seu caminho,<extra_id_0>.,Asapearõ
"Tu queres ser mau Hás de ir, pois, para teu fogo",<extra_id_0>,Nde poxy-potar-a'ub T'eresó rõ nde ratápe
Grudei penagens nele,<extra_id_0>.,Aîgûaîaý-moîar
E de que maneira é homem verdadeiro como nós?,<extra_id_0>.,A'epe marã apŷabetéramo sekóû îandé îabé?
"Enfim, os moços escondem seus muito maus procedimentos",<extra_id_0>,Aûîé kunumĩgûasu o ekó-aíbeté oîomim
Conforta-me tu,<extra_id_0>,Xe moapysyk îepé
"Envergonha-se o sol, nascendo, diante de teu brilho",<extra_id_0>,Otĩ kûarasy osema nde beraba robaké
Confessaste-te antes de nascer teu filho?,<extra_id_0>,Erenhemombe'upe nde memby-kuî îanondé?
Maltratando-o todos os seus súditos,<extra_id_0>.,O boîaetá pabẽ serekomemûãmo
Não cometas furto,<extra_id_0>.,Emondarõ umẽ
"Eles, na verdade, em três pessoas se distinguem, na união de seu único ser divino",<extra_id_0>.,"A'e anhẽ mosapyr pessoaamo i îa'oki, oîepé og ekó-karaíba îese'ara pupé nhẽ"
Mostrando-o aos judeus,<extra_id_0>,Îudeus supé sepîakuká
Um servo do príncipe esbofeteou sua cara,<extra_id_0>,Morubixaba boîá amõ osobá-petek
Eu sou coxo,<extra_id_0>,Xe pyte'em
palavras desatinadas,<extra_id_0>.,nhe'ẽ-tekokugûabe'yma
"Eu, em vez disso, quero presas em alguns bêbados",<extra_id_0>.,"Xe-te, xe rembiá-potá sabeypora amõ resé"
Quantas vezes o homem transgride aquele (mandamento) após atrair-se por uma mulher ou após conversar com ela enquanto não toca nela?,<extra_id_0>.,Mbobype abá aîpoba'e oîaby kunhã resé onhemomotar'iré koîpó i mongetá roîré sesé o byke'yma pukuî?
Digo mal dele,<extra_id_0>,Aîmombe'uaíb
"Arruinei a todos, fazendo-os roubar também",<extra_id_0>.,"Aîmomoxy pabenhẽ, i momondarõmo bé"
Dizem que fui?,<extra_id_0>,Asó serãne ra'e?
Quem cumpre aquele (mandamento)?,<extra_id_0>.,Abápe aîpoba'e oîmopor?
homem membrudo,<extra_id_0>.,abá-tubixaba
Como um galo te deitas,<extra_id_0>.,deitar-se - Gûyrá-sapukaîa îabé ereîetu'u
"Fá-los-ei correr comigo, fá-los-ei voar comigo",<extra_id_0>,"Anonhan, arobebéne"
"Contando-o, digo-o e desdigo-o",<extra_id_0>.,Arekorekó i mombegûabo
Eu hei de vingar-te,<extra_id_0>,Ixé t'oroepyk
"Eu, o diabão assado",<extra_id_0>.,"Xe, anhangusu-mixyra"
Ficando a tomar poções para não se gerar uma criança,<extra_id_0>.,Pitanga nhemonhanga suí oîeposanõ-sanonga
Visito os aposentos dos índios,<extra_id_0>.,Aîosub abá koty
extremidades de minhas mãos,<extra_id_0>.,xe pó apyra
chefes valentes,<extra_id_0>.,morubixá-mosakara
cantinho dela,<extra_id_0>.,sûá'ĩ
Para honrar a Deus,<extra_id_0>.,Tupã moeteagûama resé
Que vá toda a minha doença para longe de minha alma,"<extra_id_0>.,ловна",T'osó-pá xe mara'ara kûepe xe 'anga suí
Não são muitos meus pecados,<extra_id_0>.,Na setáî xe angaîpaba
"Teus pecados estando a aumentar, com efeito",<extra_id_0>,Nde rekomemûã rumõ-rumõmo nhẽ
daqui a pouquinho,<extra_id_0>.,koromõ-apyri'ĩ
Eu sou calvo,<extra_id_0>,Xe 'apytereb
Quais as novidades? Quais as novas?,<extra_id_0>.,Marãpe moranduba?
Fogo em que se elimina a dívida de nossos pecados,<extra_id_0>.,Tatá asé angaîpaba repy mondykaba
"Eu não tenho boca cuidadosa (isto é, sou destemido em falar)",<extra_id_0>.,Na xe îuruposykyîéî
"Arranca-te o nome por causa dos malditos, para que sejas muito famoso",<extra_id_0>,Eîerok moxy resé ta nde rerapûãngatu
Se eu o mandasse,<extra_id_0>,Aîmondó-momo
"Veio de novo, achando-os novamente no sono",<extra_id_0>.,Our benhẽ i kera pé nhẽ obasemano
Não trabalhamos neste dia,<extra_id_0>.,N'îaporabykyî kó 'ara pupé
Eu sou hábil em assim agir,<extra_id_0>,Xe popy'i emonã gûitekóbo
vara,<extra_id_0>.,ybyrá'ĩ
Que coisas quer o diabo?,<extra_id_0>.,Mba'e-mba'epe Anhanga oîpotar?
Eu estou morno,<extra_id_0>.,Xe rakubaíb
Parece flutuar,"<extra_id_0>.,ловна ",Obebuî-berame'ĩ
Fiquei em pranto,<extra_id_0>.,Aîase'o-rekó
Por isso mesmo quiseram igualar-se todos a seu criador?,<extra_id_0>.,Nd'e'i te'e serã oîemoîoîá-pá-potá o monhangara resé?
Desceu para o meio da terra,<extra_id_0>.,Ogûeîyb yby apyterype
"pedra de amolar que gira, pedra de barbeiro",<extra_id_0>,itakynhatimana
Estou tendo polução,<extra_id_0>,Apu-apuk
Estou na medida,<extra_id_0>,Taé a'e
Tiro a sua ferrugem,<extra_id_0>.,Aîkytyngok
linha grossa de pescar,<extra_id_0>.,pindasã-muku
gordura de animal,<extra_id_0>.,mba'e-kagûera
Não trouxeste foices?,<extra_id_0>.,N'ererupe îyapara?
as crianças que completam dois anos,<extra_id_0>,pitanga mokõî ro'y omoaûîeba'e
"Após resgatares bem tuas maldades antigas, que te regozijes muito com a virtude",<extra_id_0>.,"Nde rekomemûãagûera repyme'ẽngatu roîré, t'ereîekosubeté tekoporanga resé"
"Sim, esses me satisfazem",<extra_id_0>,"Îé, aîpó xe moytarõ"
Afasta-te! Vai-te daqui já!,<extra_id_0>.,Eîepe'a! Ekûá ké suí ra'a!
"os que foram seus companheiros, seus ex-companheiros","<extra_id_0>.,ловна",irũmbûera
"Rapei-lhe o queixo, barbeei-o",<extra_id_0>.,Asendybá-apin
"Como seus discípulos procederam, vendo tratar assim a seu senhor?",<extra_id_0>.,Marãpe i boîá rekóû emonã o îara rerekó repîaka?
Compadece-te de nós,<extra_id_0>.,Oré raûsubá îepé
Resisti-lhe (defendendo-me),<extra_id_0>,Anheran i xupé
"Tão logo ouvindo o teu nome, o diabo está tremendo",<extra_id_0>,"Nde rera rendupa abé, anhanga ryryî okûapa"
Devem amar-se muito os que se casaram um com o outro?,<extra_id_0>,Oîoaûsu-katupe amẽ oîopopysykyba'epûera?
"No caso de o desejares muito mesmo, que se faça (tua vontade)",<extra_id_0>.,"Nde i potasábo-katu é, t'onhemonhang"
Não! Estou bêbado,<extra_id_0>! <extra_id_10>!,Aanumẽne! Asabeypó
Para nos honrarem os índios fazem festa,<extra_id_0>,Îandé moetébo apŷaba nhemosaraî
"Não acabam os desejos sensuais, a lascívia, as maledicências",<extra_id_0>,"N'opabi moropotara, tesãînana, marã'é"
Vamos ao seu caminho,<extra_id_0>.,T'îasó sapépe
Derrubei-o,<extra_id_0>,Aîaparaîtyk
Eu estou debilitado,<extra_id_0>.,Xe aíb
Mas minha sujeira era muita,<extra_id_0>.,Xe ky'a-te turusu
"Mas apanha, antes, meu chefe!",<extra_id_0>,Eîá-te xe rubixaba!
Faze perdoar a nós,<extra_id_0>.,Emoîerekûab orébo
"Eis que meu corpo não está disposto, amolecendo",<extra_id_0>.,"Xe reté ã n'oîkoetéî, omembeka"
"Para confortar a tua alma, nós o ficamos abraçando",<extra_id_0>,"Nde 'anga moapysykápe, oroîaîubã-îubã"
"Vamos, devagar, para fazer o assalto, para queimar a terra dos malditos",<extra_id_0>.,"T'îasó, mbegûé, îapu'ama, t'ixapy moxy retama"
Sujei-o de visgo,<extra_id_0>,Anhomong
"Ah, eu fui muito pecador!",<extra_id_0>.,Xe angaîpabeté'ĩ ra'u mã!
o tradutor do padre,<extra_id_0>.,abaré nhe'engerekoara
"""Ah, coitadinho de mim"" é o que é ouvido aí",<extra_id_0>,"""Xe poreaûsubeté'ĩ mã!"" sendubypyramo a'epe"
Vou de madrugada,<extra_id_0>.,Îeîbé asó
A multidão de nós afastando,<extra_id_0>.,Îandé retá îandé pe'abo
Arranca-te o nome por causa dos malditos,<extra_id_0>.,Eîerok moxy resé
"O nome da terra deles é Mboijy, ali assando-os e comendo-os",<extra_id_0>.,"Setama rera Mboîy, a'epe i moîypa, i gûabo"
"São João criancinha, estando no ventre, ao perceber tua vinda, ficou saltando",<extra_id_0>,"São João pitangĩ, tygépe o endápe, nde rura andupápe, o por-oporĩ"
meu soltar de grunhidos,<extra_id_0>,xe kororõ-pysyrõ
Olha para nós!,<extra_id_0>.,Ema'ẽ oré resé!
Que a gente evoca diante dele como sua esperança?,<extra_id_0>.,"Mba'epe asé osenõî i xupé, o îerobîasabamo?"
"Os habitantes do céu, mais ainda, estão bem felizes",<extra_id_0>.,Ybaka porá-tene sory-porang
Aumentaram as riquezas para mim,<extra_id_0>.,Ono'ong mba'e ixébo
Como diz a gente antes de dormir?,<extra_id_0>.,Marã e'ipe asé o ké îanondé?
1) quê? que dizes? (como o que não entendeu bem o que outrem disse ou respondendo ao que chamou),<extra_id_0>.,marã-pipó?
"Estão em grande número, são muitos",<extra_id_0>,Tyk e'i
Retirei-a,<extra_id_0>,Ano'ẽ
Eu sou libertina,<extra_id_0>,Xe resaeté
Com eles os animais e os pássaros ajuntarei para destruí-los,<extra_id_0>.,Sesé so'o gûyrá aîmoîese'a i mokanhemane
Por que a gente põe a cruz na testa?,<extra_id_0>,Marãnamope asé o sybápe îoasaba moíni?
Aparei-lhe o topete,<extra_id_0>,Asetobapy-etab
Ainda que eu fosse,<extra_id_0>.,Îepémo asó
cutelo de ferro,<extra_id_0>,itá-kysegûasu
Vereis também futuramente minha vinda sobre as nuvens,<extra_id_0>,Pesepîak irã ybytinga 'arybo xe rura béne
"Tu mesmo és causa de teu dano, querendo revirar minha casa",<extra_id_0>.,Endé aé ereîekûá xe roka pobu-potá
"Sua mãe não teve dor de parto, não sangrou, não ficou doente",<extra_id_0>.,"I xy n'i membyrasyî, nda sugûyî, n'i mara'ari"
fazendo os homens ficarem espiando,<extra_id_0>,abá momanhã-manhana
Estareis aflitos hoje,<extra_id_0>,Peporeaûsu korine
O proferir das ladainhas,<extra_id_0>,Ladainhas ra'angaba
Saiu para o pátio chorando muito dolorosamente,<extra_id_0>,Osem okarype oîase'o-asykatûabo
Uniram-se os homens maus,<extra_id_0>,I îasear apŷabaíba
"No meio da terra fazendo um fogo inextinguível, que não se apagará",<extra_id_0>,Yby apyterype tatá-amororé ogûeba'erame'yma monhanga
"no meio de, no centro de",<extra_id_0>,pyteri
Eu estou desinchado,<extra_id_0>.,Xe rurunhyng
"Assim, desta maneira, na verdade, a gente subirá para o céu, após lançar fora seu grande peso",<extra_id_0>.,"Nandé rakó asé îeupiri ybakypene, o posyîusu reîtyk'iré"
recipientes de pólvora,<extra_id_0>,mokaku'i-uru
O que tem a bem-aventurança é o que não agride,<extra_id_0>.,Tekokatueté rerekoara onherane'ymba'e
É para mim terrível vê-los,<extra_id_0>.,I abaeté sepîaka ixébo
Em meio de campo repartindo-os,<extra_id_0>.,Nhũ-myterype i mbo'îabo
Meus antigos e grandes pecados farei sair,<extra_id_0>.,Xe angaîpá-tubixagûera amosẽne
Eu sumi de vista,<extra_id_0>.,Xe apykanhem
Parece investir nossa carne contra nossa alma,<extra_id_0>,Onharõ-berame'ĩ asé ro'o îandé 'anga resé
Eu sou muito pecador,<extra_id_0>.,Xe angaîpab-eté
os habitantes do céu,<extra_id_0>,ybakygûara
Essas serão as que tu assarás,<extra_id_0>.,Aîpó nde remixyrama
"o que tem fama, o que é famoso",<extra_id_0>.,serapûanyba'e
Convenço-o,<extra_id_0>.,Aîmoapapub
"Esse, enfim, não é diferente da cobra",<extra_id_0>.,Aîpoba'e-tene n'oîabyî mboîa
"Já chega, certamente!",<extra_id_0>!,Aûîé ipó!
"Por isso mesmo os moços, por os convidarem os chefes, entram sempre no lugar de beber cauim",<extra_id_0>,"Nd'e'i te'e kunumĩgûasu, morubixaba o sogûápe, oîkébo memẽ kagûápe"
"Como, então, futuramente, os homens dirão, invocando-o, ao circundarem-nos muitíssimos inimigos?",<extra_id_0>.,Marã e'ipe irã abá a'ereme tobaîá-katupabẽ o amaneme sekyîabone?
Afio-a,<extra_id_0>,Asaembe'e
"Vem, coisa fedorenta!",<extra_id_0>,"Eîori, mba'enem!"
"filho bastardo, filho do amante",<extra_id_0>,agûasá membyra
Retirei as amarras dele,<extra_id_0>,Aîmamã-rok
"Um ou outro, porventura, foi mau, às vezes",<extra_id_0>.,"Oîepé-ĩombé, nipó, i angaîpab amõme é"
"Queimou tua alma o fogo dele, descendo",<extra_id_0>,Nde 'anga osapy satá ogûeîypa
Agitamo-nos,<extra_id_0>,Orondururuk
Não ficou ninguém no lugar da batalha,<extra_id_0>.,N'opytáî amõ abá maranápe
Eu tenho um nervo encolhido,<extra_id_0>,Xe raîyîeapar
"rapaz (por desprezo, pejorativo)",<extra_id_0>,kunumĩ-a'uba
Aoba -Marãba'e? -Pykasu-aba -Que trouxeste dentro de tua caixa? -Roupas -De que tipo? -De pena de pomba,<extra_id_0>?,-Mba'epe ereru nde karamemûã pupé?
Eu sou airoso,<extra_id_0>.,Xe katu
Furo orelhas,<extra_id_0>.,Anambi-kutuk
Ofereci-lhes comida,<extra_id_0>,Asemi'u-erekûab
"Finjo que o levo, faço que o levo",<extra_id_0>,Arasó-rasó-a'ub
Dei-o à luz,<extra_id_0>.,Aîmo'ar
Toquei-o,<extra_id_0>,Anhatõî
mãos entorpecidas,<extra_id_0>,pó-e'õ
Está pronto o guaitacá ou o filho do guaianá?,<extra_id_0>?,Sekoaûîépe gûaîtaká koîpó gûaîanã ra'yra?
Estamos pertinho um do outro,<extra_id_0>.,O îoambyî oroîub
Para julgar todos os que vivem e os que morreram,<extra_id_0>.,"Oîkobeba'e, omanõba'epûera pabẽ rekomonhanga"
homem muito entendido,<extra_id_0>.,abá-tekokugûá-katu
miolos de cabeça,<extra_id_0>,a-putu'uma
Faço as coisas devagar,<extra_id_0>.,A'é umanĩ mba'e monhanga
Da mesma forma que fulano matou alguém há tempos,<extra_id_0>.,Mba'enakó ahẽ amõ îukáû akûeîme
querendo ir tu para o lado de gente,<extra_id_0>.,mosé esó-potá
Assim hoje procederei,<extra_id_0>.,Emonã kori aîkóne
Tudo faz a aldeia pecar!,<extra_id_0>!,Opá taba moangaîpabi!
com uma pedra,<extra_id_0>.,itá pupé
ficando a confundir as pessoas,"<extra_id_0>.,ловна",o poromonã-monana
Urdiste mentiras contra alguém?,<extra_id_0>.,Eresekyîpe îuraragûaîa abá supé?
"É no final da missa que entras sempre, manifestamente consciente?",<extra_id_0>.,"Missa mondykápe épe ereîké îepi, nde îesûere'yîpe?"
Este pajé ruim tem espírito protetor,<extra_id_0>.es,Supixûar ikó paîé-angaíba
"Vomitaste cauim, brigando por causa dele?",<extra_id_0>,"Ereîmoîebype kaûĩ, sesé nde apore'ymamo?"
Meu braço perdeu a sensibilidade,<extra_id_0>,Omanõ xe îybá
"Nunca acaba de comer, não come fulano completamente as coisas",<extra_id_0>,Nd'o'u-apyî ahẽ mba'e
Está pronto o guaitacá?,<extra_id_0>,Sekoaûîépe gûaîtaká?
Rezando a ele no tempo de sua aflição,<extra_id_0>.,I xupé o ekotebẽsaba resé oîerurébo
Tornando notórios os vícios das pessoas,<extra_id_0>.,Abá rekopoxy mosãîa
Eles mandariam enforcá-los?,<extra_id_0>,A'emo oîubyk-uká?
Tu tiveste para alguém palavras que violentam?,<extra_id_0>,Nde nhe'ẽ-poroîukaípe abá supé?
Eu sou modesto,<extra_id_0>.,Xe kunusãî
Saí há pouco dele,<extra_id_0>.,Asẽ amo'ĩ i xuí
Pegou-se firmemente sua roupa com que ele foi castigado às suas chagas?,<extra_id_0>.,Oîar-atã serã i aoba i nupãsagûera i moperé-perebagûera resé?
Tiveste amizade com um homem pecador?,<extra_id_0>?,-Ereîekotyápe abá-angaîpaba resé?
A maldade fez feder minha alma,<extra_id_0>.,Xe 'anga omonem tekoangaîpaba
"Se uma coisa que é muito saborosa enjoa, comendo-a muito, eis que tanto mais tu expelirás o que não é coisa boa",<extra_id_0>.,"Mba'e sekatuba'e abiã oîmoting i 'uetébo, memetiã nde nda mba'e-katu ruã euĩ ereîmo'ẽ"
Quando a guerra for aquilo que é justo,<extra_id_0>.,Marana supikatundûaramo sekóreme é
"Muito bem, pois! Hei de comer todo o banquete de Jacaré-guaçu!",<extra_id_0>.,"Aûîebeté, rõ! T'a'u pá Îakaregûasu pepyra!"
Empurra-o para seu fogo,<extra_id_0>.,Oîmoanhã satápe
"Não tem limite, não tem fim","<extra_id_0>.,ловна","-N'i sykabi, n'i papabi"
Apalpaste teu ventre para matar teu filho?,<extra_id_0>,Eresungápe nde rygé nde membyra îukábo?
Bebi água,"<extra_id_0>.,ловна <extra_id_12>",A'y-'u
Cortei madeira,<extra_id_0>.,Aybyrá-kytĩ
É coisa que falta,<extra_id_0>.,Mba'e angaba'eamẽ
"Que a Maria alegremos, a lei do diabo repelindo",<extra_id_0>,"Maria t'îambory, Anhanga rekó reîyîa"
"Por isso mesmo, até a terra que a gente pisa detesta os cadáveres daqueles",<extra_id_0>,Nd'e'i te'e yby asé purungaba tiruã aîpoba'e re'õmbûera reroŷrõmo
Espremi o sumo dela,<extra_id_0>,Anhamĩ - Espremi-o Aty-amĩ
"Isso é referente a mim, isso é o que me concerne",<extra_id_0>,Xe resendûara ebokûea
Invocam as mulheres o pajé Caruara,<extra_id_0>,Osekyî kunhã maîé Karûara
"Eu mesmo sou quem o queimou, no tempo em que ele vivia",<extra_id_0>.,"Ixé aé sapysarûera, sekobeaba resé"
os daqui,<extra_id_0>,keygûara
Limpo-o de ferrugem,<extra_id_0>.,Aîkytyngok
Puxa-o rijamente!,<extra_id_0>!,Esekyî-atã!
Mais que todas as coisas dolorosas que estão neste mundo,<extra_id_0>,Opakatu ikó 'ara pupîara mba'easy sosé
Por longo espaço de tempo ele se deteve,<extra_id_0>.,Ymûanĩ ahẽ rekóû
Sendo mãe de Deus é que ela é a causa verdadeira da bondade dele,<extra_id_0>.,Tupã syramo oîkóbo é i angaturambabetéramo sekóû
algumas e poucas vezes,<extra_id_0>.,amõme nhõ
Comeste terra?,<extra_id_0>.,Ere'upe yby?
Eu tenho o rabo cortado,<extra_id_0>.,Xe rûaîasyk
Uma notícia chegou-me aos ouvidos,<extra_id_0>.,Xe apysakûaraby moranduba
"Acredita, meu padrinho, hão de te apresar hoje",<extra_id_0>.,"Erobîá, xe rubangaba, ta nde moembiá kori"
var de argola de penas,<extra_id_0>,aûã-myranga
"Aqui os homens estão, na verdade",<extra_id_0>.,Ké abá rekóû anhẽ
"Transgridem muito a palavra de Deus os que se casam, traindo-se um ao outro?",<extra_id_0>,Oîaby-etépe omendaryba'e Tupã nhe'enga o îosuí omondarõmo?
Por que põe sua saliva no nariz da gente?,<extra_id_0>,Mba'erama ripe asé tĩme o endy moíni?
Chegou a nós sua luz para sempre,<extra_id_0>.,Osyk oré ri sendy îepi nhẽ
Dia de guarda e de jejum,<extra_id_0>,"Ara i pîasaba, îekuakupaba"
"Eu tenho corcova, eu estou corcunda",<extra_id_0>,Xe kupeasur
Mandam que os batizados honrem o domingo após Nosso Senhor o santificar com seu retorno à vida,<extra_id_0>,Domingo momba'eté-ukari i mongaraibypyretá supé o ekobé îebyragûera pupé Îandé Îara i mongaraib'iré
a união de Deus-Filho com nossa carne,<extra_id_0>,îandé ro'o resé Tupã-Ta'yra îemonana
Eu sou tísico,<extra_id_0>,Xe angaîbabîar
"Hei de ir para o rio dos paratis, ao bando dos tupiniquins",<extra_id_0>,"T'asóne parati'ype, tupinakyîa re'yîpe"
aquela cidade chamada Jerusalém,"<extra_id_0>.,ловна",akûé tabusu Îerusalém 'îaba
o desejo sensual que ele não torna costumeiro,<extra_id_0> sensual,moropotara semipokuabe'yma
Longamente irritando-se,<extra_id_0>.,Kype onhemoŷrõmo nhẽ
"Fiquei carregado com ele (isto é, carreguei-o, levei-o às costas)",<extra_id_0>,Ambosyî ahẽ resé
"o que é frito, a fritura",<extra_id_0>.,i mosyryrĩmbyra
"Isso é assim, certamente",<extra_id_0>.,Emonã ûĩ re'a
"cabeça ""enrugada"" (isto é, cabeça com cabelo PIXAIM, ou seja, de pessoa negra, carapinha)",<extra_id_0>,akangapixa'ĩ
"ambas estas mãos, o número dez",<extra_id_0>.,opá kó mbó
"Enchendo o mar, levantando-o bem acima do cume das montanhas",<extra_id_0>,"Paranã momungábo, ybytyra apyra sosé katu i mopu'ama"
Eu vou só,<extra_id_0>.,Ixé anhõ asó
"Nela (isto é, na cruz) morrendo crucificado",<extra_id_0>,Sesé i moîarypyramo omanõmo
"Desesperar-se-ão muito, certamente, os que são maus","<extra_id_0>.,ловна",I anhamãngatu nipó i angaîpaba'e-ne
"homem grosseiro, zombeteiro",<extra_id_0>.,abá-memûã
"cabeça baixa, desânimo",<extra_id_0>.,akã-gûyra
"Por isso mesmo, a pessoa que deseja a virtude mirra-se de corpo",<extra_id_0>.,Nd'e'i te'e abá tekokatu potasara gûo'opore'yma
O oposto da avareza é a liberalidade,<extra_id_0>,Tekate'yma robaîara tekate'yme'yma
"Guardai-vos de ser maus, doravante",<extra_id_0>,Peteumẽ pe poxyramo angiré
"Eu vim do rio dos paratis para ver a mãe de Deus, ficando a enfeitar-me",<extra_id_0>,"Xe Parati 'y suí aîu Tupã sy repîaka, gûinhemoîegûá-îegûaka"
O maldito não difere de uma arara,"<extra_id_0>.,ловна",Nd'oîabyî muru arara
prender tapuias,<extra_id_0>.,tapuîa rara
seu próprio corpo incorrupto,<extra_id_0>.,gûeté-marane'yma
"Coisa muito boa é a confissão, como modo de impedir, também, tua ida para o inferno",<extra_id_0>,Mba'e-eté anhẽ nhemombe'u Anhanga ratápe nde sorambûera morambûesabamono
"Se me mandasse, iria",<extra_id_0>,"Xe mondórememo, asómo"
"Que não conheçamos senão a Deus, nosso criador",<extra_id_0>,"T'îaîkuá-te Tupã, îandé monhangagûera"
"Ah, quem me dera o tivesse matado!",<extra_id_0>.,Aîuká me'ĩmo mã!
O homem que esconde algo,<extra_id_0>,Abá mba'e omimba'e
Ele é pequenino Ta'yrĩ'i-nhota'ub (ou Ta'yrĩ'i-a'ub) - Ele é pequenino,<extra_id_0>,Ta'yrĩ'ĩ
"o que é de cada dia, o que está ao longo dos dias",<extra_id_0>.,ara rupindûara
"Tomaste as coisas de alguém, o objeto do furto de teu próximo ou o que ele esconde?",<extra_id_0>.,"Ereîarype abá mba'e, nde rapixara mondarõagûera koîpó semimima?"
"Por conhecê-lo, agora amo-o",<extra_id_0>.,"A'e kuapápe, ko'y asaûsu"
Do nada fez nossa alma,<extra_id_0>.,Nama'eruã oîmonhang asé 'angamo
Anuncia os que serão casados na igreja nos feriados,<extra_id_0>.,Ogûeronhe'eng i mendarypyrama Tupãokype marãtekoabe'yma pupé
Furou também minha cabeça,<extra_id_0>.,Omombuk-y bé xe akanga
"Não era Deus Espírito Santo, mas um sinal da sua vinda",<extra_id_0>,"-Tupã Espírito Santo anhẽ a'e tatá? -Nda Tupã Espírito Santo ruã, tura îekuapaba é - Deus Espírito Santo era, na verdade, aquele fogo?"
imitando tua virtude,<extra_id_0>,nde rekokatu ra'anga
Parto,<extra_id_0>.,Aîepabok
"""sob o sono da bem alta noite"", isto é, nas horas mortas da noite, em que todos dormem",<extra_id_0>,pysaîé-katu ké-gûyrybo
O nosso chamado à mãe de Deus fá-lo sofrer muito,<extra_id_0>.,Tupã sy îandé senõîa oîmoasy-katu-eté
Turvei sua água,<extra_id_0>,Aîmo'ypiting
Os homens estão acostumados comigo,<extra_id_0>.,Apŷaba xe pokuá
Mas não é nossa pátria esta terra em que moramos?,<extra_id_0>,N'asé retama ruã-tepe ikó yby asé rekoaba?
Toco-a,<extra_id_0>,Aîopy
Ele está salgado demais,"<extra_id_0>.,ловна ",Se'ẽ-moxy
Tu não me detestas,<extra_id_0>.,Na xe reroŷrõî îepé
Por isso mesmo será só chorar sem parar,<extra_id_0>.,Nd'e'i te'e îase'o anhõ monhanga i mombyke'ymane
Devolve o objeto de seu furto,<extra_id_0>,Ogûeroîebyr o mondasagûera
"Vinde para comer a criança, o cuidado de Deus",<extra_id_0>,"Peîori pitanga gûabo, Tupana resaetá"
Obedecem-me bem os índios,<extra_id_0>.,Xe rapîakatu abá
o que é afamado por aí,<extra_id_0>,kûepe i moerapûanymbyra
Como diz a outra petição da gente?,<extra_id_0>?,Marã e'ipe amõaé asé îeruresaba?
Ele te chama particularmente,<extra_id_0>,Nde katu nde renõî
"em baixo, na lájea",<extra_id_0>.,ybype
Sei-o tão bem como tu,"<extra_id_0>.,ловна",Nde îabé ixé i kugûabi
Eu sou muito manchado,<extra_id_0>.,Xe pará-parab
Está pronto o goitacá ou o filho do guaianá?,<extra_id_0>,Sekoaûîépe gûaîtaká koîpó gûaîanã ra'yra?
Não mais amarei o diabo,<extra_id_0>,N'asaûsu benhẽî xûé Anhangane
Mostra o erro de minhas palavras,<extra_id_0>,Eîkuabe'eng xe nhe'engaipaba
Eu caí de sono,<extra_id_0>.,Xe ker-aparar
Sentou-se em público,<extra_id_0>.,Te'yîpe nhẽ i gûapyki
tipo de corte de cabelo dos índios (etim - cabelo de morcego),<extra_id_0>,andyrá-'aba
manchas brancas do cabelo,"<extra_id_0>.,ловна",a-titinga
"estorvo do anzol, isto é, corda com que se reata este",<extra_id_0>,pindá-aŷpypûasaba
A gente o faz ir em busca de padre também?,<extra_id_0>.,Abaré abépe asé oîpiamondó?
"Ah, se eu tivesse ido para o céu!",<extra_id_0>.,Asó me'ĩmo ybakype mã!
Uniu-se a nós,<extra_id_0>.,Îandé ri oîese'a
Era muito grande Por isso mesmo ficava caindo com ela,<extra_id_0>,Turusukatu Nd'e'i te'e sero'a-ro'a
Ela tem pecados variadíssimos,<extra_id_0>.,I angaîpá-pará-pará
O que Cristo deixa como chefes dos cristãos batizados,<extra_id_0>.,Cristãos i mongaraibypyra tekokuaparamo Cristo remieîara
muitíssimo rechonchudo,<extra_id_0>,asangusugûasu
Acaso o que será deixado é tudo?,<extra_id_0>.,Seîarypyrama ruã-tepe mba'e tetiruã kûáî?
"fonte, água perene",<extra_id_0>.,y-pabe'ymba'e
Entraste com ele em teu aposento?,<extra_id_0>,Ereroîképe nde kotype?
Os que confessou com os que escondeu voltará a confessar,<extra_id_0>,O emimombe'upûera o emikuakugûera irũmo bé i mombe'uîebyrine
Por isso mesmo tua grande sujeira estraga as almas dos índios,<extra_id_0>,Nd'e'i te'e nde ru'umusu abá 'anga momoxŷabo
"Mataram, na verdade, a outra pessoa que não aquele assassino",<extra_id_0>,Ahẽ morapitîarûera taté nhẽ anhẽ ybŷá oîuká
"Fi-lo apresador de mim (isto é, deixei-me vencer por ele)",<extra_id_0>,Aîmoembiaryîar ahẽ xe îoesé
Morro de morte natural,<extra_id_0>.,Te'õ suí amanõ
Deus-Pai,<extra_id_0>.,Tupã Tuba
Fiz-lhe uma gaiola,<extra_id_0>.,Asuru-monhang
Caí doente,<extra_id_0>.,Xe mba'easy-'ar
"Oh, que pena que meu pai morreu!",<extra_id_0>.,Omanõ tekatunheté xe ruba mã!
Logo ao ouvir o nome dela eu me escondo em outra parte,<extra_id_0>,Serenduba rupibé amongoty xe nhemimi
Cocei-o,<extra_id_0>,Ase'yĩ
Sorvi o caldo,<extra_id_0>,Aîty-kukur
Que as veja logo,"<extra_id_0>.,ловна",T'asepîak taûîé!
Para as armadilhas eles levam gente,<extra_id_0>.,Mundépe i porerasóû
Nas armadilhas fiz os malditos entrarem,<extra_id_0>.,Kotype muru amoingé
-Que é ungido de nós? -Nossas ancas,<extra_id_0>.,-Mba'e-mba'epe asé suí i pitubypyra? -Asé rumby
Eu somente nesta aldeia morava,<extra_id_0>! <extra_id_10>!,Xe anhõ kó taba pupé aîkó
Todos havemos de convidar,<extra_id_0>.,Pabẽ t'îaîxo'o
Não me acostumei,<extra_id_0>,N'aîepokuabi
Será que é um morcego?,<extra_id_0>.,Andyrá ruãpe é?
"Não faz efeito, às vezes, nosso remédio",<extra_id_0>.,Sarûab amõme asé posangygûaba
A morte é a ameaça daqueles que se casam verdadeiramente,<extra_id_0>,Te'õ a'e mendasareté momboîsabamo
Coze algum cauim,<extra_id_0>,Emoîyb kaûĩ amõ
Levando os peixes todos,<extra_id_0>.,Pirá mondóbo pá
Que vos lembreis deste dia em que descansei após terminá-las todas,<extra_id_0>,Ta pe ma'enduar ikó 'ara ixé i moaûîé pá roîré xe putu'uagûera resé
Os antigos inimigos de São Lourenço,<extra_id_0>.,São Lourenço rupîarûera
"Foi pregado na cruz, foi morto, foi sepultado",<extra_id_0>,"Ybyraîoasaba resé i moîarypyrûeramo sekóû, i îukapyrûeramo, i tymbyrûeramo"
Para o monte chamado Calvário,<extra_id_0>.,Ybytyra Monte Calvário 'îápe
o que está neste mundo,<extra_id_0>.,ikó 'ara pora
Vem para te compadeceres de nós,<extra_id_0>.,"Eîori, oré raûsubá"
Não pode o que não é padre fazer as coisas assim?,<extra_id_0>.,Nd'e'ikatuîpe abaréramo oîkoe'ymba'e emonã tekó monhanga?
O que acredita na dança do chocalho,<extra_id_0> ,Maraká poraseîa rerobîasara
Água é o que não tem essa ilha,<extra_id_0>.,Y angaba'eamẽ ebokûé 'ypa'ũ
Eu tenho bens,<extra_id_0>!,Xe mba'e
Não me enternecendo eu pelo que morreu para me resgatar,<extra_id_0>,Xe repyramo omanõba'epûera ri xe akyre'ymamo
Por acaso é o Lourenço tostado?,<extra_id_0>.,Rorẽ-ka'ẽ-piã?
Como será que um habitante do inferno viveria neste mundo?,<extra_id_0>.,Marãeté'ĩ ra'umope amõ Anhanga ratá pora rekóû ikó 'ara pupé?
"Mandando-o ir, sem problemas, não ages como o que estima teu imperador César",<extra_id_0>.,I mondóbo nhẽ nd'ereîkóî César nde rubixaba raûsuparamo
Eu mesmo pus gente no desejo sensual,<extra_id_0>.,Xe aé aporomoingó moropotara resé
Tu me atormentas,<extra_id_0>.,Xe usũî îepé
"Eu sou um espião, um velho poltrão",<extra_id_0>.,"Xe manhana, manembûera"
canoa de junco,"<extra_id_0>.,ловна <extra_id_12>",piripiri-ygara
"o sem-orelhas, coisa mocha",<extra_id_0>,nambie'yma
"Antigamente frequentavas nossa terra, amando-a",<extra_id_0>,"Akûeîme eresapekó oré retama, saûsupa"
Aqueles outros dois deverão ser tomados segundo a vontade das pessoas,"<extra_id_0>.,ловна",Abá remimotara rupi tarypyrama é amoaé mokõî
Hei de revirar seu ventre opilado!,<extra_id_0>.,T'aîpobu sygé-aponga!
tranca da porta,<extra_id_0>.,okena kokaba
Invocam ainda o pajé Caruara,<extra_id_0>,Osykyî mbyté paîé Karûara
São numerosos os que te procuram,<extra_id_0>,Se'yî nde rekasara
Lanço (à água) a canoa,<extra_id_0>.,Aro'ar ygara
na cintura,<extra_id_0>.,ku'aî
Eu sou furioso,<extra_id_0>.,Xe marãmotar
"E se dividirem seu sangue em pequenas partes, em cada uma delas está?",<extra_id_0>.,A'epe sugûy moîa'o-mirĩ-mirĩneme i îabi'õpe i kûáî?
Atei-lhe penas,<extra_id_0>.,Aîpepó-pûar
óleo de peixe,<extra_id_0>.,pirá-nhandy
Apresentei-o,<extra_id_0>,Arokûab
Fica! Somente quando bebes cauim tu queres ser valente?,<extra_id_0>,Epytá! Kagûápe nhõ nde ratãngatu-potá?
Segura-o por enquanto,<extra_id_0>.,Eîpysyk ranhẽ
Por isso mesmo não tinha maldade antes de se destinar para mãe de Deus- Filho,<extra_id_0>.,Nd'e'i te'e o poxye'ymamo Tupã-Ta'yra syramo o îe'o îanondé
Ai! Não há absolutamente servos meus,<extra_id_0>.,Akaîgûá! N'i tyb-angáî xe boîá
"Se o sol faz as pessoas terem muita sede, tanto mais estando no fogo as pessoas desejam beber",<extra_id_0>.,"Kûarasy abiã oporomo'y'useî-eté, memetaé tatápe oína abá o'useî-etéramo"
Mas eis que minha alma não está aflita,<extra_id_0>.,Xe 'anga-t'iã n'i marani
Fiz provisões dele,<extra_id_0>.,Asesemõ
Dorme ao lado de mim,<extra_id_0>.,Eké xe porupi
"Detestando seu pecado, a transgressão da palavra de Deus",<extra_id_0>,"O angaîpaba, Tupã nhe'enga abŷagûera reroŷrõmo"
maço de flechas,<extra_id_0>.,u'u-mana
Faço Pedro ter roupa,<extra_id_0>.,Aîmoaob Pedro
Ela está crua,<extra_id_0>.,I pyr
"Disseste ""-Oxalá eu o mate"", fazendo alguém ouvir?",<extra_id_0>.,"""Aîuká temomã"" erépe abá remiendubamo?"
"Enfim, esses temiminós não tomam a lei de Deus, não a amam, não a acatam",<extra_id_0>.,"Aûîé, kó temiminõ nd' ogûari Tupã rekó, nd'osaûsubi, n'omotybi"
Estou prestes a ir,<extra_id_0>,Oebyraîarinhote aîkó
Tenho-o por costume,<extra_id_0>.,Aîpokugûab
O oposto do desejo sensual é a pureza,<extra_id_0> sensual,Moropotara robaîara moropotare'yma
o que é felpudo,<extra_id_0>.,sabiîuakytãba'e
Eis meus chifrões,<extra_id_0>,Kó xe 'akusu
Em seu rosto ficando a cuspir,<extra_id_0>.,Sobá resé onhenomũ-nomuna
Assim deve ser,<extra_id_0>,Emonã ruãpe é
Uma coisa amarga misturaram com vinagre,<extra_id_0>,Mba'e-py'aûpîara kaûĩaîasy resé i monani
"Em reparação disso, mudaste-te de aldeia",<extra_id_0>.,"Sepŷápe, ereîakasó"
"Disseste falsamente que ele disse isso, sendo maledicente?",<extra_id_0>.,"""-E'i kó"" eré tenhẽpe nde îuruaíbamo?"
"Por causa disso, com efeito, agora o amo",<extra_id_0>.,"Aîpó resé nhẽ, ko'y asaûsu"
"Lava-o, fazendo brilhar meu coração",<extra_id_0>.,"Eîmoîasyk, xe py'a moberapa"
"cara ruim, mau humor",<extra_id_0>,tobasy
quinhão de Deus dízimo,<extra_id_0>,Tupã potaba
Cumpriste as palavras do governante da aldeia?,<extra_id_0>?,Ereîporakápe taba rerekoara nhe'enga?
"E não confessando ser parente verdadeira de seu marido, que acontece?",<extra_id_0>.,"A'epe o mena mũetéramo sekó mombe'ue'yma, marã?"
É certo isso! (aceitando como opinião própria),<extra_id_0>,Aûîé a'e!
Envelheço,"<extra_id_0>.,ловна",Akakugûabakatã
Eram compridas algumas cordas,<extra_id_0>.,Iîysapuku sama amõ
Que ouçam aquilo que tu dizes,<extra_id_0>,T'osendu aîpó nde 'é
Tomaste-o depois de comer ou depois de engolir alguma coisa?,<extra_id_0>.,Ereîápe nde mba'e 'u roîré koîpó mba'e amõ mokon'iré?
A água benta é o que faz abrandar também o que os doentes sofrem,<extra_id_0>.,Mba'easybora remimborará moarybé-ukasara bé 'ykaraíba
Que fazem conosco os que nos batizam?,<extra_id_0>,Marãpe asé rerokara asé rerekóû?
"É assim, porventura, que respondes as palavras do chefe?",<extra_id_0>.,Emonã-pipó morubixaba erenhe'engobaîxûar?
"Conhecendo a Deus, agora amo meu senhor Jesus",<extra_id_0>,"Tupana kuapa, ko'y asaûsu xe îara Îesu"
"Vim para ficar de vez (isto é, para morar)",<extra_id_0>,Gûitu aîur
"Junto do diabo lançando-os, com o qual queimará para sempre",<extra_id_0>.,Anhanga pyri seîtyka aûîeramanhẽ i kaîagûama
"Mas quem há semelhante a mim, desafiando até mesmo a Deus?",<extra_id_0>.,"Abá-tepe oîkó xe oîá, Tupã tiruã momburûabo?"
Diante de uma madeira a gente se inclina?,<extra_id_0>.,Ybyrá supé nhẽpe asé îerokyû?
Cavei a terra,<extra_id_0>,Ayby-ybykoî
Arrebentando as coisas de alguém,<extra_id_0>.,Abá mba'e mombuka
"Por isso mesmo agora, sendo dia santo, eles estão felizes",<extra_id_0>,"Nd'e'i te'e ko'yr, onhemo'aretébo, og orybamo"
Porventura fazes isso à toa?,<extra_id_0>.,Aîpó nhẽ-pipó ereîkó?
Detestando sua maldade,"<extra_id_0>.,ловна <extra_id_12>",I angaîpaba momburûabo
Assim havemos de nos acariciar!,<extra_id_0>,Nã takó îomomoranga re'a!
Por isso mesmo os que conversam com eles transgridem a palavra de Deus,<extra_id_0>,Nd'e'i te'e i mongetasara Tupã nhe'enga abŷabo
Estou saltando de alegria,<extra_id_0>.,Toryba suí apó-por gûitekóbo
Ali ias por ocasião dos feriados,<extra_id_0>.,A'epe 'aretéreme eresó
"Curou-o, somente tocando sua orelha, imediatamente fazendo-a sarar, grudando-a",<extra_id_0>,"Oîposanong, i nambi atõîa nhote, aûnhenhẽ i monga'ẽmo, i moîepotá"
Trabalho com mariscos,<extra_id_0>,Paranãmbora ri aîkó
ovo de arinhama,<extra_id_0>,arinhama rupi'a
Eu tive vertigem (ou eu estou enjoado),<extra_id_0>,Xe resagûyryb
Eu lhe pélo a cabeça,<extra_id_0>.,Aî'abo'o
tirante a vermelho,<extra_id_0>,pyrangaíb
Rompeu-se teu coração por amor a ele,<extra_id_0>,Obok nde nhy'ã saûsuba resé
Crês que o pajé ruim é o que tem o dom dos prodígios?,<extra_id_0>.,Ererobîápe paîé-aíba mosangyîaramo sekó?
"não é mesmo? (isto é, verás que te digo a verdade)",<extra_id_0>,mba'e-tepe?
Fingindo fazer viver as pessoas,"<extra_id_0>.,ловна",Oporomoingobé-mo'anga
Faze sumir meu tentador,<extra_id_0>.,Emokanhem xe ra'angara
"Ainda, ainda me odeia fulano",<extra_id_0>,A'é byter aîpó gûi'îabo - Ainda digo isso E'i byté-byterĩ ahẽ xe amotare'yma
Eu sou malhado na cabeça,<extra_id_0>.,Xe 'apititing
O que se iguala às mulheres,<extra_id_0>,Kunhã resé oîemoîoîaba'e
tamanduá topetudo,<extra_id_0>,tamandûá-atyrabebó
"Eu sou o alegre Ibitirapé, do topo da montanha",<extra_id_0>,"Xe rory Ybytyrapé, ybytyrapûá suí"
A segunda (virtude) dele é a satisfação dos cônjuges,<extra_id_0>,I momokõîndûara mendara moîekosupaba
"Baixou a cabeça, ficando a gritar",<extra_id_0>,Oîeaŷbyk ogûasem-asemamo
"Todo seu sangue deu, morrendo",<extra_id_0>,"Opá og ugûy me'engi, omanomõ"
Que Deus dará para a gente no céu?,<extra_id_0>.,Mba'epe Tupã oîme'eng asébe ybakypene?
O vício atiramos fora,<extra_id_0>.,Tekoaíba oromombó
"Deus é um só, de fato, sendo santíssimo, sendo poderoso",<extra_id_0>.,"Tupã oîepé nhõ nhẽ gûekó-karaibetéramo, abaetéramo"
É terrível para mim vê-los,<extra_id_0>.,I abaeté sepîaka ixébo
"Este meu tacape não está à toa nas minhas mãos, mas, sim, é o instrumento com que vos racharei",<extra_id_0>.,"Kó xe itangapema xe pópe nd'oîkóî tenhẽ, pe mombokaûama é"
"de dois em dois, dois a dois",<extra_id_0>,mokõ-mokõî
socador de pilão,<extra_id_0>.,ungûá-obaîara
Não! Estou bêbado,<extra_id_0>! <extra_id_10>!,Aanumẽne! Asabeypó
Eu sou ladrão,<extra_id_0>.,Xe mondá
"Por isso mesmo, então, os judeus a puxaram fortemente, fazendo vir junto a pele dele também",<extra_id_0>.,"Nd'e'i te'e a'ereme Îudeus sykyîatãmo, i pira abé reru"
Tornou-te mais formosa que ela,<extra_id_0>,Nde moaysó-eté i xuí
Distribuo-os,<extra_id_0>.,Aîma'e'ĩ
Eis tua ameaça aqui!,<extra_id_0>.,Kó nde momboîtaba kó!
O que é daqui é este,<extra_id_0>,Ikendûara n'ikó
Isto pela primeira vez,<extra_id_0>.,Ang é
"Esta aldeia, não disseste maldades a ela ainda?",<extra_id_0>.,"Ikó tabape, marã nd'eréîpe i xupé ranhẽ?"
Que afastemos o diabo agora e para sempre,<extra_id_0>,Anhanga t'îaîpe'a ko'yr aûîeramanhẽ
muito longe,"<extra_id_0>.,ловна ",apûé-katu
homem falso,"<extra_id_0>.,ловна ",abá-memûã
Não me dá vontade de comer,<extra_id_0>.,Na xe îuruéî
Irritastes o senhor Jesus,<extra_id_0>.,Pemoŷrõ Pa'i Îesu
pescador com puçá-guaçu,<extra_id_0>,pysagûasu-eîtykara
Sobre ela morrendo Nosso Senhor para nos resgatar,<extra_id_0>.,I 'arybo omanõmo Îandé Îara îandé repyme'engagûera resé
Embarquei,<extra_id_0>,A'ar
"Será que é um morcego, uma borboleta ou uma cuíca?",<extra_id_0>?,"Andyrá ruãpe é, panama koîpó gûaîkuíka?"
"Ela é muito bojuda (fal de pipa, de árvore, etc)",<extra_id_0>,I ku'agûasu
Estamos em intercalação,<extra_id_0>.,Oîoparabamo orokûab
Peço a Deus por minha virtude,<extra_id_0>,Aîeruré Tupã supé xe angaturãgûama resé
Bem aos olhos de Deus essas vossas ações são contadas,<extra_id_0>.,Tupã resápe-katu kó pe rekó rekóû i paparypyramo
Chefe dos que ficaram no céu,<extra_id_0>.,Ybakype opytaba'epûera rubixaba
Minh'alma faz firme,<extra_id_0>,Xe 'anga moteni
"Ah, quem me dera comer veneno para que eu morresse disso",<extra_id_0>,- A'u temõ mba'eaíba mã a'emo nhẽ xe re'õû ãûa suí
"Ah, muito bem, ficai tranquilos!",<extra_id_0>.,"Erĩ, aûîé, peputu'u!"
A ti nos apegamos,<extra_id_0>.,Oroby'a nde resé
Que recrudesça minha antiga maldade!,<extra_id_0>.,T'oîepun xe marandûera!
A gente pede a Deus somente pelas coisas que deve comer?,<extra_id_0>,Mba'e i 'upyra resé nhõpe asé îeruréû Tupã supé?
"Mandando fazê-los embarcar numa arca de madeira, semelhante a um navio",<extra_id_0>,"Ybyrá karamemûã, ygarusu nungara pupé, i mo'aruká"
Não querendo que se apague a luz de nossa alma,<extra_id_0>.,Asé 'anga resapesaba gûeba potare'yma
Tornou-te muito bondosa o senhor Deus,<extra_id_0>,Nde moangaturameté pa'i Tupã
É difícil essa língua,"<extra_id_0>.,ловна <extra_id_12>",I abaíb aîpó nhe'enga
Fica pisando o maldito,<extra_id_0>.,-Muru ri opurũ-purung
Trazendo o resplendor de Deus,<extra_id_0>.,Tupã beraba reru
Ali é o lugar aonde eu vou,<extra_id_0>.,A'epe xe soagûama
"Eis que sofrem muito os que Deus repeliu, tendo sua vida envergonhada",<extra_id_0>.,"Sasyeté niã Tupã remipe'apûera, ogûekó-mara'ara reroína"
A Santa Maria o pecado não chegou,<extra_id_0>.,Santa Maria resé tekopoxy nd'obasemi
todos os que estão nas ilhas,<extra_id_0>.,opá 'ypa'ũmendûara
Eu desmaiei,<extra_id_0>,Xe re'õ'ar
Basta! Tu me matas!,<extra_id_0>,Aûîé! Xe îuká îepé!
Eu estou com a base com firmeza,<extra_id_0>,Xe ypy ten
"Aperta a cabeça do maldito, enfraquecendo-o muito",<extra_id_0>.,"Oîopyk muru akanga, i moatãe'ỹngatûabo"
"Não foste tu, certamente, que te atraíste pelas mulheres?",<extra_id_0>.,Na nde ruã-te p'akó kunhã ri ereîemomotá?
Então já estava São João Batista no ventre de sua mãe,<extra_id_0>.,A'ereme oín uman São João Batista o sy rygépe
Ela é leitosa,<extra_id_0>.,I 'aysyk
O fogo te convém verdadeiramente para que nele te asses,<extra_id_0>,"Tatá nde arõ-eté, i pupé t'ereîesy"
o que tem sede de justiça,<extra_id_0>.,tekokatu 'useîtara
Passo jenipapo nele,<extra_id_0>,passo jenipapo Aîîanypá-mongy
Nomes de quem são esses?,<extra_id_0>.,Abá-abá rerape eboinga?
Tomou a casa dos animais de criação como sua pousada,<extra_id_0>.,So'o mimbaba roka ogûar og upabamo
"Ao se aproximar o doente da agonia, que mandem chamar o padre",<extra_id_0>,"Mba'easybora o mara'ara kakareme, t'osenõîukar abaré"
"Vim, voltando",<extra_id_0>,Aîur gûiîeby
eis que amanheceu,<extra_id_0>.,ko'ẽ kó
"Fui a bom tempo, fui a propósito",<extra_id_0>,Aûîebéramo asó
Furei-o,<extra_id_0>,Aîmokûar
linha grossa de pescar,<extra_id_0>.,pindasã-pokuruba
Estrebuchei,<extra_id_0>.,Ababak
"Pensai que, algum dia, a morte virá mesmo para bater em vossas portas, surpreendendo-vos",<extra_id_0>.,Penheangerekó amõ 'ara pupé te'õ pe rokena motaka turagûama resé é pe pokosupa
"Aproximando-me da morte, meus grandes pecados antigos farei sair",<extra_id_0>,"Te'õ rerobyka é, xe angaîpá-tubixagûera amosẽne"
"Assim tratada, certamente, uma pessoa chega bem",<extra_id_0>.,Emonã serekopyra rakó abá obasẽ-porang
"Logo, vencendo os temiminós, habitantes daqui, frequentá-los-ei",<extra_id_0>,"Koromõ, keygûara temiminõ moaûîébo, asapekóne"
Fizeste que uma mulher se pusesse sobre ti para fazer sexo com ela?,<extra_id_0>?,Ereîmonhenongype kunhã nde 'arybo sesé eîkóbo?
"Para ele trouxeram, como oferendas, ouro, incenso e mirra",<extra_id_0>.,"I xupé ogûeru îetanongabamo itaîuba, ysykatã syapûãba'e, mirra"
Por que alguém se casa?,<extra_id_0>.,Mba'erama resépe abá mendari?
Esgotei a água dele,<extra_id_0>,Aîtyapyî
Ajudas teu pai e tua mãe?,<extra_id_0>,Ereîpopytybõpe nde ruba nde sy abé?
Não é que o maldito veio voando?,<extra_id_0>.,Ké muru ruri obébo?
Todas as pessoas vão fazendo as ladainhas,<extra_id_0>,Opakatu abá sóû ladainhas monhanga
"Passaste a mão nas tuas pudendas, abrindo-as?",<extra_id_0>.,"Erepokokype nde rapopé resé, i pekábo?"
Para ele mesmo,<extra_id_0>.,I xupé é
"No meio do caminho, meninos assaltaram-me mesquinhamente",<extra_id_0>,"Pé ku'ape, kunumĩ pu'ama'ubi xe ri"
Ainda hoje fazendo-os cair,<extra_id_0>.,A'ebé kori i mbo'ane
Eu tenho o interior das pálpebras trêmulo,<extra_id_0>.,Xe ropé-py-sysyî
"Dentro dele está Jesus Cristo, sua divindade e seu corpo em inteireza",<extra_id_0>,"I pupé Îesu Cristo rekóû, i Tupã, seté abé gûetependûara pupé"
Não deixes de o querer,<extra_id_0>.,Eîpotare'ymumẽ
Esfreguei-o com cera,<extra_id_0>.,Aîkytyk iraîty pupé
"Ah, eu estou muito quente aqui!",<extra_id_0>!,Xe rakubeté kó mã!
Diante deles passei,<extra_id_0>.,Sobabo akûab
Com seus irmãos não pode ninguém se casar,<extra_id_0>,O asykûera resé nd'e'ikatuî abá omendá
