Input,Predicted,Actual
Aîmorambûerukar ahẽ rekorambûera,<extra_id_0>,Fiz frustrar aquilo que fulano faria
Xe py-piru'a,<extra_id_0>,Eu tenho pes calejados
Ixé aé ã a'é umûã nakó peẽme,<extra_id_0>,Eu mesmo como se viu ja vos disse isso
"Peîori, peîaîubã pitangĩ-moraûsubara",<extra_id_0>,Vinde abracai o nenem compadecedor
korite'ĩ-aíb-eté,<extra_id_0>,o mais cedo possivel em um momento
Amembek,<extra_id_0>,Acovardo-me
Marãpe asé rekóû Tupã remimotara moporagûama resé,<extra_id_0>,Como a gente procede para o cumprimento da vontade de Deus
Mba'e-embegûasu!,<extra_id_0>,Coisa beicuda
Marãîasûaramo turi mã!,<extra_id_0>,Ah oxala ele viesse
Aruretá kó reri,<extra_id_0>,Trouxe muitas destas ostras
T'oîkó umẽ moxy xe ypybo,<extra_id_0>,Que nao esteja o maldito perto de mim
Xe aŷpygûasu,<extra_id_0>,Eu tenho cachaco grande
Aîmonhã-memûã,<extra_id_0>,Fi-lo mal
Our paranã - Subiu a água do mar Ourusu 'y,<extra_id_0>,Cresceram muito as aguas isto e subiu a mare
Marãnamope asé îobasabetá-etáûne?,<extra_id_0>,Por que a gente se persignara muitas e muitas vezes
"A'epe supindûare'yma resé Tupã renõîndara, marã?",<extra_id_0>,E o que evoca a Deus pelo que nao e verdade que acontece
Asobaún,<extra_id_0>,Entisnei o rosto dele
Te'inhẽne oîkóbo ká,<extra_id_0>,Que o deixem estar
Ten i mo'îabo,<extra_id_0>,Fazendo-o estar com firmeza
Nde resá-popybo ema'ẽmo,<extra_id_0>,Olhando na ponta dos teus olhos
"Onhemombe'upe abá gûarinĩnamo o só îanondé, ygarusupe o 'ar-y îanondé?",<extra_id_0>.,Confessa-se alguem antes de ir a guerra antes de embarcar num navio
"Eîori muru mondyîa, t'opu'am umẽ oré ri",<extra_id_0>,Vem para espantar o maldito para que nao invista contra nos
Umã? Akó Rorẽ-ka'ẽ?,<extra_id_0>,Qual Aquele Lourenco tostado
"Ybyoka asapekóne, Itaoka abé aîpobu, rumby, Îupaogûaóne",<extra_id_0>,Hei de frequentar Ibioca revirarei tambem Itaoca e enfim Jupaoguao
ybyrá ku'i,<extra_id_0>,po de madeira como o que faz o caruncho no pau
Ndaroîaî mamõ xe sóû,<extra_id_0>,Nem por isso eu vou para longe
"Eîori, mba'enem, mba'e-poxy, mborá!",<extra_id_0>,Vem coisa fedorenta coisa nojenta bora
"Xe resaraî é gûitekóbo, n'aseîá-potá ruã!",<extra_id_0>.,Eu estava mesmo esquecendo nao que o quisesse omitir
N'orogûeruri xûémo ndebe i angaîpabe'ỹmemo,<extra_id_0>,Nao o teriamos trazido a ti se ele nao tivesse pecado
I mba'eba'e ixé,<extra_id_0>,Eu sou o que e rico
Ygarusu nungara,<extra_id_0>,Algo semelhante a um navio
aîogûasu,<extra_id_0>,saca
Agûatá ko'arapukuî nde rerapûana resé,<extra_id_0>,Caminhei o dia todo por causa da tua fama
Xe mendasabeté resé nhõ t'aîkóne,<extra_id_0>,Com meu conjuge verdadeiro somente hei de ter relacoes sexuais
Ereîmombo'irype kunhã amõ i mena suí?,<extra_id_0>,Apartaste alguma mulher de seu marido
Eîori oré rekyîa,<extra_id_0>,Vem para nos arrebatar
Aûîebé-temo xe só-umani,<extra_id_0>,Ainda que eu ja tivesse ido
Xe resaraî-potar,<extra_id_0>,Eu tenho propensao a esquecer eu sou esquecidico
Ne'ĩ taûîé xe reîyîa!,<extra_id_0>,Eia afasta-me depressa
ybyty-bytyra,<extra_id_0>,muitos outeiros serrania
Amõ seba'e irũmo nhẽ,<extra_id_0>,Com algumas coisas que sao saborosas
abá-pûapẽîara,<extra_id_0>,homem sovina
Nde poxype nde remirekó asykûereté amõ resé koîpó i mũ-mbyryba?,<extra_id_0>.,Tu foste torpe com alguma irma de tua esposa ou com sua parente proxima
Na xe îuru-pyki,<extra_id_0>,Eu nao tenho boca sossegada isto e eu sou comilao
Nhoesembé robabo i kûáî,<extra_id_0>,Ele passou diante de Ilheus
"Anhẽ, n'i tekokuabi",<extra_id_0>,Na verdade nao sao conhecedores das coisas
Oîxamysyk sero'ama,<extra_id_0>,Amarraram-no com corda fazendo-o estar em pe
Ybakype asé 'anga rerasóbo,<extra_id_0>,Levando nossa alma para o ceu
ka'a mosanga ra'anga,<extra_id_0>,experimentando pocoes de ervas
Aîpi-momemûã,<extra_id_0>,Esfreguei a pele dele
Nde arybé Anheté kó nde rapé,<extra_id_0>,Aquieta-te Verdadeiramente este e teu caminho
Teumẽ ké serasóbo rá,<extra_id_0>,Guarda-te de o levares
Asé rekokaturama mombegûabo,<extra_id_0>,Anunciando nossa futura felicidade
Anhemombeb gûitena,<extra_id_0>,Estou-me agachando parado
"T'okaî nde ratá pupé, ta sepy muru angaîpaba",<extra_id_0>,Que queimem em teu fogo para que os pecados dos malditos tenham retribuicao
xe remimbo'epûera,<extra_id_0>,o que eu ensinei
kó Yby'apapesûara,<extra_id_0>,estes que estao em Ibiapaba
Setá tekó oporomondyîba'ene,<extra_id_0>,Serao muitos os fatos que assustarao as pessoas
y robaî,<extra_id_0>,alem do rio
"Xe îyboîa, xe sokó, xe tamuîusu Aîmbiré",<extra_id_0>,Eu sou uma jiboia eu sou um soco eu sou o grande tamoio Aimbire
"Karaibebé a'e, moroîubyka puaîtara",<extra_id_0>,Ele e o anjo que encomenda o enforcamento
Kó ygara ruri Osó-te,<extra_id_0>,Ca vem um barco Nao faz senao ir
Abá angaîpá-nhemima i kuapare'yma supé mombegûabo,<extra_id_0>,Contando as maldades escondidas de alguem para quem nao as conhece
i xo'opyra,<extra_id_0>,o que e ou deve ser convidado
"Xe t'oropysykatu, xe mundépe nde mbo'a",<extra_id_0>,Eu hei de bem apanhar-te fazendo-te cair no meu mundeu
Aîopûaî Pedro îepeaba resé,<extra_id_0>,Encarreguei Pedro da lenha
"Ereképe, Gûaîxará?",<extra_id_0>,Dormes Guaixara
Mobype erenhemombe'u koîpó eretupãar?,<extra_id_0>,Quantas vezes te confessaste ou comungaste
i py,<extra_id_0>,o avesso dele
"Ikó 'ara pupé abiã Tupã remimonhangûera i porãngatu, memetipó ebapó ybakypy",<extra_id_0>,Se o que Deus fez neste mundo e muito belo quanto mais la o ceu primeiro
Aîmoangaîpá pá benhẽne,<extra_id_0>,Farei todos pecarem de novo
mba'easybora nde kotypendûara,<extra_id_0>,o doente que esta ao teu lado
Tupã koîpó o 'anga koîpó cruz koîpó anheté renõîa,<extra_id_0>,Invocando a Deus ou sua propria alma ou a cruz ou algo verdadeiro
Oîkuá-katupe a'e suí o semagûama?,<extra_id_0>,Sabem bem de sua futura saida dali
I mba'e-potar îagûara,<extra_id_0>,O cao e avido isto e bom de caca que quer tudo apanhar
Oroîoerokûab,<extra_id_0>,Fizemo-nos passar uns aos outros passamos uns com os outros
A'e îandé resé Tupã t'omoma'enduar,<extra_id_0>,Que ele faca Deus lembrar-se de nos
Nde porãngatu raûsupa,<extra_id_0>,Amando tua grande beleza
T'îanhe'engá-mirĩ ranhẽ,<extra_id_0>,Cantemos um pouquinho primeiro
Anhe'ẽ-îeaseî,<extra_id_0>,Falo irritadamente
angûera resé Tupã mongetasagûama,<extra_id_0>,tempo de rogar a Deus pelas almas
Ererokûé-rokûerype abá amõ?,<extra_id_0>,Ficaste detendo contigo alguma pessoa
Eîepe'a!,<extra_id_0>,Afasta-te
Xe moapysy-katu,<extra_id_0>,Deleita-me muito
"I mbo'a tiruã, i mbo'ar' e'ymebé, a'erame'ĩ i mbo'ar'iré, omarane'ymamo",<extra_id_0>.,Estando virgem mesmo dando-o a luz antes de da-lo a luz e igualmente apos da-lo a luz
Aîkûatiar,<extra_id_0>,Pintei-o
ara papápe,<extra_id_0>,no fim do mundo lit no tempo de acabar o mundo
"Endé, nde îybápe, Îesu eresupi",<extra_id_0>,Tu em teus bracos Jesus ergueste
Kûesé bé mba'e n'a'uî,<extra_id_0>,Desde ontem nao como nada
T'ereîu ybaté xe rerasóbo,<extra_id_0>,Que venhas para levar-me para o alto
Aindé,<extra_id_0>.,Estou a parte
Opá xe ramyîa ma'epûera aîtyk,<extra_id_0>,Todos os bens de meus avos joguei fora
Osó é ahẽ îabynomã,<extra_id_0>,Se nao fosse ele ter ido
Kori é t'oromondóne,<extra_id_0>,Hoje mesmo hei de fazer-te ir
"Iké nhẽ peîkó xe rarõmo, xe pyri, pekere'yma",<extra_id_0>,Estai aqui esperando-me junto de mim nao dormindo
Pitangamo seni Maria îybápe,<extra_id_0>,Como crianca esta nos bracos de Maria
Ixé aé ã a'é umûã nakó peẽme,<extra_id_0>,Eu mesmo como se viu ja vos disse isso
Nde membyrápe erimba'e nde remimotarybo?,<extra_id_0>,Tu deste a luz por tua vontade
Nde porãngatu raûsupa,<extra_id_0>,Amando tua grande beleza
A'e suí turi oîkobeba'e omanõba'epûera pabẽ rekomonhangane,<extra_id_0>.,Dai vira para julgar todos os que vivem e os que morreram
Asé sy o membypitanga raûsuba sosé asé raûsume nhẽ,<extra_id_0>,Por nos amar mais do que nossa mae ama seus proprios filhinhos
Abá sosé pabẽ i momorangi,<extra_id_0>,Mais que a todos os seres humanos embelezou-a
Aîukae'ym,<extra_id_0>,Nao mato
Ambyasybora poîa,<extra_id_0>,Dar de comer aos famintos
Kûepe kunhã-mendarûera ereîmomoxy-moxy,<extra_id_0>,Por ai as mulheres casadas ficavas pervertendo
São Lourenço pytybõana,<extra_id_0>,ajudante de Sao Lourenco
Ererupe nde petyma?,<extra_id_0>,Trouxeste teu fumo
ysypó-tyba,<extra_id_0>,ajuntamento de cipos
Peîuká!,<extra_id_0>,Matai-o
"Tamũîa, kyre'ymbagûera, omombab erimba'e",<extra_id_0>,Destruiu outrora os tamoios os valentes
Marã-pakó xe sy xe mbo'ari erimba'e?,<extra_id_0>,Por que minha mae me deu a luz outrora
okytá,<extra_id_0>,esteio alicerce de casa
Ereîkuá ranhẽ meémo emonã nde rekorama,<extra_id_0>,Deverias ter sabido antes do teu agir assim
Asó-potá nde retãme,<extra_id_0>,Quero ir para tua terra
Marã e'ipe Îudeus i piaretá i xupé?,<extra_id_0>,Como disseram os judeus seus perseguidores para ele
Eboûĩ nde resá erobak oré koty,<extra_id_0>,Esses teus olhos volta em nossa direcao
O manõ riré toryba rerekóbo,<extra_id_0>,Tendo alegria apos sua morte
moîasukaba,<extra_id_0>,tempo lugar modo etc de se lavar de se batizar
Memeté a'e morero'arupîara,<extra_id_0>,Tanto mais porque eles sao adversarios de agressores
T'osó umẽ temirekó kûepe,<extra_id_0>,Que nao va longe a esposa
i mokõîa,<extra_id_0>,a segunda vez dele
I angaîpá kó kena'ĩ,<extra_id_0>,Sao mas essas folgadas
Peteumẽ xe rapirõmo,<extra_id_0>,Deixai de me prantear
îerobîá-tenhẽa,<extra_id_0>,gloria va
O monhangaramo nde rekó kuapa,<extra_id_0>,Reconhecendo que tu es o seu proprio criador
Ereîtykype kunumĩ amõ nde abiîxûara nde 'arybo moropotara suí?,<extra_id_0>,Lancaste algum menino que estava aconchegado a ti sobre ti por desejo sensual
"Pesapîá abaré, pe mbo'esara",<extra_id_0>,Obedecei ao padre vosso mestre
Eresugûykápe kunhataĩ amõ?,<extra_id_0>,Desvirginaste alguma menina
Mosapy ipó xe boîáramo nde rekó ereîkuakub mokõî gûyrá sapukaî'e'ymebéne,<extra_id_0>,Na verdade tres vezes negaras ser meu discipulo antes de o galo cantar duas vezes
Ereî'apixabype amõno?,<extra_id_0>,Feriste alguem tambem
Xe kuaukámo xe rubixaba supémo,<extra_id_0>,Denunciar-me-iam ao meu imperador
Peró turusu-eté nde suí,<extra_id_0>,Pedro e maior que tu
Aîpotá-te kûé kunhã-mendara mã!,<extra_id_0>,Ah como desejo aquela mulher casada
Xe pukusam,<extra_id_0>,Eu fui peado
tĩmuku,<extra_id_0>,lit tromba comprida gorgulho inseto coleoptero
"Ara yby sokeme, xe ruri",<extra_id_0>,Quando fustigava o sol a terra eu vim
Xe rekó-aé arekó,<extra_id_0>,Tenho meu modo de ser diferente VLB I 103 Ore reko-reko-ae oroereko - Temos nossos modos de ser diferentes
"Okûabépe irã so'o, gûyrá?",<extra_id_0>.,Escaparao futuramente os animais os passaros
Ybakype îandé sorama monhanga,<extra_id_0>,Fazendo-nos ir para o ceu
Sesé Tupã resé bé o îerobîasápe,<extra_id_0>,Por ter ele esperanca nela e em Deus
Xe asang,<extra_id_0>.,Eu sou rechonchudo
Abáp'amẽ asé osenõî oîkotebẽmo?,<extra_id_0>.,Quem necessariamente a gente chama estando aflita
Ereîpotápe îandy-karaíba pupé ixé nde pixyba?,<extra_id_0>,Queres que eu te unte com oleo bento
Xe mba'ekugûab,<extra_id_0>,Eu sou sabio
abo'o-bo'o,<extra_id_0>,escabelar desfazer o penteado de desgrenhar o cabelo de etc
"Oîkobé xe pytybõanameté, tubixá-katu Aîmbiré, apŷaba moangaîpapara",<extra_id_0>,Existe meu auxiliar verdadeiro o grande chefe Aimbire o pervertedor dos indios
ybyrakytĩabusu,<extra_id_0>,serra braceira
E'ikatu bépe amõ 'ara pupé amõme asé tara?,<extra_id_0>,Pode tambem a gente toma-lo algumas vezes em outros dias
Mamõ nhẽ kanhẽ-motara i py'a îaîporaká,<extra_id_0>,O desejo de sumir para longe enche seus coracoes
A'e iî abaíbymo abá supé xe ro'o 'u,<extra_id_0>,Mas seria dificil para as pessoas comer minha carne
I por nde rygé,<extra_id_0>,Esta cheio teu ventre
Aîpokupé-petek,<extra_id_0>,Esbofeteio as costas de suas maos
"Eîmoîar, eîmoîar ybyrá îoasaba resé",<extra_id_0>,Prega-o prega-o na cruz de madeira
N'aîkuakubi mba'e,<extra_id_0>,Nao omiti nada
Abá resé nhoamotare'yma rerekouká abá supé,<extra_id_0>,Fazendo as pessoas terem odio umas das outras por causa de alguem
Îandé-te îapyk umẽ senõîa,<extra_id_0>,Mas que nos nao paremos de chama-la
Asekobîarõ seîmbaba i xupé,<extra_id_0>,Troquei-lhe uma criacao
"Tupinakyîa, keygûara, tĩapyra moroupîara",<extra_id_0>,Tupiniquins habitantes daqui espioes inimigos
"Xe reté ã n'oîkoetéî, omembeka",<extra_id_0>,Eis que meu corpo nao esta disposto amolecendo
Apysá-îtyk,<extra_id_0>,Lanco puca
Ereîmombe'upe kunhã resé nde pokó-pokokagûera abá supé?,<extra_id_0>,Contaste para alguem que tu ficaste passando a mao em mulheres
I apaîé - Ele está maduro I apaîegûasu,<extra_id_0>,Ele esta muito maduro
Îaîuká memẽ aîpó 'îara,<extra_id_0>,Matemos juntos o que diz isso
"Osem okarype, oîase'o-asy-katûabo",<extra_id_0>,Saiu para o patio chorando muito dolorosamente
i nambi mondoka,<extra_id_0>,arrancando sua orelha
Missa mondykápe épe ereîké îepi?,<extra_id_0>,no final da missa que entras sempre
"Nde reroŷrõ, nde mombóne",<extra_id_0>,Odeiam-te expulsar-te-ao
Kó a'e xe kyre'ymbaba oîkuá morapiti,<extra_id_0>,Eis que esses meus valentoes sabem assassinar
aîpi 'y,<extra_id_0>,licor de aipim
mbaba,<extra_id_0>,mortandade de gente
Iîabaíbeté aîpó!,<extra_id_0>,Isso e muito dificil
Asó ybyrá piaramo,<extra_id_0>,Vou como catador de madeira
Na mba'e 'u potá ruã aîur,<extra_id_0>,Nao querendo comer venho
T'orobasẽne ybakype,<extra_id_0>,Havemos de chegar ao ceu
Nd'e'i te'e moxy onhana oîoa'o-marangatûabo,<extra_id_0>,Por isso mesmo as malditas correm insultando-se muito umas as outras
Erepokokype nde rapopé resé i pipekábo?,<extra_id_0>,Tocaste nas tuas pudendas abrindo-lhes a pele
Aroîyb aoba,<extra_id_0>,Amainei a vela
miapé îyba,<extra_id_0>.,o assar do pao
Anhe'angepîak,<extra_id_0>,Vejo meu reflexo pex no espelho
ygara rokabytera,<extra_id_0>,conves da embarcacao
Aî'ybab,<extra_id_0>,Podei-a
Oporoîrarõ mbá,<extra_id_0>,Irritam completamente as pessoas
Se'yî i kuabypyre'yma Tupã i monhangara remingûaba nhõ,<extra_id_0>,Sao muitos os nao conhecidos que Deus somente o criador deles conhece
I mba'epepe i nhybõû?,<extra_id_0>,Em que parte do corpo ele o flechou
Sasy xe akanga xe suí,<extra_id_0>,Doi-me a cabeca e nao o corpo na qual ela esta que nao participa do processo descrito pelo verbo
Gûyrá taté u'uba sóû,<extra_id_0>,Para outra coisa que nao o passaro a flecha foi
ta'yrĩ-rĩ,<extra_id_0>,muitas coisas miudas
"Abá abiã é o a'yra ogûerekó-katu, memetipó Tupã asé raûsubáne",<extra_id_0>,Pois se um homem guarda seu proprio filho quanto mais Deus compadecer-se-a de nos
Rerityba,<extra_id_0>,ajuntamento de ostras nome de um lugar
"Eîori, mba'enem, mba'e-poxy, tamarutaka!",<extra_id_0>,Vem coisa fedorenta coisa nojenta tamarutaca
Asé aé oîemoabangá i mborypa,<extra_id_0>,A gente mesma acovarda-se consentindo-o
anhẽ rakó!,<extra_id_0>,certamente sem duvida assim e tem razao e verdade certificando o que outra pessoa disse
Aîuká ipó irãne,<extra_id_0>,Mata-lo-ei futuramente com certeza
y-îebyra,<extra_id_0>,remanso d'agua
Pe apysykĩ serã peîkóbo te'õ repîakare'yma rame'ĩ?,<extra_id_0>,Sera que estais sossegados como os que nao veem a morte
Aî'apirabo'o,<extra_id_0>,Eu lhe pelo o couro cabeludo
anhurĩ,<extra_id_0>,gargalo fino como da cabaca
Nd'e'i te'e abá mondá iî aîubykypyramo oîkóbo o mondarõagûera repyramo nhẽ,<extra_id_0>,Por isso mesmo o ladrao e o que deve ser enforcado como pena de seus roubos passados
taîasu remi'uru,<extra_id_0>,cocho de porcos
Aroker aoba,<extra_id_0>,Durmo com roupa
Ereîpotápe nde nhemoîasuka?,<extra_id_0>,Queres teu batismo
Aîmomburu'a,<extra_id_0>,Fi-la engravidar
Sekó-nhemima monduîa,<extra_id_0>,Fazendo vir a tona seus atos escondidos
T'asabeypóne 'ara mokanhema,<extra_id_0>,Hei de me embebedar para perder o juizo
"Serobîasare'yma potyrõû, iî ybõîybõmo",<extra_id_0>,Os que nao criam nele trabalharam em conjunto ficando a flecha-lo
I nhe'engasy n'opabi,<extra_id_0>,Suas palavras asperas nao cessam
Aûîé aîub,<extra_id_0>,Estou bem deitado Auie aiko - Estou bem
Aûîé nipó! Kasianamo t'aîkó,<extra_id_0>!,Muito bem Hei de ser castelhano
"Morubixaba tuîba'e onhe'eng memẽ i xupé, senonhena, i akakapa",<extra_id_0>.,Os chefes velhos falam sempre a eles repreendendo-os censurando-os
y-akã,<extra_id_0>,braco de rio
Eîori i momosema,<extra_id_0>.,Vem para persegui-lo
kûarasy sembaba,<extra_id_0>,a saida do sol o nascer do sol
"Erobîá, xe rubangab, ta nde moembiá kori",<extra_id_0>,Acredita meu padrinho hao de te apresar hoje
Xe apyri tuî - Ele mora a meu lado O îoapyri oré roka ruî,<extra_id_0>,Nossas casas estao estabelecidas uma junto da outra
"Oîabab i xuí, seîá",<extra_id_0>,Fugiram dele deixando-o
"Ara pab'iré, i moingobeîebyri-ne",<extra_id_0>,Apos acabar o mundo fa-los-a voltar a viver
Nãmo oroapin,<extra_id_0>,Rapamos nesta medida
Aru-pab,<extra_id_0>.,Trouxe todos ou Trouxe tudo
u'ubá-tyba,<extra_id_0>,ajuntamento de canas-de-flecha
akanga îepotasaba,<extra_id_0>,as juntas da cabeca
Aîkoé,<extra_id_0>,Sou diferente
Asé monhemombegûabo,<extra_id_0>,Confessando a gente
Nde erimba'e xe pysyrõ îepé,<extra_id_0>,Tu outrora me salvaste
Akanhẽ-kanhem,"<extra_id_0>.,ловна <extra_id_12>",Andei sumido
A'ypîasó,<extra_id_0>,Vou buscar agua a fonte
xe potaba,<extra_id_0>.,minha heranca
Sekoaba nhẽpe?,<extra_id_0>,o modo de ser deles ou natural deles
T'orosaûsu îandé ruba,<extra_id_0>,Que amemos nosso pai
Ka'abo asó,<extra_id_0>,Vou a caca
"O sy rygépe o pitanga reropytá îabé, t'opytá pe pupé",<extra_id_0>,Que ele fique dentro de vos como fica com seu estado de feto no ventre de sua mae
Irõ bé!,<extra_id_0>,Enfim de volta
Mba'e resépe ereîur xe remiaûsukatu gûi?,<extra_id_0>,Por que vieste o meu muito amado
Herodes meémo ikó oîme'eng te'õ supé i angaîpaba kuapa,<extra_id_0>,Herodes teria entregado este a morte conhecendo suas maldades
"Kûesé, karaíba ri i pokoki",<extra_id_0>,Ontem aos brancos deram combate
Mba'e-mba'epe asé suí i pitubypyra?,<extra_id_0>,Que deve ser ungido de nos isto e de nosso corpo
Aîmombor ybype,<extra_id_0>,Lancei-o no chao
Nd'e'i 'ara,<extra_id_0>,Nao esta dia
Sa'ĩ xe îukae'ymi,<extra_id_0>,Apenas nao me matou
Akó xe remiybõmbûera?,<extra_id_0>,Esse e o que eu flechei
"Peîori pitanga gûabo, kunumĩ mokona mbá",<extra_id_0>,Vinde para comer a crianca engolindo completamente o menino
Xe rarûab,<extra_id_0>.,Frustrei-me
"Esepenhan, Saraûaî!",<extra_id_0>,Ataca-o Sarauaia
"Eresaûsubarype i mba'easyreme, satá-á",<extra_id_0>,Tu te compadeceste deles quando eles estavam doentes tirando-lhes fogo
"Mokõî oîoirundyk oito 'ara sykeme, i 'apira mondoki",<extra_id_0>,Ao chegar o dia oitavo duas vezes quatro cortaram seu prepucio
Xe resá-ynhusu,<extra_id_0>,Eu tenho olhos esbugalhados
Apindó-pûaî,<extra_id_0>,Mandei fazer palma
Aûîebé-temo xe nupãû anhe'engĩmo,<extra_id_0>,Ainda que me castigasse eu falaria
Akopîasó,<extra_id_0>,Vou a roca
Mba'epe ké kanindeoby îasûara?,<extra_id_0>,Que ha aqui semelhante a um caninde azul
Og uba rupi ahẽ resatingamo,<extra_id_0>,Ele tem olhos claros como seu pai
Abá ra'yrape nde?,<extra_id_0>,Filho de quem es tu
"Erenhe'eng-aparatãpe abá supé, i moroŷrõmo, i moporoamotare'yma?",<extra_id_0>,Falaste duramente a alguem irritando-o fazendo-o odiar as pessoas
"Kuîa nhẽ i tĩ-ngá-tĩ-ngábo, ereîanga'o abá",<extra_id_0>,Das cuias ficando a quebrar as pontas afrontaste os homens
Oromoeté-katu nde xe pysyrõagûera resé,<extra_id_0>,Louvo-te muito por me teres salvado
Ereîe'aîtykype kunhã amõ supé?,<extra_id_0>,Acenaste com a cabeca para alguma mulher
Ne'ĩ xe atuasar,<extra_id_0>,Eia meu aliado
Pene'ĩ pesóbo,<extra_id_0>,Sus Ide
Na xe îáî,<extra_id_0>,Nao esta em conformidade comigo nao e igual a mim
Oré moingobé îepé,<extra_id_0>,Faze-nos tu viver
Asendubaíb nde nhe'enga,<extra_id_0>,Entreouvi tuas palavras
Tupã moîerekûapa,<extra_id_0>,Aplacando a Deus
Eresem ymã putunusu suí,<extra_id_0>,Ja saiste da grande escuridao
Emogûeb tatá,<extra_id_0>,Apaga o fogo
Aîakangeky-ekyî,<extra_id_0>,Fiquei-lhe puxando a cabeca pelos cabelos
Apŷá-serokypyra kó 'ara oîmoeté,<extra_id_0>,Os homens batizados honram este dia
 Mba'eramo i moîa'okypyra rekóreme,<extra_id_0>,Por ser coisa que deve ser dividida
Xe îagûareteporu!,<extra_id_0>,Eu sou um jaguarete comedor de gente
Xe nhe'ẽrueru,<extra_id_0>,Eu sou gago
amõneme nhõ,<extra_id_0>,raramente
so'o ma'e'ĩndaba,<extra_id_0>,lugar de vender carne acougue
Ybakype i xoagûera rerobîá,<extra_id_0>,Crendo na sua ida para o ceu
N'aîmopanemi tupãoka,<extra_id_0>,Nao falto a igreja
nde rokype oîkébo,<extra_id_0>,entrando em tua casa
tupinakyîa keygûara,<extra_id_0>,os tupiniquins habitantes daqui
"Oîké îugûasu, i akanga kutuka",<extra_id_0>,Entram grandes espinhos espetando sua cabeca
Mobype a'e asé rekomonhangaba?,<extra_id_0>,Quantos sao os mandamentos dele a gente
Xe moobaybaka,<extra_id_0>,Fazendo-me erguer o rosto
"Akûeîme apytá memẽ nde pyri, ybytyrapûápe",<extra_id_0>,Antigamente eu ficava sempre junto de ti no alto do morro
Memẽ nhẽ moxy îandébo marã e'i-memûã-memûã,<extra_id_0>,Sempre os malditos para nos dizem maldades mui perversamente
N'aîari kó sekó-angaturama,<extra_id_0>,Nao acato essa sua boa lei
Nde resé te'õ n'osyki,<extra_id_0>,De ti a morte nao se aproximou
Asykûera aîasy'ab,<extra_id_0>,Cortei um pedaco
nhau'umoka,<extra_id_0>,casa de barro
Anhemongatyrõ,<extra_id_0>,Enfeitei-me
Oré rysy,<extra_id_0>,Nos estamos enfileirados
Iesus boîá ã ikó,<extra_id_0>,Eis que este e discipulo de Jesus
Aîepoká-poká,<extra_id_0>,Fico-me espreguicando
Aûîebeté ereîkó xe îar-y gûé!,<extra_id_0>,Que bom que existes o meu senhor
Abámo mba'e-katu 'uagûera n'oîkuabi xûé sé katûagûera resé o esaraîamo?,<extra_id_0>?,Quem nao saberia ter comido algo bom esquecendo-se da excelencia de seu sabor
Xe rebykatãgûasu,<extra_id_0>,Eu estou muito empanturrado
Sesé oma'enduaramo,<extra_id_0>,A respeito dele lembrando-se
Aîkurá-kurab,<extra_id_0>,Fico-o chacoteando
A'eboé tuî,<extra_id_0>,Esta muito a proposito esta sem mais nem menos como se queria
kó amoaé,<extra_id_0>,este outro
itangapẽ-mbora,<extra_id_0>,marca de espada sinal de ferimento com espada
amõ amõ santos,<extra_id_0>,alguns santos
Iîá muru senonhana!,<extra_id_0>,Ainda bem que o faz correr consigo
A'eîbé Pilatos supé oîerekûabamo,<extra_id_0>,Bem nesse momento perdoou a Pilatos
ygá-pype,<extra_id_0>,na parte de dentro da embarcacao isto e sob a cobertura dela
Xe pytu-muku,<extra_id_0>,Eu tenho folego comprido
Xe îase'opyoú,<extra_id_0>,Eu estou rouco
"Oîposanong i nambi atõîa nhote, aûnhenhẽ i monga'ẽmo, i moîepotá",<extra_id_0>.,Curou-o somente tocando sua orelha imediatamente fazendo-a sarar colando-a
tykuba'e,<extra_id_0>,o que e liquido o que e ralo
"Moraseîa é i katu, îegûaka, petymbu",<extra_id_0>,A danca e que e boa enfeitar-se fumar
kaûĩ ratá,<extra_id_0>,fogo do cauim isto e com que se coze o cauim
Aytarõ,<extra_id_0>,Farto-o
ambé-aîó,<extra_id_0>,bolsa do abdomen dos marsupiais
Asepy-sepyk,<extra_id_0>,Fiquei falando em favor dele
Pysaré kó i kere'ymi,<extra_id_0>,Eis que a noite toda ele nao dormiu
Ererobîarype paîé porapiti mo'anga'uba?,<extra_id_0>,Acreditas no paje ao fingir assassinar as pessoas
A'e 'ara îepubur'iré a'ereme karaibebé ruri,<extra_id_0>,Apos aquele revirar-se do mundo entao os anjos vem
Aûîebé-te asó,<extra_id_0>,Debalde vou
Mba'easybora repîaka,<extra_id_0>,Ver os doentes
"O a'yra, o embiaûsuba omoporabykyba'e",<extra_id_0>,O que a seu filho e a seu escravo faz trabalhar
tapi'i-kaba,<extra_id_0>,gordura de vaca
kûeîpe suí,<extra_id_0>,de alguma parte dalgures
Xe ky'a,<extra_id_0>,Eu estou sujo
Tupãoka suí i mosemymbyra,<extra_id_0>,o que deve ser expulso da igreja
itamaraká-mirĩ,<extra_id_0>,sineta de mao sinozinho manual campainha
Kunhã kuauká i mena supé,<extra_id_0>,Acusando uma mulher para seu marido
Xe rekó-aé arekó,<extra_id_0>,Tenho meu modo de ser diferente
"Ereîeîuru-mopiningype, abá supé epukamirĩamo?",<extra_id_0>,Pintaste-te a boca sorrindo para os homens
Gûyrá koîpó îagûara nhe'enga supé morangygûana o'îabo,<extra_id_0>,Dizendo que um canto de passaro ou um urro de onca sao agouros
Abá mondarõagûera o'uba'e koîpó og okype ogûerasoba'e,<extra_id_0>,O homem que come objeto de furto ou que o leva para sua casa
"Xe 'ang - Eu tenho abrigo, eu estou abrigado Xe 'ãngatu",<extra_id_0>,Eu tenho bom abrigo eu estou bem abrigado
Aîuká-matutenhẽ,<extra_id_0>,Matei-os muito fiz matanca
Emonãnamope Tupã îandé rubypy arukanga nhẽ apóû semirekóramo?,<extra_id_0>,Por isso Deus transformou a costela de nosso pai primeiro em sua esposa
"Eresópe abá îeky-'ye'ẽ supa, i pora rá?",<extra_id_0>,Foste para revistar as cisternas de agua doce de alguem tomando seu conteudo
Xe rekoruînhẽ,<extra_id_0>,Eu estou adoentado
kopûera,<extra_id_0>.,rocado antigo onde o mato cresceu de novo
Abá-angaîpabĩ takó mba'e-katu ogûerekó xe suí mã!,<extra_id_0>,Ah um homem pecador ha de ter mais coisas boas que eu
Kó-tene i îaeté,<extra_id_0>,Este e o maximo
Aîtyk ygara,<extra_id_0>,Lanco a agua a canoa
"Oîkuakumo amõ abá tekopûera oîepé'ĩ nhõmo, Tupana n'i nhyrõî xómo",<extra_id_0>.,Se alguem escondesse os atos passados uma so vez Deus nao perdoaria
Mamõpe i xóû o mba'e'u-pab'iré?,<extra_id_0>,Aonde ele foi apos acabar de comer
"T'oré pyatã, angá, mba'e-asy porarábo",<extra_id_0>,Que sejamos corajosos sim suportando as coisas dolorosas
"Adão, oré rubypy, oré mokanhemeté",<extra_id_0>,Adao nosso primeiro pai fez-nos perder verdadeiramente
y-eté,<extra_id_0>,agua doce
Supixûar ikó paîé-angaíba,<extra_id_0>,Este paje ruim tem um espirito protetor
"Nde ereîemosusuni, oré moingobé-potá",<extra_id_0>,Tu te agitaste querendo fazer-nos viver
Mba'epe sepyrama?,<extra_id_0>,Qual e o preco delas
Osó nhẽmope asé ybakype o nhemongaraibireme?,<extra_id_0>,Iria a gente para o ceu ao batizar-se sem mais
Xe anama xe mbouri,<extra_id_0>,Minha familia fez-me vir
Kó abá semirekó abé opá o mba'e mombabi,<extra_id_0>,Esse homem e sua esposa tambem fizeram acabar todas as suas riquezas
Asapûapin,<extra_id_0>.,Aguco-a
gûaîbĩ-marã serã-serã,<extra_id_0>,velha muito maldosa
Eîori nde retamûama repîaka,<extra_id_0>,Vem para ver tua futura terra
Sesé orosó,<extra_id_0>,Vou com ele
Xe anhanga moropé,<extra_id_0>,Eu sou o diabo esquentador de gente
ka'a-pa'ũ,<extra_id_0>,ilha de mato CAPO
"Mba'e-akuba, mba'e-robeté tukutuku okûapa",<extra_id_0>,Estando a destilar coisa quente coisa muito amarga
Nde resé serosypyra,<extra_id_0>,Os que estao achegados a ti
Nde 'anga osapy satá,<extra_id_0>,Queimou tua alma o fogo dele
Eropytá nde boîá'ĩ orébo,<extra_id_0>,Fica com teus suditozinhos junto de nos
Peîori sapirõagûama resé pe pupé seîkéreme,<extra_id_0>,Vinde para prantea-lo ao entrar ele em vos
"Nd'e'i te'e oá nhote i xuí, nd'i pekábo ruã",<extra_id_0>,Por isso tao somente nasceu dela nao lhe fazendo rombo
T'îasó maranatãûãme o îoupé oîobaúpa?,<extra_id_0>?,Havemos de ir a dura guerra cara a cara uns contra os outros
Pitanga robá sesãî i xupé,<extra_id_0>,O rosto da crianca esta alegre para eles
Xe pûeraî mbyté,<extra_id_0>! <extra_id_10>!,Eu estava ainda cansado
ugûera,<extra_id_0>,quarto traseiro que se parte de um animal ou de uma pessoa
ta'yrypy,<extra_id_0>,primeiro filho do homem primogenito
Nde resé i pûaragûera moasŷabo,<extra_id_0>,Arrependendo-se ele de ter batido em ti
Nde 'anga sepy-etéba'e,<extra_id_0>,Tua alma e o que tem muito preco
Omanõaibí abá o poraseîtápe bé,<extra_id_0>,O homem desanima sem mais de suas dancas tambem
sapi'a'okypyra,<extra_id_0>,castrado
Asem,<extra_id_0>,Mudo-me
Aporero'ar,<extra_id_0>.,Salteio
Abápe asé sumarã?,<extra_id_0>,Quem e o inimigo da gente
Xe typa'am,<extra_id_0>,Eu tenho calculos renais
"Nde pó gûyrype oroîkó, nde resé oroîekoka",<extra_id_0>,Sob tuas maos estamos em ti apoiando-nos
o apixara rerekoaíba,<extra_id_0>,maltratar a seu proximo
N'aker-angáî sekasápe,<extra_id_0>,Nao dormi absolutamente para procura-los
"Nde atybak, nde resá-popybo ema'ẽmo, epukamirĩamo, eîepokábo tenhẽ",<extra_id_0>,Tu voltas o rosto para tras olhando com a ponta dos olhos sorrindo espreguicando-te
"Aîpó e'ymeté, ko'arapukuî, pysaré nde maînanĩ nde 'anga resé-ne",<extra_id_0>.,Sendo isso assim o dia todo e a noite toda tu cuidaras de tua alma
Tekatueté mã!,<extra_id_0>.,Ah que atrevido
inhanhã,<extra_id_0>,cavidade dela
Xe reté-piring,<extra_id_0>,Meu corpo treme de medo
Eîori t'eremondó xe suí tekoangaîpaba,<extra_id_0>,Vem para que facas ir de mim a maldade
Nde arũaípe nde rapixara 'arybo eîupa?,<extra_id_0>,Tu foste chocarreira estando deitada sobre teu proximo
Pe 'angyme oîkeba'epûera,<extra_id_0>,O que entrou em vossas almas
A'e pe mopyatã,<extra_id_0>,Ele vos fortalece
Aîeîuká-ukar,<extra_id_0>,Faco-me matar
a-pixapaba,<extra_id_0>,ferida da cabeca
Xe apebĩ,<extra_id_0>»ᕗ,Eu sou rechonchudinho
"Nde rera rendupa abé, Anhanga ryryî okûapa",<extra_id_0>,Tao logo ao ouvir o teu nome o diabo esta tremendo
o apixara reîmbaba îagûara remimomosẽgûera,<extra_id_0>,o que perseguiu o cao de seu proximo
-Mba'epe aûîeramanhẽ serekopyrama ikó 'ara pupé? -Aani ã biã - Que é o que será conservado para sempre neste mundo?,<extra_id_0>.,Nada
Aygapukuî,<extra_id_0>,Remo
Yby rupi bépe sugûy syryki?,<extra_id_0>,Pelo chao tambem escorreu seu sangue
Nd'e'ikatuî abá îuru Anhanga ratápe tekó-asyeté mombegûabo,<extra_id_0>,Nao pode a boca de ninguem contar as coisas muito dolorosas no inferno
ypîasoara,<extra_id_0>,o que vai buscar agua a fonte
"Sepyápe, ereîakasó",<extra_id_0>,Em reparacao disso mudaste-te de aldeia
Emonã ûĩ sekóû,<extra_id_0>,Essa fez assim
"Oîepé-ĩombé, nipó, i angaîpab amõme é",<extra_id_0>,Um ou outro porventura foi mau alguma vez
Asapy,<extra_id_0>,Queimo-o
Oporombo'e-a'u Tupã nhe'enga ra'anga,<extra_id_0>,Ensina falsamente as pessoas a provarem a palavra de Deus
Eresó ûĩ,<extra_id_0>,Eis que vais Vais agora
Anhanga o îaramo sekó potare'yma,<extra_id_0>,Nao querendo que o diabo esteja como seu senhor
îandé ma'enduaramo,<extra_id_0>,lembrando nos
Abápe opytá a'epe?,<extra_id_0>,Quem ficou ali
"T'oroîtyk oré poxy, paîé rerobîare'yma, moraseîa, mbyryryma karaimonhanga ndi",<extra_id_0>,Que lancemos fora nossa maldade nao acreditando nos pajes em dancas rodopios com feiticos
"Missa mondykápe épe ereîké îepi, nde îesûere'yîpe",<extra_id_0>,no final da missa que entras sempre manifestamente consciente
Tekokatueté rerekoara o emimotarybo é i mba'ee'ymba'e,<extra_id_0>,O que tem a bem-aventuranca e o que e pobre por sua propria vontade
"Eresaûsubápe nde sy nde ruba i mba'easy tume, sesé nde morerekoaramo?",<extra_id_0>,Tens compaixao de tua mae e de teu pai quando eles estao deitados doentes sendo responsavel por eles
"A'eboépe Tupã rasara Tupã rari amõme, îepi?",<extra_id_0>,certo que o comungante comungue algumas vezes ou sempre
Erur 'y ixébe,<extra_id_0>,Traze agua para mim
O îoybyri se'õmbûera paranã ybyri i kûáî,<extra_id_0>,Lado a lado seus cadaveres ao longo do mar estavam
I xy n'i membyrasyî,<extra_id_0>,Sua mae nao teve dor de parto
I 'ã i 'ang xe retãme xe rekoagûera ixébo,<extra_id_0>,Vem-me a memoria minha vida passada em minha terra
Marã e'ipe Pilatos serekoaretá supé?,<extra_id_0>,Como disse Pilatos aos seus aprisionadores
"Aîpó kuapamo, ereîmorambûé Tupã nhe'enga abyrambûeramo",<extra_id_0>,Sabendo disso impedirias a transgressao da palavra de Deus
Oîoirundyk îeapyká sykápe,<extra_id_0>,No transcorrer de quatro geracoes
"Temone ko'yr Anhanga ratá pora, abá amõ opu'ama iké îandé re'yîpemo",<extra_id_0>,Oxala agora alguma pessoa habitante do fogo do inferno levantasse aqui na nossa multidao
Ko'ẽme gûemi'urama resé onhemosaînana,<extra_id_0>,De manha cuidando de sua comida
T'ereîuká ixébe paîé-aíba supé,<extra_id_0>,Que o mates para mim diante do paje ruim
y-mombukaba,<extra_id_0>,sangradouro de rio
"Oîá nhote kagûarape, marã?",<extra_id_0>,O que bebe somente na medida que acontece
mangaby,<extra_id_0>.,licor de mangaba
marã-te-p'iã-ne?,<extra_id_0>,E pois como ha isto de ser
mokõî îasy,<extra_id_0>,por dois meses lit duas luas
T'aîpobu kori ygasaba,<extra_id_0>,Hei de mexer hoje as igacabas
Perobîar-y-tepe aé Tupã?,<extra_id_0>,Mas acreditais realmente em Deus
Asendu-potakatu,<extra_id_0>,Folgo muito em ouvi-lo
pobandara,<extra_id_0>,o que fia Fig Arte 119 fiandeira
Marã e'ipe Îandé Îara og obá petekarûera supé?,<extra_id_0>,Como disse Nosso Senhor para o que esbofeteou seu rosto
Oré remi'u 'ara îabi'õndûara eîme'eng kori orébe,<extra_id_0>,Nossa comida a que e de cada dia da hoje para nos
miapepûera,<extra_id_0>,o que foi pao
Opápe turi?,<extra_id_0>,Todos vieram
"Cruz resé i moîari, i îeruresabo é",<extra_id_0>,A seu proprio pedido na cruz o pregaram
tining-atã,<extra_id_0>,coisa mirrada ou muito seca
Abápe aîpoba'e oîmomaran?,<extra_id_0>,Quem desobedece aquele
"O pó, o py, o yké kutukagûera bépe erimba'e ogûeropu'am?",<extra_id_0>.,Ergueu-se com as feridas de suas maos de seus pes e de seu flanco
Ereîmombukype kunhataĩ amõ?,<extra_id_0>,Desvirginaste alguma menina
Oú tubixá-katu,<extra_id_0>,Veio um grande chefe
osóbo bé,<extra_id_0>,tao logo indo ele
Aî'apirungá,<extra_id_0>,Machuco-lhe a cabeca
"T'oroîtyk oré poxy, paîé rerobîare'yma, moraseîa, mbyryryma",<extra_id_0>,Que lancemos fora nossa maldade nao acreditando nos pajes em dancas e rodopios
A'epe bé ogûekokatu pupé o 'anga nongatusarûera oína,<extra_id_0>,Ali tambem estando os que guardaram sua alma em sua virtude
Mamõpe erimba'e te'yî-katupabẽ Îandé Îara rerasóû?,<extra_id_0>,Para onde a multidao numerosissima levou Nosso Senhor
Seroŷrõmo opakatu ikó 'ara pupé seroŷrõmbyra sosé,<extra_id_0>,Detestando-os mais que tudo o que se deve detestar neste mundo
y-tororoma,<extra_id_0>,jorro d'agua ITOROR bica d'agua
"Opûerab amõnyme, Tupã asé rerekokuapaba rupi é",<extra_id_0>,Cura-se algumas vezes segundo os designios de Deus para a gente
A'eba'e i moapysykypyramo sekóûne,<extra_id_0>.,Aqueles serao consolados
Xe ryapûanusu,<extra_id_0>,Eu fedo
Xe apy'am,<extra_id_0>,Eu estava pendente
Aîukatu,<extra_id_0>,Acalmei-me
"- Akó morotinga, i amandaba bé asé osepîak",<extra_id_0>,A gente ve aquela coisa branca e sua redondeza tambem
"Sesé onhemonane'yma, oîabé sekó potare'yma",<extra_id_0>,Com eles nao se misturando nao querendo igualmente seu modo de ser
"Taûîé pe poreaûsubagûama rapirõmo, peîemoangekoaíb peína",<extra_id_0>,Pranteai logo vossa miseria estai a vos lastimar
Abebé kó ybytu îá,<extra_id_0>,Voo como este vento
mbyru'apûera,<extra_id_0>,calos ja duros
Xe akym,<extra_id_0>,Eu estou molhado
Aîerekoaibeté xe angaîpá-katu suí,<extra_id_0>,Piorei muito de meu grande mal
"Ema'enãngatu xe ri, xe mbo'are'ym-uká",<extra_id_0>,Vela bem por mim mandando que nao me facam cair
Xe mene'õ,<extra_id_0>,Eu enviuvei
nãmo-nhõta'ub,<extra_id_0>,pequeno como isto
Xe membyrakyrar,<extra_id_0>,Abortei meu filho
T'asó aîpó nhe'enga mopó,<extra_id_0>,Hei de ir para cumprir essas palavras
N'i rambûé-mirĩî xûé aîpó tekorama resé xe nhe'engane,<extra_id_0>,Nao se hao de esvanecer nem um pouco minhas palavras acerca daqueles futuros fatos
"Xe moory-katu îepé, inã tekó mombegûabo",<extra_id_0>,Tu me alegras muito narrando assim os fatos
Asé rarõanamo-tepe karaibebé rekóû?,<extra_id_0>,Mas os guardiaes da gente sao os anjos
Ebapó ta peîkó pe îebyragûama resé ixé nde momorandube'yma pukuî,<extra_id_0>,Ali ficai enquanto eu nao vos informar acerca de vossa futura volta
ypypûera,<extra_id_0>,resto do tronco de arvore que fica na terra apos o seu corte
Setá nhẽ ygasabusu,<extra_id_0>,Sao muitas as grandes igacabas
Xe tekokuabar,<extra_id_0>,Eu retomei o bom senso
Setápe asé nhemongaraíbi?,<extra_id_0>,A gente se batiza muitas vezes
Xe rekosûé-katu,<extra_id_0>,Eu sou muito longevo
T'oropyk,<extra_id_0>,Hei de cobrir-te
"Nd'e'i te'e oîoepîaka'upa, o karukasyramo",<extra_id_0>.,Por isso mesmo tendo saudades um do outro ficam tristes
N'asepîake'ym-a'ubi,<extra_id_0>,Faco que nao o vejo
Xe nhe'ẽpokarugûá-katu,<extra_id_0>,Eu sou muito manhoso em palavras
Oré pysyrõ-te îepé mba'e-aíba suí,<extra_id_0>,Mas livra-nos tu das coisas mas
A'ereme amõ aîukáne,<extra_id_0>,Entao matarei alguns
Xe îá-xe îaó,<extra_id_0>,Eu estou chagado eu tenho muitas chagas
Oroerokûaka'ar,<extra_id_0>,Levamo-los uns atras dos outros
xe rerokarûera,<extra_id_0>,meu padrinho
Sekó-te i poxyeté,<extra_id_0>,Mas sua vida e muito ma
Aîukámo mã!,<extra_id_0>,Ah quem me dera o tivesse matado
Ké turi îandé nupãmo!,<extra_id_0>,Aqui vem para nos castigar
Aîtyk nhe'enga sesé,<extra_id_0>,Lanco palavras contra ele
abá-ekoate'yme'yma,<extra_id_0>,homem liberal
"Yby abé a'ereme onhemonguébo, oryryîane",<extra_id_0>,A terra tambem entao agitando-se tremendo
Xe boîá,<extra_id_0>.,Eu sou mediano eu nao sou grande nem pequeno
Asó-asó-a'ub,<extra_id_0>,Finjo que vou
gûymaenhẽ gûixóbo,<extra_id_0>,indo eu voando
pé pukuî,<extra_id_0>,ao longo do caminho todo o caminho
Eîembo'ebo,<extra_id_0>,Ensinando tu a ti mesmo
Ikó aoba niã aûîé-katutenhẽ Tupãnemendarama,<extra_id_0>,Eis que esta roupa sera adequadamente de feriado
aani-xûé ipóne,<extra_id_0>,nao ha de ser futuro
Eteumẽ kori marana rerekóbo xe resé,<extra_id_0>,Guarda-te hoje de ter guerra comigo
Aretéreme i porabyky-potaryba'e mborypara,<extra_id_0>,O que tolera o que quer trabalhar nos feriados
ahẽ pûapẽ-mbora,<extra_id_0>,a unhada de fulano a marca das unhas de fulano
T'okaî nde ratá pupé,<extra_id_0>,Que queimem em teu fogo
Mba'epe ké kanindé-oby îasûara?,<extra_id_0>,Que ha aqui semelhante a um caninde azul
Nd'a'éî saûsupa ranhẽ,<extra_id_0>,Nao o amo ainda
xe 'anga moingó-katûabo!,<extra_id_0>,fazendo estar bem minha alma
Iîamuru senonhana!,<extra_id_0>,Ainda bem que o faz correr consigo
Aîpepó-'ok,<extra_id_0>,Arranquei as penas de sua asa
Pilatos ybyrarerekoara supé i popûasaba resebé serasóû,<extra_id_0>,Levaram-no com suas ataduras para Pilatos o governador
kunumĩ-etá,<extra_id_0>,muitos meninos
Oré rerekomemûãsara supé oré nhyrõ îabé,<extra_id_0>,Como o nosso perdao aos que nos tratam mal
O'u-eté-eté ahẽ mba'e,<extra_id_0>,Ele comeu demais aquela coisa
"Na pe apysáî, îandu, ikó taba apamonana",<extra_id_0>,Nao tendes ouvidos como de costume confundindo esta aldeia
Tekó-katu arekó,<extra_id_0>,Tenho vida boa
Gûyrasapukaîa îabé ereîetu'u,<extra_id_0>,Como um galo te deitas
A'epe xe só îaramẽ,<extra_id_0>.,Como se eu fosse la
Mboîa Pedro îaîxu'u,<extra_id_0>,A cobra mordeu a Pedro
"T'orogûerekó, setãme, nde pyri, tekopuku",<extra_id_0>,Que tenhamos em sua terra junto de ti a vida eterna
Nd'e'i te'e opá abá angaîbaramo-ne,<extra_id_0>,Por isso mesmo todos os homens emagrecerao
Ene'ĩ t'asóne!,<extra_id_0>,Eia que eu va
Erimba'epe aîpó nde 'îaba ereîmopóne?,<extra_id_0>,Quando cumpriras isso que dizes
Aîeruré aoba resé Pedro supé,<extra_id_0>,Peco a Pedro por roupa
Xe pé-bur,<extra_id_0>. <extra_id_10>e <extra_id_3>,Eu tenho casca de ferida erguida
Mba'e-mirĩ resé aîpó o'îabo,<extra_id_0>,Dizendo isso por pequenas coisas
Okûabépe irã so'o?,<extra_id_0>,Escaparao futuramente os animais quadrupedes
T'onhemonhang nde remimotara,<extra_id_0>,Faca-se tua vontade
Na xe rosangi,<extra_id_0>,Eu nao tenho resistencia
"Xe mopyatã îepé, t'apu'am muru resé, aûîérama i moaûîébo",<extra_id_0>.,Faze-me tu valente para que eu me oponha ao maldito para sempre vencendo-o
itá repoti,<extra_id_0>,escoria do ferro
Okuî rakó amũme ybarambûera o 'yba suí ybotyramo oîkóbo bé,<extra_id_0>,Caem as vezes os frutos das suas arvores sendo ainda flores
Mobype a'e Tupã?,<extra_id_0>,Quantos sao esses deuses
Gûaîxará t'osó tatápe,<extra_id_0>,Que va Guaixara para o fogo
Îuky-karaíba oîmondeb nde îurupe ta se'ẽngatu Tupã nhe'enga i xupé,<extra_id_0>,Sal bento pos na tua boca para que seja muito saborosa a palavra de Deus a ela
Aî'apurupã,<extra_id_0>,Dou-lhe pancadas na cabeca
Tekokatu angagûara Tupã sy-angaturama,<extra_id_0>,A que cuida da virtude e a mae de Deus bondosa
"Anhemombe'u ndebe, pa'i abaré setá nhẽ xe angaîpagûera resé",<extra_id_0>.,Confesso-me a ti senhor padre por causa do meu pecar muitas vezes
T'a'u pá Îakaregûasu pepyra!,<extra_id_0>,Hei de comer todo o banquete de Jacare-guacu
Arokakar xe rekobé-etérama re'ĩ,<extra_id_0>,Hei de me aproximar de minha futura e verdadeira vida
I kuakubypyre'yma i nhyrõngatu i xupé,<extra_id_0>,Os que nao sao escondidos perdoa bem a eles
"Xe pó gûyrype arekó kunumĩgûasu-angaîpaba, tunhãba'e-kakuaba",<extra_id_0>,Sob minhas maos tenho os mocos pecadores os velhos crescidos
"Tó, inã îepé ra'e!",<extra_id_0>,Oh entao assim e na verdade
Eîmombe'u-katu Tupã ra'yramo nde rekó orébe,<extra_id_0>,Confessa bem a nos que tu es o filho de Deus
Yby abé a'ereme oryryîane,<extra_id_0>,Tremendo entao a terra tambem
"Okuî rakó amũme 'ybarambûera o 'yba suí 'ybotyramo oîkóbo bé, amõ rakó ogûakyra pupé i kuî, amõ rakó ogûaîub'iré i kuî",<extra_id_0> resume,Caem as vezes os frutos de suas arvores sendo ainda flores outras vezes em seu estado verde outras vezes apos amadurecerem caem
mbo'yrysy,<extra_id_0>,cordao de contas
Okeretápe se'õmbûera?,<extra_id_0>,Dormiu demais seu cadaver
Osobá-syb aó-tinga pupé,<extra_id_0>,Limpou seu rosto com um pano branco
To'o suí mirra moroesé se'õagûama mombegûaba,<extra_id_0>,A mirra de polpa era o anuncio de sua futura morte pela gente
y-syryka,<extra_id_0>,agua corrente
Kûarasy oporomo'y'useîeté,<extra_id_0>,O sol faz as pessoas terem muita sede
Oroîopynekûab,<extra_id_0>,Desencontramo-nos
O emitymbûerypy pupé Tupã potá-me'engano,<extra_id_0>,Dar tambem o quinhao de Deus naquilo que plantou primeiro
"Nd'ei te'e, o py'a pupé oîemongetá-ngetábo, Tupã momburukatûabo",<extra_id_0>!,Por isso mesmo e que em seus coracoes ficando a refletir desafiam muito a Deus
"A'epe kunhãmuku repenhana, i potasápe",<extra_id_0>,Ali atacando as mocas por deseja-las
T'i rekó-katu îandébe,<extra_id_0>,Tratemo-los bem junto de nos
kunhataĩ-a'uba,<extra_id_0>,rapariga por desprezo pejorativo
Aroŷrõ xe rekopûera,<extra_id_0>.,Detesto minha lei antiga
Nd'a'é te'e nde ratãngatu resé gûiîekoka,<extra_id_0>,Por isso mesmo em tua grande forca apoio-me
Tupã reroîypa ybaka suí,<extra_id_0>,Fazendo Deus descer consigo do ceu
"Xe moaîu-marangatu, xe moŷrõ-etekatûabo, aîpó tekó-pysasu",<extra_id_0>,Importuna-me bem irritando-me muitissimo aquela lei nova
Sekoaba'e kûé kunhã oré akanga i apiti,<extra_id_0>,O que e comum e aquela mulher esmagar nossas cabecas
Pe îuká xe îara,<extra_id_0>,Meu senhor vos mata
Anhemba'e-nhang,<extra_id_0>,Encaixotei-me as coisas
Paranãgûasu rasapa aîu,<extra_id_0>,Vim atravessando o oceano
Xe îurubok,<extra_id_0>,Eu estou fendido
"Putunusu porarábo, oroîkotebẽngatu",<extra_id_0>,Suportando a grande noite estamos muito aflitos
Eîotĩ nde kesaba xe porupi,<extra_id_0>,Amarra tua rede de dormir ao lado de mim
Anhatimã-timanĩ,<extra_id_0>,Fico girando em circulos fico rodeando como o que se perdeu ou que busca alguma coisa
"nde rapixara ku'a îubana, nde poropotá-pokyramamo",<extra_id_0>,abracando a cintura de teu companheiro estimulando teu desejo sensual
Xe resá pupé-katu asepîak nde i mimagûera,<extra_id_0>,Bem com os meus olhos vi que tu as escondeste
"Ixé sesé gûiporandupa, xe roka suí aîu",<extra_id_0>,Eu dele perguntando vim da minha casa
Oîpysó ybyraîoasaba 'arybo,<extra_id_0>,Estiraram-no sobre a cruz
Ikoba'e resé tekoara oîaby-eté tekó,<extra_id_0>,Os que vivem para isso transgridem muito a lei
Oré raûsubá îepé oré rekobé pukuî,<extra_id_0>,Tem tu compaixao de nos durante nossa vida
yekûabusu,<extra_id_0>,riacho
Aîmongûy-pab,<extra_id_0>,Gastei-o totalmente
Ekûãî îá reru,<extra_id_0>,Vai para trazer um pouco dela
I îukapyrûere'yma,<extra_id_0>,O que nao foi morto
Eîotĩ nde kesaba xe porupi,<extra_id_0>,Amarra tua rede de dormir ao longo de mim
pirûera,<extra_id_0>,pele esfolada fora da carne
Nd'e'i ipó xe re'õnama ranhẽ re'a,<extra_id_0>,Minha morte nao ha de ser ainda
Xe îurubó-bok,<extra_id_0>,Eu estou fendido em diversas partes
Atyabor,<extra_id_0>,Estou na penuria
Xe aó-mondé-matueté,<extra_id_0>,Eu estou ricamente vestido de roupas
Aîpó e'i nhote i xupéne konipó abaré supé i mombe'uû i akakapagûama reséne,<extra_id_0>,Isso dira somente a ele ou contara ao padre para que o repreenda
Pedro aé emonã xe moingó-ukar,<extra_id_0>.,O proprio Pedro mandou-me fazer proceder assim
Tupana kuapa,<extra_id_0>,conhecendo a Deus
Xe sym,<extra_id_0>.,Eu estou liso
"Moropotara semipokuabe'yma, arũaíba, tekó-poxy anga Îandé Îara îandé 'angyme îandé ogûar'iré ybŷá potara oîmoaruab",<extra_id_0>.,O desejo sensual tornado costumeiro a janotice o vicio isso Nosso Senhor apos o recebermos nos em nossa alma impede de se querer
O irũ n'oîamotari,<extra_id_0>,A seus proprios companheiros nao querem bem
Iesu toryberekoara,<extra_id_0>,Jesus guardiao da alegria
Xe akymaíb,<extra_id_0>.,Eu estou umido
Ybyrá angapeẽamẽ,<extra_id_0>,Madeira e o que falta
Abá nhe'engûerape aîpó?,<extra_id_0>,Palavras de quem sao aquelas
O emimomoxypûera o mũetéramo sekó kuakupa,<extra_id_0>,Escondendo ser sua parente verdadeira a que ele perverteu
Aîybõ-mbá,<extra_id_0>,Flechei-os todos
Oú tubixá-katu mamõ suí nde reká,<extra_id_0>,Veio um grande chefe de longe para te procurar
y-mombîasaba,<extra_id_0>,instrumento de desvio de agua sangradouro
Turagûera moetesabamo kó 'ara îamoeté,<extra_id_0>,Como modo de honrar sua vinda este dia honramos
Eîmoîar ybyraîoasaba resé,<extra_id_0>,Prega-o na cruz
Turusu-pyryb,<extra_id_0>,algum tanto grande
abaré nhe'ẽnhe'enga renduba,<extra_id_0>,ouvir o sermao do padre
"O 'anga renõîndara abé o îuraragûaîamo nhẽ, marãpe?",<extra_id_0>,E mentindo tambem aquele que invoca sua alma que acontece
"Saraûaîa rur'iré, îamombá taba îandune",<extra_id_0>,Apos vir Sarauaia destruiremos a aldeia como de costume
T'oîporeaûsuberekó îudeus,<extra_id_0>,Que se compadecam dele os judeus
Aîporará temõ Tupã resé mba'easy katupabẽ mã!,<extra_id_0>,Ah oxala eu sofresse por Deus muitissimos infortunios
"I porang kó tupãoka, îegûakabetá rerupa!",<extra_id_0>,bonita esta igreja tendo muitos adornos
Itaîuba repyramo aîme'eng,<extra_id_0>,Dei-o a troco de dinheiro
"Nde remimimbûera, anhẽ, umãmepe nde mondá?",<extra_id_0>,O que tu escondeste na verdade onde tu roubaste
-Marãpe ereîkó kaûĩ suí esabeypó? Ereîkomemûãpe a'ereme?,<extra_id_0>?,Como ages embriagando-te de cauim Fazes o que nao deves entao
Sakã resé i îepokoki,<extra_id_0>,Ela embarrou nos seus ramos
ka'a-pa'ũ,<extra_id_0>,ilha de mato em meio a um descampado CAPO
"Îori, esenõî angá kûeîbo nde remimoaûîé",<extra_id_0>,Vem nomeia os que tu derrotas por ai
T'i îerobîar apó abá ri,<extra_id_0>,Confiemos nesses homens
Eresepy-mondykype marãtekó repyramo?,<extra_id_0>,Fizeste chegar o pagamento como retribuicao de um trabalho
tobá pinima,<extra_id_0>,sardas do rosto
xe ra'ysé,"<extra_id_0>.,ловна <extra_id_12>",os parentes de minha mulher
Oîepé xe pysá pora,<extra_id_0>,Um so e o conteudo de minha rede
Onhemoangaîpabeté serã apŷaba o îeapyká-eté roîré?,<extra_id_0>.,Porventura fizeram-se muito maus os homens apos se multiplicarem
Eresabeyporype kaûĩ suí 'ara mokanhema?,<extra_id_0>,Ficaste bebado de cauim perdendo o juizo
Té ahẽ serasóbo ko'yté,<extra_id_0>,Finalmente ele a levou
Akûeîme apytá memẽ nde pyri,<extra_id_0>,Antigamente eu ficava sempre junto de ti
Mokõînhõ kó taba pupé sekóû,<extra_id_0>,Poucos moram nesta aldeia
Oroîurusu,<extra_id_0>,Viemos muitos
Osó xe renondé,<extra_id_0>,Foi a frente de mim
umã suí?,<extra_id_0>,de onde donde
Oîkuapá-me'eng umûãpe Îudas Îandé Îara îudeus supé erimba'e?,<extra_id_0>,Ja tinha dado Judas aos judeus o meio de reconhecer Nosso Senhor
Aîmboyî,<extra_id_0>,Acalentei-a
nhandu'i-kesaba,<extra_id_0>,teia de aranha
Oîoybari orogûar,<extra_id_0>,Tomamo-lo de ombro a ombro
Xe amandab,<extra_id_0>,Eu sou redondo
Kó tabygûara xe pó gûyrybo sekóû,<extra_id_0>,Estes habitantes da aldeia sob minhas maos estavam
Aopyranga îu abé ogûerur,<extra_id_0>,Vinha com purpura e espinhos
O îoybyri aîmoín,<extra_id_0>,Prendi-os um ao lado do outro
ikatupe nde moĩndara,<extra_id_0>,o que te poe a nu
Ara i 'aragûera pîasaba pupé tatá i apyrasabapé 'îaba îaîmondyk,<extra_id_0>,No dia de guarda do nascimento dele acendemos a fogueira chamada caminho do salto
i apytera,<extra_id_0>,o miolo dele
T'oú oré moorypa,<extra_id_0>,Que venha para nos fazer felizes
Marã e'îara,<extra_id_0>,As que dizem coisas mas
Asy-syî,<extra_id_0>,Fiquei estremecendo
Abá angaîpá-nhemima i kuapare'yma supé mombegûabo,<extra_id_0>,Contando os pecados escondidos de alguem para quem nao os conhece
Aîapó minga'u,<extra_id_0>,Faco mingau
"""Osó ipó re'a"" a'é",<extra_id_0>,Presumo que ele deve ter ido
"A'ereme karaibebé ruri, te'õmbûera renõîa, mimbygûasu pŷabo",<extra_id_0>,Entao os anjos virao chamando os mortos tocando trombetas
y-katu,<extra_id_0>,aguas tranquilas bonanca
I pytũ-pytun 'ara,<extra_id_0>,O dia esta muito escuro como que para chover
Turusueté - Ele é maior I porangeté,<extra_id_0>,Ele e mais bonito
Nyn-nyng a'é,<extra_id_0>,Estou a latejar
Kó nhõ anosẽ îepé moxy suí,<extra_id_0>,Na verdade somente estas retirei dos malditos
Oîopobaî aîar,<extra_id_0>,Tomei-o com ambas as maos
A'ereme îasytatá o apakuîamo,<extra_id_0>,Entao as estrelas cairao completamente
Osekyî kunhã maîé Karûara,<extra_id_0>,Invocam as mulheres o paje Caruara
I abaí xebo sa'anga,<extra_id_0>,dificil para mim tenta-los
seremirekoe'õba'e,<extra_id_0>,o que e viuvo o viuvo
Xe pungá,<extra_id_0>,Eu estou inchado
anhẽ ruãp'anhẽ,<extra_id_0>,mas de verdade
Abá rokype erekûá?,<extra_id_0>,Na casa de quem passaste
Aîkó,<extra_id_0>,Eis-me aqui eis que aqui estou
Tera'ute oú,<extra_id_0>,Ah se viesse
Xe resaraîpotar,<extra_id_0>,Eu sou esquecidico
"Pe ramỹîa pabẽ rakó îase'o rerekóû, îemoingeabo",<extra_id_0>,Vossos avos todos com pranto estavam recolhendo-se
ikó-te,<extra_id_0>,este outro e nao ele
Abápe aîpoba'e oîaby?,<extra_id_0>,Quem aquele mandamento transgride
"Asé aîpó i me'engymbyra supé ""Tupã potaba"" i 'éû?",<extra_id_0>.,A gente diz quinhao de Deus para aquilo que e dado
Te'yîpe memẽ nhẽ ixé aporombo'e,<extra_id_0>,Sempre eu ensinei publicamente as pessoas
Tupã-eté rerobîara îaîporaká xe ybỹîa,<extra_id_0>,A crenca no Deus verdadeiro encheu meu interior
Aîopoî ahẽ so'o pupé,<extra_id_0>,Reparti com ele a carne
O îoasykûera ri îasûaramo i îogûerekóû,<extra_id_0>,Eles se tratam uns aos outros como semelhantes por causa de sua irmandade
Aîkó-angaîpab,<extra_id_0>,Ajo velhacamente
A'e ipó oîmoarybé-ukar xe suí,<extra_id_0>,Ele certamente faz tirar-lhe o efeito de mim
-Oîerokype asé Cruz supé? -Oîeroky -A gente se inclina junto à cruz?,<extra_id_0>,Inclina-se
Tieté kó angaîpaba maniîabo mã! Tieté kó ahẽ maniîabomã!,<extra_id_0>,Ah que mau e o pecado Que mau que e fulano
Asó xe ruba rapépe,<extra_id_0>,Vou ao caminho de meu pai
Xe ate'ẽ,<extra_id_0>,Manquejo
"Ereîkuakupe nde angaîpaba amõ abaré suí, senotĩamo nhẽ?",<extra_id_0>,Escondeste algum pecado teu do padre envergonhando-te dele
Osapirõ-n'asé og uba o sy kanhemagûera,<extra_id_0>,Ha de prantear a gente o desaparecimento de seu pai e de sua mae
Na xe raûsupeî,<extra_id_0>! <extra_id_10>!,Nao por me amar
abá-tekokuabe'ymusu,<extra_id_0>,homem parvoeirao ignorantao
"Ogûerasó amõ okusupe seroîkŷabo, a'epe maranaritekoaratã reŷnhanga sesé",<extra_id_0>,Levaram-no para um certo palacio fazendo-o entrar reunindo soldados fortes ali por sua causa
aani xûé ko'yténe,<extra_id_0>,nunca mais
Nd'e'ikatu angáî-tepe asé abá rekó-nhemima mombegûabo?,<extra_id_0>,Mas nao pode a gente de modo nenhum contar o procedimento oculto de alguem
Santa Maria o membyrá-kakara omo'ã-mo'ang,<extra_id_0>,Santa Maria esta pensando na aproximacao de seu parto
pó-ky'a,<extra_id_0>,fibras sujas
Mamõ serã xe sóûne?,<extra_id_0>,Para onde sera que eu irei
Eîmoting nde rekopûera!,<extra_id_0>,Enjoa-te de teu velho modo de ser
Xe rekombegûé,<extra_id_0>,Eu sou molengao
Xe pópe arekó-katu,<extra_id_0>,Em minhas maos bem os tenho
Xe ro'o-piring,<extra_id_0>! <extra_id_10>!,Tenho a carne arrepiada
nhemosaraîxûera,<extra_id_0>,gozador brincalhao zombeteiro
Apŷaba eresepenhãne,<extra_id_0>,Os indios atacaras
metarapûá,<extra_id_0>.,pedra de beico pontuda
"I xupé ogûeru îetanongabamo itaîuba, ysykatã syapûãba'e, mirra",<extra_id_0>.,Para ele trouxeram como oferendas ouro resina dura que recende isto e incenso e mirra
"Nde morerekoar xe ri, nde pó gûyrype xe nonga",<extra_id_0>,Se tu guardiao de mim sob tuas maos colocando-me
Tamũîa omombab erimba'e,<extra_id_0>,Destruiu outrora os tamoios
"Anhandu beémo erimba'e angûama mã, pe 'erama purûabo!",<extra_id_0>,Ah se eu tivesse percebido outrora isso praticando o que dizieis
O mba'e-katupabẽ îarama,<extra_id_0>,Futuro senhor de suas muitissimas riquezas
N'oîeruré-pytubari Tupã supé ogûenosemarûera resé,<extra_id_0>,Nao se cansam de pedir a Deus pelos que os resgataram
Aîmomara'ar,<extra_id_0>,Faco-o doente
"A'epe o mena koîpó o emirekó mũetéramo sekó mombe'ue'yma, marã?",<extra_id_0>.,E nao confessando ser parente de fato de seu marido ou de sua esposa que acontece
Na xe poropoûsubi,<extra_id_0>,Eu nao sou medroso
"Serapûan kó mosakara, i kaûĩgûasuba'e",<extra_id_0>,Sao famosos esses mocacaras que sao uns beberroes
O tupãnamo ta xe rerekó,<extra_id_0>,Que me tratem como a seu proprio deus
Tenhẽngatupabẽ osykyî i xupé,<extra_id_0>,Muitissimas lorotas invocaram contra ele
"Peîori, perasó muru, supi îandé ratápe sapeka, i monga'ẽmo",<extra_id_0>.,Vinde levai os malditos erguendo-os para sapeca-los em nosso fogo moqueando-os
okarype,<extra_id_0>.,fora na rua
"oporomoaîu oîkóbo, oporomotekokuabe'yma",<extra_id_0>,Esta molestando as pessoas fazendo-as cair em erro
"Oú tenhẽ xe pe'abo ""abaré"" 'îaba",<extra_id_0>,Vem em vao para me afastar os ditos padres
"Nde pópe ogûapyka, osó kunumĩ",<extra_id_0>,Em tuas maos sentando-se vai o menino
Marãpe xe ri erepûá?,<extra_id_0>,Por que bates em mim
Îandé aíba t'oîpe'a,<extra_id_0>,Que afaste nossa maldade
N'osaûsubaripe Tupã amõ abá îeapykaba'erama resé?,<extra_id_0>,Nao se compadeceu Deus de alguem por causa dos que descenderiam dele
Aporoîuká,<extra_id_0>,Mato gente
Mba'epe te'õ?,<extra_id_0>,Que e a morte
Xe abá-aîbĩ anhẽ,<extra_id_0>! <extra_id_10>!,Eu sou um misero indio de fato
Apore'ym,<extra_id_0>,Dou de beber as pessoas
membyre'yma,<extra_id_0>,a sem-filhos a femea esteril
T'oîese'ar-y berame'ĩ oîepekaturamo,<extra_id_0>,Que parecam juntar-se como um so
Oré py'a-pyk,<extra_id_0>,Oprime-nos o coracao
Mba'e-memûãngatupabẽ resé i îekosubyne,<extra_id_0>,Muitissimas coisas mas eles acharao
Asembe'y-kytĩ,<extra_id_0>,Aparei-o
Xe 'é îasûaramo n'aé,<extra_id_0>,Como se eu dissesse
"Opor-oporĩ, Îesu o îarĩ kuapa aûnhenhẽ",<extra_id_0>.,Ficou saltando reconhecendo imediatamente Jesus seu senhorzinho
Xe abá niã ixé,<extra_id_0>,Eis que eu sou homem
"Ave Maria, graça resé tynysemba'e",<extra_id_0>,Ave Maria a que esta cheia de graca
Paranã rupi agûatá,<extra_id_0>,Segui pelo mar em navio 'Y rupi aguata - Andei pelo rio de barco
Aîpó tera xe arõana,<extra_id_0>,Esse nome e o que me convem
xe ruba xe monhangara,<extra_id_0>,meu pai o que me gerou para nao haver confusao com outros parentes que tambem eram chamados tuba
Tupã sy opabenhẽ mba'e oîkuab oîkóbo,<extra_id_0>,A mae de Deus esta sabendo todas as coisas
kaûĩ xe renotara,<extra_id_0>,o cauim que e preparado para meu recebimento
I angaturama nhẽ oîrumõ-rumõ,<extra_id_0>,Fica aumentando sua bondade
Esendu,<extra_id_0>.,Ouve
Xe abé iî ybõmbyrûera Bastião xe moaûîé N'i tybi xe abaetepûera,<extra_id_0>.,A mim tambem o flechado Bastiao derrotou-me Nao existe mais minha antiga bravura
Xe rypab,<extra_id_0>,Eu seco
-Nde regûyrõpe nde agûasá resé?,<extra_id_0>,Tu tiveste excitacao com teu amante
Nde resé memẽ oroîkó,<extra_id_0>,Contigo sempre estou
Îori anhanga mondyîa,<extra_id_0>,Vem para espantar o diabo
Oîoapyri oroîkó itá resé,<extra_id_0>,Estamos nos ferros ao pescoco um do outro isto e estamos presos nos ferros um ao pescoco do outro
Iîabaíbeté nhẽ rakó asé atá mysakanga,<extra_id_0>,Sao muito molestos certamente os tropecos de nossa caminhada
"Opá xe uba îesyî, oîemoatãmo",<extra_id_0>,Ambas as minhas coxas tremem endurecendo
Nde resá-poropotápe amõ resé ema'ẽmo?,<extra_id_0>.,Tu tens olhos concupiscentes olhando para alguem
Pytunusupe émo i xóûmo,<extra_id_0>,Para uma grande escuridao e que iriam
A'e ipó Tupã n'omoangaturami,<extra_id_0>,Esses na verdade nao honram a Deus
Asó nhẽ,<extra_id_0>.,Vou por ir sem algum fim
"kûesé-té'ĩ, kûesé-té'ĩ-mbyryb, kûesé-té'ĩbé, kûesé-bé'ĩ, kûesé-pyryb",<extra_id_0>',ha bem pouco tempo agora ha pouco agorinha mesmo
Tupã oîmonhyrõ o îoupé setá nhẽ seîxutatá tekoangaîpaba repy-mondykápe,<extra_id_0>,Fazem aplacar a Deus a si mesmos ao eliminarem a divida dos pecados de muitos anos
Anhopan,<extra_id_0>,Aparei-o
nhũasyma,"<extra_id_0>.,ловна <extra_id_12>",campo limpo
Sugûy turusu,<extra_id_0>,Seu sangue era muito
momorandupara,<extra_id_0>,o que informa o que avisa
"I aysó, nipó, îasy, og obagûasu reru",<extra_id_0>,formosa certamente a lua vindo com sua grande face
Aporokuaukar,<extra_id_0>,Delato gente
"Nama'eruã oîmonhang asé 'angamo, o nhe'enga pupé é i monhangi",<extra_id_0>,Do nada fez nossa alma com sua palavra e que ele a fez
"Aûîé! Anhe'eng, Saraûaî!",<extra_id_0>,Basta Falo eu Sarauaia
Eîmondeb itangapema surupe,<extra_id_0>,Poe a espada na bainha dela
Mba'epoxy koty onhe'engaíbamo,<extra_id_0>,Dizendo palavras mas acerca de coisas nojentas
Tupã syrama ri i monhangymbyra…,<extra_id_0>,Para ser a futura mae de Deus ela foi feita
Opakatu xe rembiara xe pó suí serasóû,<extra_id_0>,Todas as minhas presas de minhas maos as levou
ybykûab,<extra_id_0>,produtivo de bom rendimento
"Anhanga pe'abo, te'õ resebé",<extra_id_0>,Afastando o diabo assim como a morte
O boîáramo pe rari,<extra_id_0>,Como seus discipulos receberam-vos
Nd'îasóî xûé-tepemo ybakype se'õe'ỹmemo?,<extra_id_0>,Mas nao iriamos para o ceu se ele nao morresse
"I xy i aso'ikatûabo, oîopîá ro'y suí",<extra_id_0>,Sua mae cobrindo-o bem defende-o do frio
Soby,<extra_id_0>.,Ele e azul
Anhanga sumarã,<extra_id_0>,inimiga do diabo
Morubixaba mondá îaînambi-'okukar,<extra_id_0>,O juiz mandou desorelhar o ladrao
Lisboa akûeakoty,<extra_id_0>.,para alem de Lisboa
"Mondarõ, nhe'engaíba, mo'ema nde resemõ",<extra_id_0>,Ladroeira palavras ruins mentiras sobejavam-te
Mba'e resé o nhemoma'enduaragûera a'epe onhenosẽne,<extra_id_0>,Suas antigas lembrancas das coisas ai se retirarao
"Eresabeyporype kaûĩ suí, 'ara mokanhema?",<extra_id_0>,Ficaste bebado de cauim perdendo o juizo
I angaturãngatu moeburusûabo,<extra_id_0>,Sua muita bondade engrandecendo
Mamõpe ybŷá Îandé Îara rerobasemi ko'yté?,<extra_id_0>,Aonde chegaram com Nosso Senhor enfim
xe îara re'õ renõîa,<extra_id_0>,Evocando a morte de meu Senhor
Eîmbo'ekatu xe 'anga t'oîkuab ybaka piara,<extra_id_0>,Ensina bem minha alma para que conheca o caminho do ceu
itagûasutyba,<extra_id_0>,jazimento de pedras grandes penedia
"Otĩ kûarasy osema, nde beraba robaké",<extra_id_0>,Envergonha-se o sol de nascer diante de teu brilho
"Apŷaba, gûaîbĩ, kunhãne, ko'arapukuî xe rembiá",<extra_id_0>,Homens velhas mulheres sempre serao minhas presas
Aîapeaob,<extra_id_0>,Forrei-o
Ne'ĩ serasóbo ko'yté,<extra_id_0>,Ora ja agora leve-o
xe akanga moîegûaka,<extra_id_0>,enfeitando minha cabeca
y-e'ẽ,<extra_id_0>,agua salgada do mar
Aîmomoxy pabenhẽ,<extra_id_0>,Arruinei a todos
Xe py-ambugûasu,<extra_id_0>,Faco muito barulho ao andar
Xe moarûá Pa'i Tupã!,<extra_id_0>,Estorva-me o Senhor Deus
Aîmonhang-îeaseî,<extra_id_0>,Fi-lo rispidamente
Aîur ybaka suí îepi nhẽ pe pytybõmo,<extra_id_0>,Vim do ceu para vos ajudar sempre
Aîeaibok,<extra_id_0>.,Tirei o luto
Amõ kunhã suí i moingoébo,<extra_id_0>,Diferenciando-a das outras mulheres
"Marã e'ipe asé, karaibebé o arõana mongetábo?",<extra_id_0>,Que a gente diz conversando com o anjo seu guardiao
Aîpytasã-mondok,<extra_id_0>,Cortei seus nervos
"Tupã nhe'enga abŷagûera t'ereîmombe'u, apore'ymagûera béno",<extra_id_0>,Que confesses a transgressao da palavra de Deus a persistencia nisso tambem
"I Tupã irũmo bé kó seté rekóû, pesembûeri pupé bé gûetépe-katu re'a",<extra_id_0>,Eis que com seu corpo deve estar sua divindade nos pedacinhos tambem inteiramente
Xe u'ukûar,<extra_id_0>.,Eu arquejo
Aîekok sesé,<extra_id_0>,Encosto-me nele
sapopema,<extra_id_0>,raizes angulosas nome de lugar
Penhe'eng poxype pe îoupé?,<extra_id_0>,Falastes torpemente para vos mesmos
Ixé rakó,<extra_id_0>,Era eu
Xe îuru-bok,<extra_id_0>,Eu estou com a boca entreaberta
Aporoîaî - Escarneço das pessoas Aporoîá-roîaî,<extra_id_0>.,Fico escarnecendo das pessoas
ogûatápe oré rekyîa,<extra_id_0>,para seu fogo arrastando-nos
ãme,<extra_id_0>,em abrigo
Aîepoká,<extra_id_0>,Arrepiei-me
pitangamo onhemonhanga,<extra_id_0>,como crianca gerando-se
i i'yra → i'yra,<extra_id_0>,sobrinho dele
Aîapyrasab,<extra_id_0>,Saltei-o
îeîbeté,<extra_id_0>,bem cedo bem de madrugada
Oîerekoaíbeté xe akanga rasy xe suí,<extra_id_0>,Piorou muito a dor de minha cabeca
A'é sepîaka,<extra_id_0>,Vejo-o Com enfase Lit Acho-me vendo-o
Nde 'ekatu kó 'ara moapysyki,<extra_id_0>,Teu poder aquietou este mundo
Ebokûé asó,<extra_id_0>,Eis que vou
mokõî asé pó papasaba,<extra_id_0>,meios de contar das duas maos da gente isto e os dedos
Santa Maria o membyrá-kakara omo'ã-mo'ang,<extra_id_0>,Santa Maria esta supondo a aproximacao de seu parto
Anhenong gûitupa,<extra_id_0>,Estou-me recolhendo
Xe aseî arasó,<extra_id_0>,Nas minhas costas levei-o
Xe rendyîuî,<extra_id_0>,Eu espumei
T'aroŷrõngatu Anhanga,<extra_id_0>,Que eu deteste muito o diabo
N'i pori be'ĩ xe aîó,<extra_id_0>,Nao contem mais nada minha bolsa
Akambu,<extra_id_0>,Mamei
Aîepîar,<extra_id_0>,Escudo-me defendo-me
Aîakarãî,<extra_id_0>,Roi-o
Aîypymoín,<extra_id_0>,Comecei-o
"Xe îekyîme, t'ereîu",<extra_id_0>,Ao morrer eu que venhas
"Ereîanga'ope nde ruba, nde sy, nde ramũîa, nde aryîa?",<extra_id_0>,Vituperaste teu pai tua mae teu avo tua avo
Anhemoatypygûasu,<extra_id_0>,Inchei-me muito as bochechas
Emonãnamo serã Tupã îandé rubypy arukangûera nhẽ monhangi semirekó retéramo?,<extra_id_0>,Sera que e por isso que Deus transformou a costela de nosso pai primeiro no corpo de sua esposa
korite'ĩ-mbyryb,<extra_id_0>,agora ha pouco
Inaîagûasu apepûera amõ pupé i nhang'iré,<extra_id_0>,Apos verte-la dentro de alguma casca de coco
kûarasy-ro'y,<extra_id_0>,sol frio isto e sol encoberto tempo nublado
Osó ruãpe é?,<extra_id_0>,certo que foi
Kó taba pupé aîkó - Moro nesta aldeia Aîkó iké xe roka pupé - Moro aqui em minha casa Aîkó Pero irũnamo,<extra_id_0>,Moro com Pedro
yby-pytanga,<extra_id_0>,terra avermelhada barro
Apakaíb,<extra_id_0>,Levantei-me dormindo
Îusana abŷare'yma nhẽ serã tentação?,<extra_id_0>,Porventura a tentacao e algo semelhante a uma jucana
Asenõî apŷabetá,<extra_id_0>,Chamo os homens
i nhe'enga mombegûara,<extra_id_0>,o que proclama suas palavras
Abá ra'yrape ûĩ?!,<extra_id_0>,Filhos de quem eram esses
nhe'engasy,"<extra_id_0>.,ловна <extra_id_12>",palavra ruim
Ambyasybora poîa,<extra_id_0>,Alimentar os famintos
Iîá muru! I py'apûera xe potabamo t'oîkó,<extra_id_0>,Bem feito para o maldito Seus figados hao de ser minha porcao
Okakar kó xe rekoberama re'a,<extra_id_0>,Eis que se aproxima minha vida futura
"O ekó moasy riré, abá sóû îemombegûabo",<extra_id_0>,Apos arrependerem-se de seus atos os indios vao confessar-se
Nde rakypûera rupi t'osó xe 'anga îepi,<extra_id_0>,Por tuas pegadas ha de ir minh'alma sempre
Xe boîáramo pabẽ xe pópe arekó-katu,<extra_id_0>,Como meus suditos todos em minhas maos tenho-os bem
Abápe aîpoba'e oîmonhang erimba'e?,<extra_id_0>,Quem fez isso outrora
Maratekoara aé-amẽ ahẽ?,<extra_id_0>,Qual outro e guerreiro senao ele
y rapé,<extra_id_0>,rego d'agua
Oroîekunasab,<extra_id_0>,Estamos entrecruzados
Akûeî tabusu Îerusalém 'îaba pora mombebaûama kuapa nhẽ aîpó i 'éû,<extra_id_0>,Disse isso conhecendo o futuro esmagamento dos habitantes daquela cidade chamada Jerusalem
Na xe poranguî gûitekóbo,<extra_id_0>,Eu nao estou sendo fantasioso
Xe ruba rekobîara é re'ĩ,<extra_id_0>,Ha de ser o substituto de meu pai
Xe pokarugûar,<extra_id_0>,Eu sou habil
Tekopoxypûera tyma,<extra_id_0>,Enterrando os antigos vicios
Xe resangá - Eu sou chorão Abá-esangá,<extra_id_0>,homem choramigas
itaîu-kûara,<extra_id_0>,mina de ouro
Îandé moîeapykáû ikó 'ara pupé ranhẽ,<extra_id_0>,Multiplicou-nos neste mundo primeiro
Tupã nhe'enga morombo'esaba,<extra_id_0>,ensinamento da palavra de Deus
Aîkobé n'ixé sarõana,<extra_id_0>,Permaneco seu guardiao
Pesaûsu ra'upe pe pysyrõana?,<extra_id_0>,Sera que amais vosso salvador
"Aîpó îandé ratá gûyra porama, sapypyrama",<extra_id_0>,Aqueles serao os futuros habitantes do fundo do nosso fogo os que serao queimados
inimbó'i,<extra_id_0>,linha delgada para coser
Erimba'epe aîpó nde 'îaba ereîmopóne?,<extra_id_0>,Quando cumpriras isso que tu dizes
Aîpó nhõ-pipó nde rera?,<extra_id_0>,Esse somente e de fato teu nome
Xe pytubapûan,<extra_id_0>,Eu tenho folego apressado eu tenho muito folego
Anhagûã-nhagûãî,<extra_id_0>,Fico-o mastigando sem dentes
"Pitangĩ repîaka'upa, aîur xe roka suí",<extra_id_0>,Tendo saudades do nenenzinho vim de minha casa
Mokaba ogûeru tenhẽ,<extra_id_0>,Trouxeram polvora em vao
O me'engabeté pyky'yra koîpó tykera resé obykyba'e n'e'ikatuî omendá o me'engabeté resé tiruã,<extra_id_0>.,O que tocou na irma mais moca ou na irma mais velha de sua noiva verdadeira nao pode casar-se nem mesmo com sua noiva
a-tyrá-bebó,<extra_id_0>,cabelos arrepiados e desgrenhados
tekó poreaûsuba,<extra_id_0>! <extra_id_10>!,miserias da vida
N'aîkuabi a'e abá,<extra_id_0>,Nao conheco esse homem
Opûerab é ipó xe 'anga nde nhe'enga pupé nhote,<extra_id_0>,Sara mesmo minha alma apenas com tuas palavras
Peîmoín amõ cruz oîepé kó mara'abora robaké sesá ma'ẽndabamo,<extra_id_0>,Ponde uma cruz diante deste doente como objeto da visao de seus olhos
"Oîmoerapûan-y bé, o îurupe i momoxŷabo",<extra_id_0>,Tornam-nos famosos tambem em suas bocas vilipendiando-os
O memby-porangeté t'omoîerekûab orébo,<extra_id_0>,Que ela faca seu mui belo filho perdoar a nos
Xe îepykixûer,<extra_id_0>,Eu sou vingativo
mosanga moeîrabyîara,<extra_id_0>,remedio portador de cura
A'e rame'ĩpe ybŷá i py rerekóû itapygûá pupé i moîáno?,<extra_id_0>.,Semelhantemente a isso fizeram com seus pes pregando-os tambem com cravos
"Abá rokype erekûá tá, nhemim-y îanondé?",<extra_id_0>,Na casa de quem passaste tomando-as antes de te esconderes
Aîmoangaîbar,<extra_id_0>,Fi-lo emagrecer
E'u oîepé îuru nhote,<extra_id_0>,Toma um so trago
"T'orosaûsu îandé ruba, îandé monhangareté",<extra_id_0>,Que amemos nosso pai nosso verdadeiro criador
Nde nhy'ã nde i moatãnhẽe'ỹme,<extra_id_0>,Se tu nao endureceres teu coracao
Amba'e-ma'e'ĩ,<extra_id_0>,Vendi coisas
Aîerobîá xe îoesé,<extra_id_0>,Ensoberbeci-me acerca de mim mesmo
Aîmongy gûyrá-aba,<extra_id_0>,Untei as penas de passaro para me emplumar com elas
Ereîkópe abaré nde moingoaba rupi?,<extra_id_0>,Procedeste segundo a determinacao do padre a ti
mby piru'a,<extra_id_0>,calos dos pes
Typab,<extra_id_0>.,Ele secou
nha'ẽpesẽ-uba,<extra_id_0>,cinzas do alguidar da bacia feitas pelas chamas
kó rupi,<extra_id_0>,por aqui
Sobaké suí mbegûé-mbegûé i xóû oîeupi,<extra_id_0>,De diante deles ele foi aos poucos subindo
Ogûemimoîa'oka ogûa'yra pé ranhẽ onhe'enga,<extra_id_0>,Falando primeiro a seus filhos que divide isto e os bons dos maus
Amba'e-'u nde suí,<extra_id_0>,Como sem ti
Ikatupe nhẽpe sekóû te'yîpe?,<extra_id_0>,Estava ele despido sem mais em publico
Xe resá-ting,"<extra_id_0>.,ловна <extra_id_12>",Eu tenho olhos claros
Aka'agûyrok,<extra_id_0>.,Roco a mata
Penheangerekó amõ 'ara pupé te'õ pe rokena motaka turagûama resé é,<extra_id_0>,Pensai que algum dia a morte vira para bater em vossas portas
Mo'yrobyeté sepîakypyre'yma,<extra_id_0>,Colares azuis nao vistos ainda
Myatã ogûeru,<extra_id_0>,Trouxe a coragem
"Tupã rendabeté, Tupã raîyra",<extra_id_0>,Verdadeira morada de Deus filha de Deus
xe ruba xe mba'eme'engaba,<extra_id_0>,o patrimonio dado a mim por meu pai
"Tatá nde arõeté, i pupé t'ereîesy",<extra_id_0>,O fogo te convem verdadeiramente para que nele te asses
A'epe marã abá rekóû a'e o esaraîagûera supé ogûasemane?,<extra_id_0>.,E como alguem procedera encontrando aquilo que esqueceu
Iî aeté - Ele é fino Xe aeté,<extra_id_0>,Eu sou fino
Eîeapirõ!,<extra_id_0>,Lamenta-te
inaîagûasu apepûera amõ pupé i nhang'iré,<extra_id_0>,apos verte-la dentro de alguma casca de coco
Nd'e'i ymûanĩ ahẽ i îukábo,<extra_id_0>,Muito devagar ele o mata lit nao se mostra ele finalmente matando-o
Marãpe nde rera?,<extra_id_0>,Qual e teu nome
Xe 'angaingaíb,<extra_id_0>,Eu sou ou estou doido
Oré pysyrõ îepé,<extra_id_0>,Livra-nos tu
"Îaîpó-asá-sá i py resebé, krusá sosé nhẽ xe Îara moîá",<extra_id_0>,Atravessam suas maos assim como seus pes sobre a cruz pregando meu Senhor
A'u temõ mba'eaíba mã a'emo nhẽ xe re'õû,<extra_id_0>,Ah quem me dera comer veneno para que eu morresse
Serobîasare'yma potyrõû iî ybõîybõmo,<extra_id_0>,Os que nao acreditavam nele trabalharam em conjunto ficando a flecha-lo
"Asykyîé, aryryî!",<extra_id_0>,Tenho medo tremo
"O angaîpaba moasŷabo, seroîasegûabo",<extra_id_0>,Arrependendo-se de seus pecados deplorando-os
Marãeté'ĩ ra'umope amõ Anhanga ratá pora rekóû ikó 'ara pupé oîepé îasy Tupã ebanoĩ suí o moingobérememo?,<extra_id_0> resume:,Como sera que um habitante do inferno viveria neste mundo se Deus o fizesse viver fora dali um mes
"Oîabo asé santos 'ara kuabi, oîabo bé asé i kangûerĩ tiruã momba'etéû, o aîuri serekóbo",<extra_id_0>.,Assim como a gente reconhece o dia dos santos do mesmo modo tambem ate mesmo seus ossinhos a gente cultua tendo-os no pescoco
"- Nde rasẽ, eîeapirõ!",<extra_id_0>,Grita tu lamenta-te
Ty-pab,<extra_id_0>.,Ele tem a agua esgotada
Mokõî oîoirundyk oito 'ara sykeme i 'apira mondoki,<extra_id_0>,Ao chegar o oitavo dia cortaram seu prepucio
xe rendybaá-tinga,<extra_id_0>,minha barba branca
"Ereîmoarûabeté ã nde rekó, i moabaípa",<extra_id_0>,Eis que estorvas muito tua vida dificultando-a
Agûasem,<extra_id_0>.,Cheguei por terra
"Aîpó saûsukatupyra, aîpó anhẽ",<extra_id_0>,Isso e que deve ser bem amado isso verdadeiramente
Moka'ẽ itá îurá 'arybo sesyri,<extra_id_0>,Sobre grelhas de moquear de ferro assaram-no
Xe apysy-katu sekoápe,<extra_id_0>,Estava muito satisfeito na morada deles
Xe mopyatã îepé,<extra_id_0>,Faze-me tu valente
Asó temõ ybakype mã!,<extra_id_0>,Ah quem me dera eu fosse para o ceu
Xe resaoby,"<extra_id_0>.,ловна <extra_id_12>",Eu tenho catarata
"Peîori, perasó muru, supi, îandé ratápe sapeka, saîmbé-katûabo",<extra_id_0>.,Vinde levai os malditos erguendo-os para sapeca-los em nosso fogo tostando-os bem
Nd'e'i te'e moxy keteté abá ropenhana,<extra_id_0>,Olhe bem que por isso mesmo o maldito ataca o homem
Opá nde reté raíri itatîãîa pupé,<extra_id_0>,Riscaram todo o teu corpo com ferro pontiagudo
Xe xe 'anga aîmomoxy,<extra_id_0>,Eu enfeio minh'alma
kapi'ĩ-pururuka,<extra_id_0>,capim que fica estalando junco
O aobusu mondoró-ndoroka,<extra_id_0>,Suas tunicas ficando a rasgar
Marangoty-pakó xe rekopûera é?,<extra_id_0>,Em que direcao eram pois meus atos passados
T'oîese'ar-y berame'ĩ oîkóbo,<extra_id_0>,Vivendo como se estivessem unidos
Opabenhẽ gûá sóû îebyîebybo,<extra_id_0>,Todos vao em procissao
Aybysosok,<extra_id_0>,Fiz taipa de pilao
O pytumimbykamo nhẽ nhemongaraibypyre'yma 'anga rekóû,<extra_id_0>,Muito escura e a alma do que nao e batizado
Osapîá-katupe kunhã o mena tekó-katu resé o pûaîme?,<extra_id_0>.,Obedece bem a mulher a seu marido ao encarrega-la de boas coisas
O angaîpabamo,<extra_id_0>,Sendo mau
kóbo,<extra_id_0>,por aqui
sara,<extra_id_0>.,espiga dele
Osó kó 'ara pupé,<extra_id_0>,Vai neste dia
Y pytera asopenhan,<extra_id_0>,Fui ao encontro do meio das aguas isto e para o alto-mar
S Pedro itangapema osekyî,<extra_id_0>,Sao Pedro puxou a espada
Og uba anhõpe abá osapîá?,<extra_id_0>,A seu pai somente o homem obedece
Erepo'ẽpe nde rapixara rapupé resé?,<extra_id_0>,Meteste a mao nas partes erogenas de teu proximo
-Nde nhe'engapaparaípe mba'epoxy resé nde ma'enduaramo?,<extra_id_0>,Tu foste gabola lembrando-te de coisas mas
gûitekóbo,<extra_id_0>,estando eu
apé-'yba,<extra_id_0>,pau do casco da canoa
Xe pinim,<extra_id_0>.,Eu tenho pintas
"Xe-te xe mboú kori pe moanhana, pe mondóbo ikó setama suí",<extra_id_0>,E a mim e que faz vir hoje para vos empurrar enxotando-vos desta sua terra
Marã-takó ahẽ rera?,<extra_id_0>,Qual era mesmo o nome dele
Ereîmoîekosupe nde ruba nde sy sekotebẽsaba ri?,<extra_id_0>,Consolas teu pai e tua mae em suas aflicoes
u'i-puba,<extra_id_0>,farinha puba farinha d'agua ou seja de mandioca curtida que se espremia no tipiti e que se passava pela urupema
Ererobîápe îetanonga'uba koîpó karaimonhanga?,<extra_id_0>,Acreditas em falsas oferendas ou em pajelancas
gûaîbĩ-marã,<extra_id_0>,velha maldosa
"Xe anama gûatasápe, nde morerekoá sesé",<extra_id_0>,Ao passar minha familia tu cuidavas dela
A'eîbépe ybŷá cruz mo'ami i atykábo?,<extra_id_0>,Logo entao a cruz ergueram fincando-a
T'oîese'ar-y berame'ĩ oîepekaturamo,<extra_id_0>,Que parecam juntar-se como um so
apysakûá-îe'o,<extra_id_0>,buraco das orelhas tapados
Aîpomogûab,<extra_id_0>,Escapuli das maos dele
O emi'urama tiruã moîybe'yma,<extra_id_0>,Nao cozendo sequer sua comida
Xe py-bang - Eu tenho os pés tortos Xe resá-bang,<extra_id_0>.,Eu tenho olhos tortos
itá-pesembûera,<extra_id_0>,cacos de pedra
kûarasy reîkeaba,<extra_id_0>,lugar em que o sol se poe poente oeste
Aîkó nde nhe'enga rupi,<extra_id_0>,Procedo conforme tua palavra
kanga putu'uma,<extra_id_0>,miolo tutano de osso
Aîporu abá ygara,<extra_id_0>,Tomei emprestada a canoa do indio
Agûaîxay rembiaramo i moingóbo,<extra_id_0>,Fazendo-a estar como presa de Aguaixai
kamusi-pora,<extra_id_0>,o que esta no pote o conteudo do pote
Anhemonduby-ndubyr,<extra_id_0>,Fico a espojar-me
"Tupã sy, xe momburûara",<extra_id_0>,A mae de Deus a que me ameaca
"Abaré ogûerasoápe, n'asaûsubi",<extra_id_0>,Por os levarem os padres nao os amo
Nde remo'emype nde rapixara resé i moerapûanaípa?,<extra_id_0>,Tu mentiste acerca de teu proximo difamando-o
Ererobîápe abá remo'ema?,<extra_id_0>,Acreditaste nas mentiras de alguem
xe katurama momboîa,<extra_id_0>,propondo ser bom
Aîeré-îereb,<extra_id_0>,Fico a espojar-me
Na xe popyatãî,<extra_id_0>,Eu nao sou resistente eu nao sou firme
I pysyrõû tekoangaîpabypy Adão îandé nongaba suí,<extra_id_0>,Livrou-a do pecado primeiro em que Adao nos pos
morapitîara,<extra_id_0>,trucidador
"Ereîmoporype nde monhemombegûara nhe'enga, nhenupã, îekuakuba?",<extra_id_0>.,Cumpriste as palavras de teu confessor a auto-flagelacao os jejuns
O sy suí o 'aragûera moasŷabo,<extra_id_0>.,Lamentando terem nascido de suas maes
I aûîé umûã ygara,<extra_id_0>,A canoa ja esta pronta
Toryba nhemonhangaba,<extra_id_0>,Geracao da alegria
Aseîkûaru'umbok,<extra_id_0>,Desemporcalhei-o
"Îé, kó bé xe pûapẽ, xe rûaîpuku, xe tyãîa",<extra_id_0>,Sim eis aqui tambem minhas garras meu rabo comprido meus ganchos
Apoti,<extra_id_0>,Defeco
O emimombe'upûera o emikuakugûera irũmo bé i mombe'uîebyrine,<extra_id_0>,Todos os que confessou com os que escondeu voltara a confessar
I kanga îepotasaba pe'abo o îosuí,<extra_id_0>,As juntas de seus ossos afastando umas das outras
"Pe rory, xe ra'yretá, xe ri",<extra_id_0>,Alegrai-vos meus filhos por minha causa
Our-y bépe irã Îesu Cristo ybaka suíne?,<extra_id_0>,Vira de novo Jesus Cristo do ceu futuramente
Akûeîme kó tabygûara xe pó gûyrybo sekóû,<extra_id_0>,Antigamente estes habitantes da aldeia sob minhas maos estavam
Mba'e-rob-eté tuku-tuku okûapa,<extra_id_0>,Estando a destilar coisa muito amarga
I xosémo nã ky xe re'õ,<extra_id_0>,Melhor que isso me seria pois morrer
"Akaî! Aseká îepé mytasaba amõ gûitekóbo, erĩ!, xe mosẽ memẽ taba suí abaré",<extra_id_0>!,Ai por mais que eu esteja procurando alguma pousada irra faz-me sair sempre da aldeia o padre
Ereîkapyrokype nde ra'y-pupuka potá?,<extra_id_0>,Excitaste-o querendo expelir teu semen
Ikatupendûara moaoba,<extra_id_0>,Vestir os nus
Xe kó-é,<extra_id_0>,Eu tenho roca propria isto e que nao faco com os outros
sobûerusu,<extra_id_0>,grande folha caida
asangĩ,<extra_id_0>,curtinho
Ta'y-taty abé,<extra_id_0>,E tambem as esposas de seus filhos
Amõaé tubixá-katu nde resé oîerobîá,<extra_id_0>,Aqueles outros grandes chefes em ti confiam
Nd'e'i te'e miasûbetá ikó 'ara momoranga,<extra_id_0>,Por isso mesmo os escravos festejam este dia
ybyrá-pararanga agûeá,<extra_id_0>,eixo da roda de madeira que gira no engenho de acucar
"Xe resy Lorẽ-ka'ẽ, xe morubixaba biã",<extra_id_0>,Assa-me o Lourenco tostado embora eu seja um rei
Aîmopor xe nhe'enga,<extra_id_0>,Cumpri minha palavra
Sebira aîpetek,<extra_id_0>,Esbofeteei suas nadegas
T'onhemonhang nde remimotara,<extra_id_0>,Faca-se tua vontade
Ereîmorype abá paîé rerobîaragûama resé?,<extra_id_0>,Toleraste as pessoas em sua crenca no paje
Ixé Saûîaetá Serapûã xe renõîndaba,<extra_id_0>,Eu sou Sauiaeta Famoso e meu nome
Setobapé sosoka,<extra_id_0>.,Esbofeteando suas faces
Ixé Saûîaetá Serapûã xe renoĩndaba,<extra_id_0>,Eu sou Sauiaeta Famoso e meu nome
"Tupã nde raûsubeté, graça ri nde moynysema",<extra_id_0>,Deus ama-te muito enchendo-te de graca
"Aûîebeté, rõ! T'oú",<extra_id_0>,Muito bem entao Que venha
Aîu ramõ,<extra_id_0>,Vim ainda agora
Xe resaekoabok ikó nde ra'yra,<extra_id_0>,Eis que teu filho me fez mudar de ideia
Taba moapaîugûá-îugûábo Galilea suí-katu,<extra_id_0>,Confundindo as aldeias desde a Galileia
ygara kûabĩ potá,<extra_id_0>,querendo que a canoa passe adiante
Endé é aîpó eré,<extra_id_0>,Tu mesmo dizes isso
Pitangĩnamo ereîkó…,<extra_id_0>,Uma criancinha es ou na condicao de uma criancinha estas
ybotyra,<extra_id_0>,flor de planta flor em geral
Ybakype toryba,<extra_id_0>,A felicidade no ceu
Kõîgûera oré,<extra_id_0>,Nos somos gemeos
Sekoaba'e kûé kunhã oré akanga i apiti,<extra_id_0>,O que e comum e aquela mulher quebrar em pedacos nossas cabecas
-Ogûerekomemûãsara resé oîepyka tiruãpe abá Tupã nhe'enga abyû?,<extra_id_0>:,Mesmo vingando-se dos que o maltratam o homem transgride a palavra de Deus
-Anga îápe pe roka? -Oîkoé-katu,<extra_id_0>,Como estas sao vossas casas -Diferem muito
Xe rabará-barab,<extra_id_0>,Eu sou muito manchado
Tekorama mombegûabo,<extra_id_0>,Anunciando os acontecimentos futuros
T'îasó xe irũnamo,<extra_id_0>,Vamos comigo
Ereroŷrõ-mbápe sekó?,<extra_id_0>,Detestas completamente suas obras
T'aîybõne!,<extra_id_0>,Hei de flecha-lo
Pe apysykĩ serã peîkóbo pe rekomemûã aty-atyra pupé?,<extra_id_0>?,Sera que estais sossegados sem mais nos vossos montes de maldades
Oîkó bé xe taŷaíba,<extra_id_0>,Minha coragem ainda existe
Oré mo'arukar umẽ îepé tentação pupé,<extra_id_0>,Nao nos deixes tu fazer cair em tentacao
Xe rendy-rendy,<extra_id_0>,Eu fico salivando
Asebikok,<extra_id_0>,Dirigi-a
Na xe resapysóî,<extra_id_0>,Eu nao tenho visao eu sou cego
"Te'õ rerobyka, syaî-tekatu",<extra_id_0>,Aproximando-se da morte suou bastante
T'oré angaturãne Cristo remienõîûera resé,<extra_id_0>,Para que sejamos dignos do que Cristo prometeu
Aporepŷan apŷaba,<extra_id_0>,Resgatei os indios
"Okarype senosemi, cruz nonga i ati'yba ri",<extra_id_0>,Retiraram-no para o patio colocando uma cruz no ombro dele
"Miapé o pópe o emiîara i moîebyû o etéramo, kaûĩ og ugûyramo",<extra_id_0>.,O pao que apanhou em suas maos devolveu-o como seu corpo e o vinho como seu sangue
"Kobé xe rembiaretá t'ame'ẽne amõ endébo, i akanga t'ereîoká",<extra_id_0>,Eis que tambem minhas presas hei de dar algumas para ti para que quebres suas cabecas
Cruz Cristo Îandé Îara moîaragûera îudeus otym erimba'e,<extra_id_0>,A cruz lugar em que se pregou a Cristo Nosso Senhor os judeus a enterraram
Nde katunhẽ,<extra_id_0>,Eia tu avante
Sereroĩmbyra abá-mondá apŷabaíba rekoaba é,<extra_id_0>,Ser chamado ladrao e caracteristica do homem mau
Kori é,<extra_id_0>,Hoje mesmo
Na Tupã ruã-tepe a'e?,<extra_id_0>,Mas ele nao era Deus
"Akó ybakype ogûekó îakatu, Îandé Îara rekóû miapepûera",<extra_id_0>,Eis que como esta no ceu Nosso Senhor esta dentro do pao
Xe apysakûá-îe'o,<extra_id_0>,Eu tenho os buracos da orelhas tapados
"A'e o kakuab'iré, i nheme'engi apŷabaíba supé, oîeîuká-uká ybyraîoasaba resé i moatãmbyramo",<extra_id_0>.,Ele apos crescer entregou-se aos homens maus fazendo-se matar na cruz estirado
Asapynhang,<extra_id_0>,Aticei-o
Eîmonhegûasem anhanga,<extra_id_0>,Faze fugir o diabo
Ara mosapyra riré bé sekobeîebyri,<extra_id_0>,Logo no terceiro dia voltou a viver
mba'e rasy,<extra_id_0>,dor em sentido generico
arybo,<extra_id_0>,de dia todo o dia
"Oîoîá te'õ rekóû kunumĩgûasu suí tuîba'e suí bé, n'apûéî",<extra_id_0> resume resume,Igualmente a morte esta entre os mocos e entre os velhos nao distante
Xe irũnamo bé t'oîkó marã xe rekóreme,<extra_id_0>,Que esteja comigo tambem ao estar eu em ocupacao
Apytá Pero resé,<extra_id_0>,Hospedo-me com Pedro
Asysybõ,<extra_id_0>,Pu-los em enfiada
" Xe tamuîusu Aîmbiré, sukuriîu",<extra_id_0>,Eu sou o grande tamoio Aimbire uma sucuriju
I ma'enduar,<extra_id_0>,Ele se lembra
"Auîebeté kó aîkó, ndébo ko siri reru",<extra_id_0>,Muito bem eis que aqui estou trazendo para ti estes siris
Aîkó umẽpe mba'epoxy resé sobaké ká,<extra_id_0>,Nao hei de estar na maldade diante dele
Nd'o'uî asé so'o îekuakuba 'ara pupé,<extra_id_0>,A gente nao come carne de caca no dia de jejum
Marã e'ipe og uba supé o îekyî'îanondé?,<extra_id_0>,Como disse a seu pai antes de morrer
Osepyme'engype erimba'e emonã o ekoagûera?,<extra_id_0>,Pagou outrora por seu proceder assim
"Eîori, mba'enem, mba'e-poxy, mborá, miaratakaka, sebo'i, tamarutaka!",<extra_id_0>!,Vem coisa fedorenta coisa nojenta bora maritacaca sanguessuga tamarutaca
A'e ré kori îasó tubixaba akanga kábo,<extra_id_0>,Depois disso hoje vamos quebrar as cabecas dos reis
Asó biã,<extra_id_0>,Fui sem resultado
Reîá-anhẽ  pitangĩ supé oú,<extra_id_0>,Os reis apressados junto ao nenenzinho vieram
Sesápe xe rekóû re'ĩ,<extra_id_0>,A seus olhos eu hei de estar
Xe reîmbab,<extra_id_0>»ᕗ,Eu tenho criacoes
y-pa'ũ,<extra_id_0>,intervalo de agua ilha
îagûarobá,<extra_id_0>,cara de onca
Arakaîá-te ombory,<extra_id_0>,Mas os aracajas deleitam-se com eles
A'eboé ebokûé 'ara asé oîmoeté-katune,<extra_id_0>,Muito a proposito a gente comemorara bem esse dia
nde ate'ỹ-mukuramo,<extra_id_0>,estando tu por longo tempo preguicoso
amõ karaíba mosakara,<extra_id_0>,certo homem branco nobre
"Xe n'aîu-potari biã, karaíba moabaîtébo",<extra_id_0>,Eu nao queria vir mas vim irando os homens brancos
aseó-kytã,<extra_id_0>,no da garganta
Xe pûakatu,<extra_id_0>,Eu sou certeiro
N'i nhyrõî,<extra_id_0>,Nao perdoa
Onhembo'e Tupã nhe'enga o emierobîarama resé,<extra_id_0>,Aprende acerca da palavra de Deus em que crera
Iîá oîembo'ebo,<extra_id_0>,Ainda bem que aprendeu
Aîkyty-kytyk mba'e-kagûera pupé,<extra_id_0>,Fiquei-o esfregando com gordura
"Mene'yma resé oîkoba'e abiã koîpó sesé onhemomotaryba'e oîaby-eté Tupã nhe'enga, memetipó mendara momoxysara koîpó sesé nhemomotasara",<extra_id_0>.,Se o que tem relacoes sexuais com uma solteira ou por ela se atrai transgride muito a palavra de Deus tanto mais o que perverte uma casada ou o que se atrai por ela
Mosapy ipó xe boîáramo nde rekó ereîkuakub mokõî gûyrá sapukaî' e'ymebéne,<extra_id_0>.,Na verdade tres vezes negaras ser meu discipulo antes de o galo cantar duas vezes
Oîerobyk,<extra_id_0>,Ajuntam-se
Eresekyîpe îuraragûaîa abá supé i motĩamo nhe'engabamo serekó-uká?,<extra_id_0>,Urdiste mentiras contra alguem envergonhando-o fazendo-o ser tratado como mentiroso
"Na pe apysáî, îandu",<extra_id_0>,Nao tendes ouvidos como de costume
Aîabab,<extra_id_0>.,Fujo
Emombe'u nde retama ixébe,<extra_id_0>,Descreve tua terra para mim
Ikó îu'i t'ere'u sepy resé,<extra_id_0>,Estas ras que as comas em retribuicao por isso
a'epe o só îanondé,<extra_id_0>,antes de irem para la
O sy posé pitanga ruî,<extra_id_0>,Ao lado de sua propria mae a crianca esta deitada
Xe apûa'ĩ,<extra_id_0>,Eu sou curto
Oîkobépe amõ abá sekobîaramo?,<extra_id_0>,Ha algum homem na condicao de seu substituto
Îeîbé apak,<extra_id_0>. <extra_id_10>e <extra_id_3>,Acordo de madrugada
Eîori xe poraûsubara,<extra_id_0>,Vem compadecedor de mim
Sekobîaramo aîme'eng,<extra_id_0>,Dei-o em troca
"I nemeté, i tuîuketé, tasoka, ura remimongûyamone",<extra_id_0>.,Serao muito fedorentos serao muito podres corroidos de vermes e de bernes
Aîe'a-maman,<extra_id_0>,Amarrei-me o cabelo
akanunduka porarasara,<extra_id_0>,o que sofre febre
Aporoerekó,<extra_id_0>,Rejo pessoas
Asópe ûinhemima ká!,<extra_id_0>,Vou-me esconder
T'isa'ang apŷaba marã îandé irũ,<extra_id_0>,Que experimentemos a forca dos homens conosco
Ebokûeî i xóû,<extra_id_0>,Eis que ai ele vai
I abaeté sepîaka ixébo,<extra_id_0>,terrivel para mim ve-los
Ybyrá-ypype aín,<extra_id_0>,Estive assentado no tronco de uma arvore
ka'amondoara,<extra_id_0>,o que caca cacador
I porãngatu nde rera,<extra_id_0>,muito belo o teu nome
Oîpe'ape i angaîpaba'e i angaturamba'e suíne?,<extra_id_0>.,Afastara os que sao maus dos que sao bons
Nã temõ ixé serubi mã!,<extra_id_0>,Quem me dera eu o fizesse estar deitado comigo assim
Tyby-kûara,<extra_id_0>,cova de sepultura
oîepé îuru nhõ,<extra_id_0>,somente um bocado
akó-a'ynha,<extra_id_0>,ingua de virilha
"Salve Rainha, moraûsubara sy, tekobé, se'ẽba'e",<extra_id_0>,Salve Rainha mae de misericordia vida a que e doce
Asereb,<extra_id_0>,Lambi-o
Anheté kó nde rapé a'e nde remiekara,<extra_id_0>,Verdadeiramente eis aqui teu caminho aquele que tu procuras
-N'asé ruã-tepe o emi'urama oîmonhang? - Aani - Mas não é a gente que faz sua comida?,<extra_id_0>?,De modo algum
Na tenhẽ ruã,<extra_id_0>,Nao foi a toa
Xe moma'ẽmo,<extra_id_0>,Fazendo-me enxergar
Useîbora mbo'y'u,<extra_id_0>,Dar de beber aos sedentos
Na xe mo'ekatuî,<extra_id_0>,Nao me da possibilidade
"Aîpó xe re'õnama rambûera abaíme, t'onhemonhang umẽ xe remimotara",<extra_id_0>,No caso de ser dificil frustrar-se essa minha morte que nao se faca minha vontade
T'aîeîuru-eî,<extra_id_0>,Que eu me lave a boca
Oîepebẽngatu aîkó,<extra_id_0>,Bem sozinho estou
A'e-te kaûĩ pûaîtara,<extra_id_0>,Mas sao eles os que mandam fazer cauim
N'oîkotebẽî amõba'e,<extra_id_0>,Nao se afligem os outros
Ereîmombe'upe abá rera abaré supé?,<extra_id_0>,Mencionaste o nome de alguem para o padre
I momiaûsubypyra renosema,<extra_id_0>,Resgatar os cativos
Xe îuri arekó,<extra_id_0>,Tenho-o no meu pescoco
"Moraûsuberekosápe, asé 'anga ereîosub",<extra_id_0>,Por teres misericordia nossa alma visitas
Nã e'iba'e,<extra_id_0>,Os que assim dizem
kûé amõaé,<extra_id_0>,esse outro
N'i tybi mba'e-memûã,<extra_id_0>,Nao ha nada errado
Na xe rãî,<extra_id_0>,Eu nao tenho dentes
Ixé nde sosé,<extra_id_0>,Eu sou maior que tu
Xe repy-etá,<extra_id_0>,Eu tenho muito preco
gûyrá-kesaba,<extra_id_0>,poleiro de aves
Mba'erama resépe Tupã i me'engi asébe?,<extra_id_0>,Por que Deus os deu para a gente
Marã e'ipe o boîá mosapyr supé mitỹme o iké ré?,<extra_id_0>,Como disse aos seus tres discipulos apos sua entrada no horto
i îubykypyra,<extra_id_0>,o que e ou deve ser enforcado
inimbebytá,<extra_id_0>,armacao de leito
Kuarasy onhemoputun,<extra_id_0>,O sol eclipsa-se
Oré kõî,<extra_id_0>,Nos somos gemeos
Abaré supé i mombe'uû Tupãokype seronhe'engaûama rine,<extra_id_0>,Para o padre conta-lo-a para que o anuncie na igreja
Arangaturameté,<extra_id_0>,Dia muito bom
Xe rugûy-syryk,<extra_id_0>,Eu tenho o sangue escorrido
Marãpe sekóû ybakypene?,<extra_id_0>,Que farao no ceu
E'u umẽ ikó 'ybá xe rekoate'ỹmbaba,<extra_id_0>,Nao comas este fruto que me e reservado
Kotype aîub,<extra_id_0>,Estou em cilada
Nde monhegûasẽ-motá,<extra_id_0>,Querem afugentar-te
Aîkobé n'ixé sarõana,<extra_id_0>,Eu permaneco seu guardiao
Mosapy ipó xe boîáramo nde rekó ereîkuakub mokõî gûyrá sapukaî'e'ymebéne,<extra_id_0>,Na verdade tres vezes negaras ser meu discipulo antes de o galo cantar duas vezes
Cristãos i mongaraibypyra tekokuaparamo Cristo remieîara,<extra_id_0>,O que Cristo deixa como chefes dos cristaos batizados
Eremosangu'upe nde membyra akyrara potá?,<extra_id_0>,Tomaste pocao querendo o aborto de teu filho
i akytãmbûera,<extra_id_0>,as porcoes miudas dela o refugo dela
Aîmomboreaûsub,<extra_id_0>,Compadeci-me dele
Aroîebyr aoba,<extra_id_0>,Torno a trazer a roupa
Aîmorã-moran,<extra_id_0>,Fiquei-o simulando
Ymûanĩ xe rekóû,<extra_id_0>,Estive por longo tempo
"Aîmbiré, eîori xe robaké! Nde apûan!",<extra_id_0>,Aimbire vem diante de mim Apressa-te
Xe pysy-potar-y bé serã kó gûyragûasu,<extra_id_0>,Talvez queira agarrar-me novamente este passaro grande
Asó me'ĩmo mã!,<extra_id_0>,Ah quem me dera eu tivesse ido
Moroũ-mbyry nakó,<extra_id_0>,Isto era muito preto de fato
Îamombe'u aîpó i momorangymbyra,<extra_id_0>,Afirmamos que isso e o que deve ser enaltecido
- Nd'omarãmonhangi xópene?,<extra_id_0>,Nao brigarao
Aka'apîasó,<extra_id_0>,Defequei ou fui defecar
Our be'ĩmo mã!,<extra_id_0>,Oxala ele viesse
Mendara omoarûab,<extra_id_0>.,Impedem os casamentos
Nde rorype nde kama abá sungáreme?,<extra_id_0>,Tu te alegras quando um homem apalpa teus seios
Oré tygûé-katu,<extra_id_0>,Nos estamos bem arrasados
Oîme'eng-y bépe Tupã ikó 'ara pupé mba'e amõ i angaturamba'e supéno?,<extra_id_0>,Da tambem Deus neste mundo algumas coisas aos que sao bons
"Xe rekoekyî îepé, a'epûera aîmoasy, i mboepykatûabo bé",<extra_id_0>,Embora me evoques os atos daqueles arrependi-me bem resgatando-os tambem
Marangotype i angaturamba'e nongine?,<extra_id_0>,Em que lado pora os que sao bons
Te'õ suí o nheangu îabi'õ,<extra_id_0>,Cada vez que tem medo da morte
Oré retá,<extra_id_0>,Nos somos muitos
"Enhemopiringa, moropotara nde resá moîo'arype?",<extra_id_0>,Arrepiando-te o desejo sensual aumentou teus olhos
"Îasepenhan, îaîpysyk, i apysyk' e'ymebé",<extra_id_0>,Atacamo-los prendemo-los antes que se consolem
Serekoaramo ûitekóbo,<extra_id_0>,Estando como seu guardiao ou sendo seu guardiao
"Koromõ keygûara temiminõ moaûîébo, asapekóne",<extra_id_0>,Logo vencendo os temiminos habitantes daqui frequenta-los-ei
Opá kó mbó îabi'õ moîepé me'enga Tupã potabamo,<extra_id_0>,A cada dez dar um como quinhao de Deus
Oîepîakukar i xupé nhõ i moesãîa,<extra_id_0>,Revelou-se a eles somente alegrando-os
Xe irũ a'e ã,<extra_id_0>,Eis que ela e minha companheira
Aîkó tekokatu resé,<extra_id_0>,Vivo na virtude
Îandé 'anga rekorama resé îandé putupaba potá,<extra_id_0>,Querendo nossa preocupacao com o futuro estado de nossa alma
Aybyrá-pan,<extra_id_0>,Lavro as madeiras
mba'e rerosapukaîtara,<extra_id_0>,o que anuncia as coisas o pregador
xe rura rupibé,<extra_id_0>,logo que vim
"Ogûeté suí, o uru suí, asé 'anga sẽme bé, Tupã sekomonhangi",<extra_id_0>.,Tao logo ao sair a alma da gente de seu proprio corpo seu envoltorio Deus a julga
itaky-nhatimana,<extra_id_0>,pedra de afiar que gira pedra de afiar de barbeiro
Eremombûeîrá mara'abora,<extra_id_0>,Curaste os doentes
-Mba'e-mba'eremepe asé îeruréû i xupé? -Îepi nhẽ - Em que ocasiões a gente reza para eles?,<extra_id_0>?,Constantemente
I angaturam sykype erimba'e Tupã o monhang-ypyreme?,<extra_id_0>,Eram bons na totalidade quando Deus comecou a cria-los
Nde poxype nde remirekó asykûereté amõ resé?,<extra_id_0>,Tu foste desonesto com alguma irma verdadeira de tua esposa
Anhanga monhegûasemagûama resé,<extra_id_0>,Para afugentar o diabo
Xe tĩ-titing - Meu nariz tem titinga Xe py-titing - Meus pés têm titinga Xe pi-titing,<extra_id_0>,Minha pele tem titinga
"Aûîé, kó temiminõ nd'ogûari Tupã rekó",<extra_id_0>,Enfim esses temiminos nao acatam a lei de Deus
Aaó-pyasab,<extra_id_0>,Teco roupas
y-apé 'arybo,<extra_id_0>,a flor d'agua na superficie da agua
Aîpitu-pyrang,<extra_id_0>,Tinjo-o de vermelho com urucu
Memẽ nhẽ i xóû îepi,<extra_id_0>,Ele sempre vai
Espírito Santo remime'enga,<extra_id_0>,os dons do Espirito Santo
i 'o,<extra_id_0>,seu fechamento
E'i tenhẽ nde rerobîá,<extra_id_0>,Em vao creem em ti
Marãete'ĩpe Jesus o enosẽme?,<extra_id_0>,Como estava Jesus quando ele o fez sair
ara rupi,<extra_id_0>,pelos dias a cada dia
Oroîoysyrung,<extra_id_0>,Enfileiramo-nos
Nde ererupe nde remirekó?,<extra_id_0>,Tu trouxeste tua esposa
Seba'e-a'uba nhote resé asé na sesaraî,<extra_id_0>,A gente nao se esquece do que e saboroso so na aparencia
Xe ro'o-sysyî,<extra_id_0>,Eu tenho a carne tremula
Xe raîu-raîu,<extra_id_0>.,Eu sou fibroso
Ixé te'ĩé,<extra_id_0>,Pelo menos eu
Aûîetéramo erimba'e bé xe angaîpagûera aîpe'a re'a,<extra_id_0>,Ainda bem que ainda outrora repeli meus pecados
Abaré koîpó amõ abá pyri morerokarûera nd'e'ikatuî omendá gûemierokûera resé,<extra_id_0>,Os padrinhos junto ao padre ou a outra pessoa nao podem casar-se com o que batizaram
"Tapuîpé-poxy mborypa, tupotare'ymi iké",<extra_id_0>,Deleitando-se com as escravas ruins nao quiseram vir aqui
Xe pûeraî mbyté,<extra_id_0>! <extra_id_10>!,Eu estava ainda cansado
aopesembûera,<extra_id_0>,pedaco de roupa retalho de pano
Ixé serasó remebé,<extra_id_0>,Enquanto eu o levo
Abá angaîpá-nhemima oîmombe'uba'e,<extra_id_0>,O que conta os pecados escondidos de alguem
Serobîara resé o akasange'ymamo,<extra_id_0>,Por causa de sua crenca nele nao duvidando
N'osa'angi-te-p'akó nhembo'e ko'arapukuî?,<extra_id_0>,Mas nao tentam esses aprender sempre
I îurupukĩ ahẽ oîkóbo,<extra_id_0>,Ele esta boquiaberto
A'eba'e i moytarõmbyramo sekóûne,<extra_id_0>,Aqueles serao saciados
Asasá-benhẽ,<extra_id_0>,Atravessei-o sem mais sem entrar nem pousar
"I 'anga seté pupé i mondepa bé, Tupã i pe'aû",<extra_id_0>,Assim que pos sua alma em seu corpo Deus a preservou
Setá nhẽ kunu'umusu,<extra_id_0>,muito com efeito o grande zelo
Onheŷnhang umã sesé kunumĩetá kagûara,<extra_id_0>,Ja se juntaram por causa disso muitos mocos bebedores de cauim
Oîoîá osarõ nhẽ pe retama,<extra_id_0>,Igualmente guarda vossa terra
Xe asangusu,<extra_id_0>.,Eu sou rechonchudao isto e de corpo muito largo
u'upepó,<extra_id_0>,empenadura de flecha isto e penas de asas de passaros que eram atadas as flechas
Moraseîa é i katu,<extra_id_0>,A danca e que e boa
Pepo'i xe remiarõ suí!,<extra_id_0>,Afastai-vos daquele que eu guardo
Oporomoaîu oîkóbo,<extra_id_0>,Esta molestando as pessoas
Nd'e'i te'e asé a'ereme i moetébo sepîaka bé,<extra_id_0>,Por isso mesmo a gente entao o louva assim que o ve
T'e'i osóbo,<extra_id_0>,Que va com enfase
Nd'ereîkóî xópe nde anama irũmo?,<extra_id_0>,Nao moraras com tua gente
"São Sebastião abé, marana rerekoarûera, tamũîa, kyre'ymbagûera, omombab erimba'e",<extra_id_0>,Sao Sebastiao tambem o que cuidava das guerras destruiu os tamoios os valentes
Anhynhyng,<extra_id_0>,Enruguei-me
Oré pysyrõ-te îepé mba'e-aíba suí,<extra_id_0>,Mas livra-nos tu das coisas mas
Marãba'ep'iã ri?,<extra_id_0>,Que tipo de coisa sera que e isto
T'oú îandé posanonga,<extra_id_0>,Que venha para nos curar
mosapyr koîpó oîoirundyk seîxu ybŷá o tym'iré,<extra_id_0>,tres ou quatro anos apos os enterrarem
"Kó xe 'akusu, xe ranha Îé, kó bé xe pûapẽ",<extra_id_0>,Eis aqui meus chifroes meus dentes Sim eis aqui tambem minhas garras
Oky-ko'ẽ-ko'ẽ amana,<extra_id_0>,A chuva ficava amanhecendo a cair
Îarekó îandé îomba'e,<extra_id_0>,Temos nossas coisas comuns
Obebé îandé suí,<extra_id_0>,Voa para longe de nos
Tupã mongetá resé îandé mbo'ebo nhẽ,<extra_id_0>,Para nos ensinar a orar a Deus
Aîubykatã,<extra_id_0>,Abarquei-o
Aîmonhang oka - Fiz uma casa Xe rokûama aîmonhang,<extra_id_0>,Faco minha futura casa
"Xe îar, na xe angaturami ã a'emo ereîké xe py'ape",<extra_id_0>,Meu senhor eis que eu nao sou digno para que entres em meu coracao
Îandé rekobé me'engara,<extra_id_0>,Doador de nossa vida
Asykûera aîasy'ab,<extra_id_0>,Cortei um pedaco
Karaibebé pyterype supiri,<extra_id_0>,No meio dos anjos fe-la subir
Kó pytuna ri sy-ari,<extra_id_0>,Nesta noite tomou inicio
Tupã momburûareté tatá pupé nde resyri,<extra_id_0>,Verdadeiros amaldicoadores de Deus no fogo te assaram
Abá supé sekokatusagûama mombe'u,<extra_id_0>,Contar aos homens a futura felicidade deles
Ereîkópe kûare'ymano resé?,<extra_id_0>,Tiveste relacoes com uma virgem tambem
"Karaíba nde moporabykŷápe, ereporabykype 'ara i momba'etepyra pupé?",<extra_id_0>.,Por te fazer trabalhar um homem branco trabalhaste num dia que deve ser guardado
Sygûyrõpe kunhã o mena reséne?,<extra_id_0>,Tera a mulher ciumes de seu marido
mboîasy-posanga,<extra_id_0>,remedio contra dor de picada de cobra antidoto contra veneno de cobra
"Aûîeté pakó, aîegûak ûinhemoúna",<extra_id_0>.,Na verdade hei de me enfeitar pretejando-me
O membyra i nhemoŷrõba'e oîmonhyrõ,<extra_id_0>,Apazigua seu filho que esta irado
yby kûara,<extra_id_0>,buraco do chao
xe nhe'ẽ-'anga,<extra_id_0>',eco de minhas palavras
poxy resé o nheangerekosápe,<extra_id_0>,na sua preocupacao com torpezas
Xe agûasá gûitekóbo,<extra_id_0>,Eu estou-me amancebando
Xe Îetu'u ra'yrûera,<extra_id_0>! <extra_id_10>!,Eu sou antigo filho de Jetuu
Ereîme'engype mosangygûaba kunhãmuru'abora supé?,<extra_id_0>,Deste veneno para uma mulher gravida
"Aûîeté a'e îandé rubypy, ""-E'u umẽ ikó 'ybá"" 'îagûera",<extra_id_0>,Embora ele fosse nosso pai primeiro o que lhe foi dito foi -Nao comas este fruto
Aîaseó-kytĩ,<extra_id_0>,Cortei-lhe a garganta degolei-o
N'i tybi xûépe amõ mi'u?,<extra_id_0>,Nao havera outra comida
Aîamõ,<extra_id_0>,Aguei-a
api anhãî,<extra_id_0>,na ponta da rede no punho da rede
Xe kori i pyîaso'o,<extra_id_0>,Eu hoje quero o lombo deles
i apé koty,<extra_id_0>,do lado de fora dele pex de um vaso de algo que tenha lado interior e exterior
Xe kyre'ym,<extra_id_0>,Eu sou habilidoso
Mba'e abyare'ymape syaîa?,<extra_id_0>,Semelhante a que coisa era o suor dele
mba'e resé?,<extra_id_0>,por que
"Tupã îoaûsuba pupé îaîkóbo, tekokatu-eté îarekó",<extra_id_0>,Estando nos no amor de Deus a verdadeira felicidade temos
Aîputu'umbok,<extra_id_0>,Arranquei o miolo dele
Aîyb,<extra_id_0>.,Assei-me
"Îesu Cristo, tekomonhangara",<extra_id_0>,Jesus Cristo o juiz
T'asepîáne,<extra_id_0>,Hei de ve-lo
Kokoty paranã aé rame'ĩ o abaetéramo erimba'e gûekoagûera sosé yapenunga ryapugûasuramo,<extra_id_0>,E por outra parte semelhantemente o proprio mar sera mais terrivel do que e seu costume fazendo as ondas grande estrondo
Marãpe sekóû ikó 'ara pupé o kakuab'iré?,<extra_id_0>,Que fez neste mundo depois que cresceu
O îoamundabamo oroîub,<extra_id_0>,Somos vizinhos uns dos outros
Te'õ moanhẽ-anhẽmo,<extra_id_0>,Ficando a esperar ansiosamente a morte Ar Cat 158v Korikorinha'ub 'ara repiaki i moanhmo - Deseja logo ver o dia ficando ansioso por ele
Kûãî 'ype,<extra_id_0>,Vai a fonte
I xama ri arasó,<extra_id_0>,Levo-o na sua trela
Gûaîxará t'osó tatápe!,<extra_id_0>,Que va Guaixara para o fogo
Aûîé ã ko'yté!,<extra_id_0>,Eis que enfim ja chega
Anhẽ ã aîpó tekó îandé mopanem-y-îara,<extra_id_0>,Eis que na verdade esse ato e o que tem o dom de nos fazer fracassar
mopûaba,<extra_id_0>,tempo lugar modo etc de tocar de bater
Opaka bé sesé o ma'enduaramo,<extra_id_0>,Lembrando-se dele assim que acorda
Mamõpe Tupã rekóû?,<extra_id_0>,Onde Deus esta
Tapuîpe gûaîbĩ aru amõ Magûeá suí A'ereme aputu'u,<extra_id_0>,Aos tapuias trouxe as velhas de alem de Maguea Entao fiquei descansado
"Ybyrá karamemûã, ygarusu nungara pupé i mo'ar-uká",<extra_id_0>,Mandando faze-los embarcar numa arca de madeira semelhante a um navio
i moîasukypyra,<extra_id_0>,o batizado
Xe mosẽ memẽ taba suí abaré,<extra_id_0>,Faz-me sair sempre da aldeia o padre
îukasaba,<extra_id_0>,tempo lugar instrumento causa modo companhia etc de matar
N'i apori oré sumarã îepinhẽ oré ra'anga,<extra_id_0>,Nao desiste nosso inimigo de sempre nos tentar
Mba'easybora-te aîekatu i 'uû,<extra_id_0>,Mas os doentes a comem bem certamente
Endé aé ereîekûá,<extra_id_0>,Tu mesmo es causa de teu dano
Na sa'ubi nde rekopoxy,<extra_id_0>,Nao sao sem consequencias os teus pecados
Opûerab amõnume,<extra_id_0>,Cura-se as vezes
"Takûary, sobaîygûara, Tapera, xe rerobîá",<extra_id_0>,Taquari e Tapera que esta diante dela acreditam em mim
I ting pirá ixébo,<extra_id_0>,O peixe e-me enjoativo
"Ene'ĩ, t'îarasó senondé kó musurana",<extra_id_0>,Eia levemos adiante deles esta mucurana
Asé sybápe cruz moíni asé nhy'ã 'arybo bé,<extra_id_0>,Em nossa testa poe a cruz e sobre nosso coracao tambem
I membyra o'ar umã,<extra_id_0>,Seu fiho ja nasceu
Asapearõ,<extra_id_0>,Espero-o no seu caminho
Nde poxy-potar-a'ub T'eresó rõ nde ratápe,<extra_id_0>,Tu queres ser mau Has de ir pois para teu fogo
Aîgûaîaý-moîar,<extra_id_0>,Grudei penagens nele
A'epe marã apŷabetéramo sekóû îandé îabé?,<extra_id_0>,E de que maneira e homem verdadeiro como nos
Aûîé kunumĩgûasu o ekó-aíbeté oîomim,<extra_id_0>,Enfim os mocos escondem seus muito maus procedimentos
Xe moapysyk îepé,<extra_id_0>,Conforta-me tu
Otĩ kûarasy osema nde beraba robaké,<extra_id_0>,Envergonha-se o sol nascendo diante de teu brilho
Erenhemombe'upe nde memby-kuî îanondé?,<extra_id_0>,Confessaste-te antes de nascer teu filho
O boîaetá pabẽ serekomemûãmo,<extra_id_0>,Maltratando-o todos os seus suditos
Emondarõ umẽ,<extra_id_0>,Nao cometas furto
"A'e anhẽ mosapyr pessoaamo i îa'oki, oîepé og ekó-karaíba îese'ara pupé nhẽ",<extra_id_0>,Eles na verdade em tres pessoas se distinguem na uniao de seu unico ser divino
Îudeus supé sepîakuká,<extra_id_0>,Mostrando-o aos judeus
Morubixaba boîá amõ osobá-petek,<extra_id_0>,Um servo do principe esbofeteou sua cara
Xe pyte'em,<extra_id_0>! <extra_id_10>!,Eu sou coxo
nhe'ẽ-tekokugûabe'yma,<extra_id_0>.,palavras desatinadas
"Xe-te, xe rembiá-potá sabeypora amõ resé",<extra_id_0>,Eu em vez disso quero presas em alguns bebados
Mbobype abá aîpoba'e oîaby kunhã resé onhemomotar'iré koîpó i mongetá roîré sesé o byke'yma pukuî?,<extra_id_0>:,Quantas vezes o homem transgride aquele mandamento apos atrair-se por uma mulher ou apos conversar com ela enquanto nao toca nela
Aîmombe'uaíb,<extra_id_0>,Digo mal dele
"Aîmomoxy pabenhẽ, i momondarõmo bé",<extra_id_0>,Arruinei a todos fazendo-os roubar tambem
Asó serãne ra'e?,<extra_id_0>,Dizem que fui
Abápe aîpoba'e oîmopor?,<extra_id_0>,Quem cumpre aquele mandamento
abá-tubixaba,<extra_id_0>,homem membrudo
deitar-se - Gûyrá-sapukaîa îabé ereîetu'u,<extra_id_0>,Como um galo te deitas
"Anonhan, arobebéne",<extra_id_0>,Fa-los-ei correr comigo fa-los-ei voar comigo
Arekorekó i mombegûabo,<extra_id_0>,Contando-o digo-o e desdigo-o
Ixé t'oroepyk,<extra_id_0>,Eu hei de vingar-te
"Xe, anhangusu-mixyra",<extra_id_0>,Eu o diabao assado
Pitanga nhemonhanga suí oîeposanõ-sanonga,<extra_id_0>,Ficando a tomar pocoes para nao se gerar uma crianca
Aîosub abá koty,<extra_id_0>,Visito os aposentos dos indios
xe pó apyra,<extra_id_0>»㽇licitud,extremidades de minhas maos
morubixá-mosakara,<extra_id_0>,chefes valentes
sûá'ĩ,<extra_id_0>,cantinho dela
Tupã moeteagûama resé,<extra_id_0>,Para honrar a Deus
T'osó-pá xe mara'ara kûepe xe 'anga suí,<extra_id_0>,Que va toda a minha doenca para longe de minha alma
Na setáî xe angaîpaba,<extra_id_0>,Nao sao muitos meus pecados
Nde rekomemûã rumõ-rumõmo nhẽ,<extra_id_0>,Teus pecados estando a aumentar com efeito
koromõ-apyri'ĩ,<extra_id_0>,daqui a pouquinho
Xe 'apytereb,<extra_id_0>,Eu sou calvo
Marãpe moranduba?,<extra_id_0>,Quais as novidades Quais as novas
Tatá asé angaîpaba repy mondykaba,<extra_id_0>,Fogo em que se elimina a divida de nossos pecados
Na xe îuruposykyîéî,<extra_id_0>,Eu nao tenho boca cuidadosa isto e sou destemido em falar
Eîerok moxy resé ta nde rerapûãngatu,<extra_id_0>,Arranca-te o nome por causa dos malditos para que sejas muito famoso
Aîmondó-momo,<extra_id_0>,Se eu o mandasse
Our benhẽ i kera pé nhẽ obasemano,<extra_id_0>,Veio de novo achando-os novamente no sono
N'îaporabykyî kó 'ara pupé,<extra_id_0>,Nao trabalhamos neste dia
Xe popy'i emonã gûitekóbo,<extra_id_0>,Eu sou habil em assim agir
ybyrá'ĩ,<extra_id_0>,vara
Mba'e-mba'epe Anhanga oîpotar?,<extra_id_0>,Que coisas quer o diabo
Xe rakubaíb,<extra_id_0>.,Eu estou morno
Obebuî-berame'ĩ,<extra_id_0>,Parece flutuar
Aîase'o-rekó,<extra_id_0>,Fiquei em pranto
Nd'e'i te'e serã oîemoîoîá-pá-potá o monhangara resé?,<extra_id_0>.,Por isso mesmo quiseram igualar-se todos a seu criador
Ogûeîyb yby apyterype,<extra_id_0>,Desceu para o meio da terra
itakynhatimana,<extra_id_0>,pedra de amolar que gira pedra de barbeiro
Apu-apuk,<extra_id_0>.,Estou tendo polucao
Taé a'e,<extra_id_0>,Estou na medida
Aîkytyngok,<extra_id_0>,Tiro a sua ferrugem
pindasã-muku,<extra_id_0>,linha grossa de pescar
mba'e-kagûera,<extra_id_0>,gordura de animal
N'ererupe îyapara?,<extra_id_0>,Nao trouxeste foices
pitanga mokõî ro'y omoaûîeba'e,<extra_id_0>,as criancas que completam dois anos
"Nde rekomemûãagûera repyme'ẽngatu roîré, t'ereîekosubeté tekoporanga resé",<extra_id_0>:,Apos resgatares bem tuas maldades antigas que te regozijes muito com a virtude
"Îé, aîpó xe moytarõ",<extra_id_0>,Sim esses me satisfazem
Eîepe'a! Ekûá ké suí ra'a!,<extra_id_0>,Afasta-te Vai-te daqui ja
irũmbûera,<extra_id_0>,os que foram seus companheiros seus ex-companheiros
Asendybá-apin,<extra_id_0>,Rapei-lhe o queixo barbeei-o
Marãpe i boîá rekóû emonã o îara rerekó repîaka?,<extra_id_0>,Como seus discipulos procederam vendo tratar assim a seu senhor
Oré raûsubá îepé,<extra_id_0>,Compadece-te de nos
Anheran i xupé,<extra_id_0>,Resisti-lhe defendendo-me
"Nde rera rendupa abé, anhanga ryryî okûapa",<extra_id_0>,Tao logo ouvindo o teu nome o diabo esta tremendo
Oîoaûsu-katupe amẽ oîopopysykyba'epûera?,<extra_id_0>,Devem amar-se muito os que se casaram um com o outro
"Nde i potasábo-katu é, t'onhemonhang",<extra_id_0>,No caso de o desejares muito mesmo que se faca tua vontade
Aanumẽne! Asabeypó,<extra_id_0>,Nao Estou bebado
Îandé moetébo apŷaba nhemosaraî,<extra_id_0>,Para nos honrarem os indios fazem festa
"N'opabi moropotara, tesãînana, marã'é",<extra_id_0>,Nao acabam os desejos sensuais a lascivia as maledicencias
T'îasó sapépe,<extra_id_0>,Vamos ao seu caminho
Aîaparaîtyk,<extra_id_0>,Derrubei-o
Xe aíb,<extra_id_0>,Eu estou debilitado
Xe ky'a-te turusu,<extra_id_0>,Mas minha sujeira era muita
Eîá-te xe rubixaba!,<extra_id_0>,Mas apanha antes meu chefe
Emoîerekûab orébo,<extra_id_0>,Faze perdoar a nos
"Xe reté ã n'oîkoetéî, omembeka",<extra_id_0>,Eis que meu corpo nao esta disposto amolecendo
"Nde 'anga moapysykápe, oroîaîubã-îubã",<extra_id_0>,Para confortar a tua alma nos o ficamos abracando
"T'îasó, mbegûé, îapu'ama, t'ixapy moxy retama",<extra_id_0>,Vamos devagar para fazer o assalto para queimar a terra dos malditos
Anhomong,<extra_id_0>,Sujei-o de visgo
Xe angaîpabeté'ĩ ra'u mã!,<extra_id_0>,Ah eu fui muito pecador
abaré nhe'engerekoara,<extra_id_0>,o tradutor do padre
"""Xe poreaûsubeté'ĩ mã!"" sendubypyramo a'epe",<extra_id_0>.,Ah coitadinho de mim e o que e ouvido ai
Îeîbé asó,<extra_id_0>,Vou de madrugada
Îandé retá îandé pe'abo,<extra_id_0>,A multidao de nos afastando
Eîerok moxy resé,<extra_id_0>,Arranca-te o nome por causa dos malditos
"Setama rera Mboîy, a'epe i moîypa, i gûabo",<extra_id_0>,O nome da terra deles e Mboijy ali assando-os e comendo-os
"São João pitangĩ, tygépe o endápe, nde rura andupápe, o por-oporĩ",<extra_id_0>,Sao Joao criancinha estando no ventre ao perceber tua vinda ficou saltando
xe kororõ-pysyrõ,<extra_id_0>,meu soltar de grunhidos
Ema'ẽ oré resé!,<extra_id_0>,Olha para nos
"Mba'epe asé osenõî i xupé, o îerobîasabamo?",<extra_id_0>.,Que a gente evoca diante dele como sua esperanca
Ybaka porá-tene sory-porang,<extra_id_0>,Os habitantes do ceu mais ainda estao bem felizes
Ono'ong mba'e ixébo,<extra_id_0>,Aumentaram as riquezas para mim
Marã e'ipe asé o ké îanondé?,<extra_id_0>,Como diz a gente antes de dormir
marã-pipó?,<extra_id_0>,1 que que dizes como o que nao entendeu bem o que outrem disse ou respondendo ao que chamou
Tyk e'i,<extra_id_0>,Estao em grande numero sao muitos
Ano'ẽ,<extra_id_0>,Retirei-a
Xe resaeté,<extra_id_0>,Eu sou libertina
Sesé so'o gûyrá aîmoîese'a i mokanhemane,<extra_id_0>.,Com eles os animais e os passaros ajuntarei para destrui-los
Marãnamope asé o sybápe îoasaba moíni?,<extra_id_0>,Por que a gente poe a cruz na testa
Asetobapy-etab,<extra_id_0>,Aparei-lhe o topete
Îepémo asó,<extra_id_0>,Ainda que eu fosse
itá-kysegûasu,<extra_id_0>,cutelo de ferro
Pesepîak irã ybytinga 'arybo xe rura béne,<extra_id_0>,Vereis tambem futuramente minha vinda sobre as nuvens
Endé aé ereîekûá xe roka pobu-potá,<extra_id_0>,Tu mesmo es causa de teu dano querendo revirar minha casa
"I xy n'i membyrasyî, nda sugûyî, n'i mara'ari",<extra_id_0>,Sua mae nao teve dor de parto nao sangrou nao ficou doente
abá momanhã-manhana,<extra_id_0>,fazendo os homens ficarem espiando
Peporeaûsu korine,<extra_id_0>! <extra_id_10>!,Estareis aflitos hoje
Ladainhas ra'angaba,<extra_id_0>,O proferir das ladainhas
Osem okarype oîase'o-asykatûabo,<extra_id_0>,Saiu para o patio chorando muito dolorosamente
I îasear apŷabaíba,<extra_id_0>,Uniram-se os homens maus
Yby apyterype tatá-amororé ogûeba'erame'yma monhanga,<extra_id_0>,No meio da terra fazendo um fogo inextinguivel que nao se apagara
pyteri,<extra_id_0>,no meio de no centro de
Xe rurunhyng,<extra_id_0>,Eu estou desinchado
"Nandé rakó asé îeupiri ybakypene, o posyîusu reîtyk'iré",<extra_id_0>,Assim desta maneira na verdade a gente subira para o ceu apos lancar fora seu grande peso
mokaku'i-uru,<extra_id_0>,recipientes de polvora
Tekokatueté rerekoara onherane'ymba'e,<extra_id_0>,O que tem a bem-aventuranca e o que nao agride
I abaeté sepîaka ixébo,<extra_id_0>,para mim terrivel ve-los
Nhũ-myterype i mbo'îabo,<extra_id_0>,Em meio de campo repartindo-os
Xe angaîpá-tubixagûera amosẽne,<extra_id_0>,Meus antigos e grandes pecados farei sair
Xe apykanhem,<extra_id_0>,Eu sumi de vista
Onharõ-berame'ĩ asé ro'o îandé 'anga resé,<extra_id_0>,Parece investir nossa carne contra nossa alma
Xe angaîpab-eté,<extra_id_0>,Eu sou muito pecador
ybakygûara,<extra_id_0>,os habitantes do ceu
Aîpó nde remixyrama,<extra_id_0>,Essas serao as que tu assaras
serapûanyba'e,<extra_id_0>,o que tem fama o que e famoso
Aîmoapapub,<extra_id_0>.,Convenco-o
Aîpoba'e-tene n'oîabyî mboîa,<extra_id_0>,Esse enfim nao e diferente da cobra
Aûîé ipó!,<extra_id_0>,Ja chega certamente
"Nd'e'i te'e kunumĩgûasu, morubixaba o sogûápe, oîkébo memẽ kagûápe",<extra_id_0>.,Por isso mesmo os mocos por os convidarem os chefes entram sempre no lugar de beber cauim
Marã e'ipe irã abá a'ereme tobaîá-katupabẽ o amaneme sekyîabone?,<extra_id_0>,Como entao futuramente os homens dirao invocando-o ao circundarem-nos muitissimos inimigos
Asaembe'e,<extra_id_0>,Afio-a
"Eîori, mba'enem!",<extra_id_0>,Vem coisa fedorenta
agûasá membyra,<extra_id_0>,filho bastardo filho do amante
Aîmamã-rok,<extra_id_0>,Retirei as amarras dele
"Oîepé-ĩombé, nipó, i angaîpab amõme é",<extra_id_0>,Um ou outro porventura foi mau as vezes
Nde 'anga osapy satá ogûeîypa,<extra_id_0>,Queimou tua alma o fogo dele descendo
Orondururuk,<extra_id_0>,Agitamo-nos
N'opytáî amõ abá maranápe,<extra_id_0>,Nao ficou ninguem no lugar da batalha
Xe raîyîeapar,<extra_id_0>,Eu tenho um nervo encolhido
kunumĩ-a'uba,<extra_id_0>,rapaz por desprezo pejorativo
-Mba'epe ereru nde karamemûã pupé?,<extra_id_0>,Aoba -Maraba'e -Pykasu-aba -Que trouxeste dentro de tua caixa -Roupas -De que tipo -De pena de pomba
Xe katu,<extra_id_0>.,Eu sou airoso
Anambi-kutuk,<extra_id_0>,Furo orelhas
Asemi'u-erekûab,<extra_id_0>,Ofereci-lhes comida
Arasó-rasó-a'ub,<extra_id_0>,Finjo que o levo faco que o levo
Aîmo'ar,<extra_id_0>,Dei-o a luz
Anhatõî,<extra_id_0>,Toquei-o
pó-e'õ,<extra_id_0>,maos entorpecidas
Sekoaûîépe gûaîtaká koîpó gûaîanã ra'yra?,<extra_id_0>,Esta pronto o guaitaca ou o filho do guaiana
O îoambyî oroîub,<extra_id_0>,Estamos pertinho um do outro
"Oîkobeba'e, omanõba'epûera pabẽ rekomonhanga",<extra_id_0>,Para julgar todos os que vivem e os que morreram
abá-tekokugûá-katu,<extra_id_0>,homem muito entendido
a-putu'uma,<extra_id_0>,miolos de cabeca
A'é umanĩ mba'e monhanga,<extra_id_0>,Faco as coisas devagar
Mba'enakó ahẽ amõ îukáû akûeîme,<extra_id_0>,Da mesma forma que fulano matou alguem ha tempos
mosé esó-potá,<extra_id_0>,querendo ir tu para o lado de gente
Emonã kori aîkóne,<extra_id_0>,Assim hoje procederei
Opá taba moangaîpabi!,<extra_id_0>,Tudo faz a aldeia pecar
itá pupé,<extra_id_0>,com uma pedra
o poromonã-monana,<extra_id_0>,ficando a confundir as pessoas
Eresekyîpe îuraragûaîa abá supé?,<extra_id_0>,Urdiste mentiras contra alguem
"Missa mondykápe épe ereîké îepi, nde îesûere'yîpe?",<extra_id_0>,no final da missa que entras sempre manifestamente consciente
Supixûar ikó paîé-angaíba,<extra_id_0>,Este paje ruim tem espirito protetor
"Ereîmoîebype kaûĩ, sesé nde apore'ymamo?",<extra_id_0>,Vomitaste cauim brigando por causa dele
Omanõ xe îybá,<extra_id_0>,Meu braco perdeu a sensibilidade
Nd'o'u-apyî ahẽ mba'e,<extra_id_0>,Nunca acaba de comer nao come fulano completamente as coisas
Sekoaûîépe gûaîtaká?,<extra_id_0>,Esta pronto o guaitaca
I xupé o ekotebẽsaba resé oîerurébo,<extra_id_0>,Rezando a ele no tempo de sua aflicao
Abá rekopoxy mosãîa,<extra_id_0>,Tornando notorios os vicios das pessoas
A'emo oîubyk-uká?,<extra_id_0>,Eles mandariam enforca-los
Nde nhe'ẽ-poroîukaípe abá supé?,<extra_id_0>,Tu tiveste para alguem palavras que violentam
Xe kunusãî,<extra_id_0>,Eu sou modesto
Asẽ amo'ĩ i xuí,<extra_id_0>,Sai ha pouco dele
Oîar-atã serã i aoba i nupãsagûera i moperé-perebagûera resé?,<extra_id_0>?,Pegou-se firmemente sua roupa com que ele foi castigado as suas chagas
-Ereîekotyápe abá-angaîpaba resé?,<extra_id_0>?,Tiveste amizade com um homem pecador
Xe 'anga omonem tekoangaîpaba,<extra_id_0>,A maldade fez feder minha alma
"Mba'e sekatuba'e abiã oîmoting i 'uetébo, memetiã nde nda mba'e-katu ruã euĩ ereîmo'ẽ",<extra_id_0>.,Se uma coisa que e muito saborosa enjoa comendo-a muito eis que tanto mais tu expeliras o que nao e coisa boa
Marana supikatundûaramo sekóreme é,<extra_id_0>,Quando a guerra for aquilo que e justo
"Aûîebeté, rõ! T'a'u pá Îakaregûasu pepyra!",<extra_id_0>,Muito bem pois Hei de comer todo o banquete de Jacare-guacu
Oîmoanhã satápe,<extra_id_0>,Empurra-o para seu fogo
"-N'i sykabi, n'i papabi",<extra_id_0>,Nao tem limite nao tem fim
Eresungápe nde rygé nde membyra îukábo?,<extra_id_0>,Apalpaste teu ventre para matar teu filho
A'y-'u,<extra_id_0>,Bebi agua
Aybyrá-kytĩ,<extra_id_0>,Cortei madeira
Mba'e angaba'eamẽ,<extra_id_0>,coisa que falta
"Maria t'îambory, Anhanga rekó reîyîa",<extra_id_0>,Que a Maria alegremos a lei do diabo repelindo
Nd'e'i te'e yby asé purungaba tiruã aîpoba'e re'õmbûera reroŷrõmo,<extra_id_0>,Por isso mesmo ate a terra que a gente pisa detesta os cadaveres daqueles
Anhamĩ - Espremi-o Aty-amĩ,<extra_id_0>,Espremi o sumo dela
Xe resendûara ebokûea,<extra_id_0>,Isso e referente a mim isso e o que me concerne
Osekyî kunhã maîé Karûara,<extra_id_0>,Invocam as mulheres o paje Caruara
"Ixé aé sapysarûera, sekobeaba resé",<extra_id_0>,Eu mesmo sou quem o queimou no tempo em que ele vivia
keygûara,<extra_id_0>,os daqui
Aîkytyngok,<extra_id_0>,Limpo-o de ferrugem
Esekyî-atã!,<extra_id_0>,Puxa-o rijamente
Opakatu ikó 'ara pupîara mba'easy sosé,<extra_id_0>,Mais que todas as coisas dolorosas que estao neste mundo
Ymûanĩ ahẽ rekóû,<extra_id_0>,Por longo espaco de tempo ele se deteve
Tupã syramo oîkóbo é i angaturambabetéramo sekóû,<extra_id_0>,Sendo mae de Deus e que ela e a causa verdadeira da bondade dele
amõme nhõ,<extra_id_0>,algumas e poucas vezes
Ere'upe yby?,<extra_id_0>,Comeste terra
Xe rûaîasyk,<extra_id_0>.,Eu tenho o rabo cortado
Xe apysakûaraby moranduba,<extra_id_0>,Uma noticia chegou-me aos ouvidos
"Erobîá, xe rubangaba, ta nde moembiá kori",<extra_id_0>,Acredita meu padrinho hao de te apresar hoje
aûã-myranga,<extra_id_0>,var de argola de penas
Ké abá rekóû anhẽ,<extra_id_0>,Aqui os homens estao na verdade
Oîaby-etépe omendaryba'e Tupã nhe'enga o îosuí omondarõmo?,<extra_id_0>,Transgridem muito a palavra de Deus os que se casam traindo-se um ao outro
Mba'erama ripe asé tĩme o endy moíni?,<extra_id_0>,Por que poe sua saliva no nariz da gente
Osyk oré ri sendy îepi nhẽ,<extra_id_0>,Chegou a nos sua luz para sempre
"Ara i pîasaba, îekuakupaba",<extra_id_0>,Dia de guarda e de jejum
Xe kupeasur,<extra_id_0>.,Eu tenho corcova eu estou corcunda
Domingo momba'eté-ukari i mongaraibypyretá supé o ekobé îebyragûera pupé Îandé Îara i mongaraib'iré,<extra_id_0>,Mandam que os batizados honrem o domingo apos Nosso Senhor o santificar com seu retorno a vida
îandé ro'o resé Tupã-Ta'yra îemonana,<extra_id_0>,a uniao de Deus-Filho com nossa carne
Xe angaîbabîar,<extra_id_0>,Eu sou tisico
"T'asóne parati'ype, tupinakyîa re'yîpe",<extra_id_0>,Hei de ir para o rio dos paratis ao bando dos tupiniquins
akûé tabusu Îerusalém 'îaba,<extra_id_0>,aquela cidade chamada Jerusalem
moropotara semipokuabe'yma,<extra_id_0>,o desejo sensual que ele nao torna costumeiro
Kype onhemoŷrõmo nhẽ,<extra_id_0>,Longamente irritando-se
Ambosyî ahẽ resé,<extra_id_0>,Fiquei carregado com ele isto e carreguei-o levei-o as costas
i mosyryrĩmbyra,<extra_id_0>,o que e frito a fritura
Emonã ûĩ re'a,<extra_id_0>,Isso e assim certamente
akangapixa'ĩ,<extra_id_0>,cabeca enrugada isto e cabeca com cabelo PIXAIM ou seja de pessoa negra carapinha
opá kó mbó,<extra_id_0>,ambas estas maos o numero dez
"Paranã momungábo, ybytyra apyra sosé katu i mopu'ama",<extra_id_0>,Enchendo o mar levantando-o bem acima do cume das montanhas
Ixé anhõ asó,<extra_id_0>,Eu vou so
Sesé i moîarypyramo omanõmo,<extra_id_0>,Nela isto e na cruz morrendo crucificado
I anhamãngatu nipó i angaîpaba'e-ne,<extra_id_0>,Desesperar-se-ao muito certamente os que sao maus
abá-memûã,<extra_id_0>,homem grosseiro zombeteiro
akã-gûyra,<extra_id_0>,cabeca baixa desanimo
Nd'e'i te'e abá tekokatu potasara gûo'opore'yma,<extra_id_0>,Por isso mesmo a pessoa que deseja a virtude mirra-se de corpo
Tekate'yma robaîara tekate'yme'yma,<extra_id_0>,O oposto da avareza e a liberalidade
Peteumẽ pe poxyramo angiré,<extra_id_0>,Guardai-vos de ser maus doravante
"Xe Parati 'y suí aîu Tupã sy repîaka, gûinhemoîegûá-îegûaka",<extra_id_0>,Eu vim do rio dos paratis para ver a mae de Deus ficando a enfeitar-me
Nd'oîabyî muru arara,<extra_id_0>,O maldito nao difere de uma arara
tapuîa rara,<extra_id_0>,prender tapuias
gûeté-marane'yma,<extra_id_0>,seu proprio corpo incorrupto
Mba'e-eté anhẽ nhemombe'u Anhanga ratápe nde sorambûera morambûesabamono,<extra_id_0>,Coisa muito boa e a confissao como modo de impedir tambem tua ida para o inferno
"Xe mondórememo, asómo",<extra_id_0>,Se me mandasse iria
"T'îaîkuá-te Tupã, îandé monhangagûera",<extra_id_0>,Que nao conhecamos senao a Deus nosso criador
Aîuká me'ĩmo mã!,<extra_id_0>,Ah quem me dera o tivesse matado
Abá mba'e omimba'e,<extra_id_0>,O homem que esconde algo
Ta'yrĩ'ĩ,<extra_id_0>,Ele e pequenino Ta'yri'i-nhota'ub ou Ta'yri'i-a'ub - Ele e pequenino
ara rupindûara,<extra_id_0>,o que e de cada dia o que esta ao longo dos dias
"Ereîarype abá mba'e, nde rapixara mondarõagûera koîpó semimima?",<extra_id_0>,Tomaste as coisas de alguem o objeto do furto de teu proximo ou o que ele esconde
"A'e kuapápe, ko'y asaûsu",<extra_id_0>,Por conhece-lo agora amo-o
Nama'eruã oîmonhang asé 'angamo,<extra_id_0>,Do nada fez nossa alma
Ogûeronhe'eng i mendarypyrama Tupãokype marãtekoabe'yma pupé,<extra_id_0>,Anuncia os que serao casados na igreja nos feriados
Omombuk-y bé xe akanga,<extra_id_0>,Furou tambem minha cabeca
"-Tupã Espírito Santo anhẽ a'e tatá? -Nda Tupã Espírito Santo ruã, tura îekuapaba é - Deus Espírito Santo era, na verdade, aquele fogo?",<extra_id_0>?,Nao era Deus Espirito Santo mas um sinal da sua vinda
nde rekokatu ra'anga,<extra_id_0>,imitando tua virtude
Aîepabok,<extra_id_0>,Parto
pysaîé-katu ké-gûyrybo,<extra_id_0>,sob o sono da bem alta noite isto e nas horas mortas da noite em que todos dormem
Tupã sy îandé senõîa oîmoasy-katu-eté,<extra_id_0>,O nosso chamado a mae de Deus fa-lo sofrer muito
Aîmo'ypiting,<extra_id_0>.,Turvei sua agua
Apŷaba xe pokuá,<extra_id_0>,Os homens estao acostumados comigo
N'asé retama ruã-tepe ikó yby asé rekoaba?,<extra_id_0>,Mas nao e nossa patria esta terra em que moramos
Aîopy,<extra_id_0>.,Toco-a
Se'ẽ-moxy,<extra_id_0>,Ele esta salgado demais
Na xe reroŷrõî îepé,<extra_id_0>,Tu nao me detestas
Nd'e'i te'e îase'o anhõ monhanga i mombyke'ymane,<extra_id_0>,Por isso mesmo sera so chorar sem parar
Ogûeroîebyr o mondasagûera,<extra_id_0>,Devolve o objeto de seu furto
"Peîori pitanga gûabo, Tupana resaetá",<extra_id_0>,Vinde para comer a crianca o cuidado de Deus
Xe rapîakatu abá,<extra_id_0>,Obedecem-me bem os indios
kûepe i moerapûanymbyra,<extra_id_0>,o que e afamado por ai
Marã e'ipe amõaé asé îeruresaba?,<extra_id_0>,Como diz a outra peticao da gente
Nde katu nde renõî,<extra_id_0>,Ele te chama particularmente
ybype,<extra_id_0>,em baixo na lajea
Nde îabé ixé i kugûabi,<extra_id_0>,Sei-o tao bem como tu
Xe pará-parab,<extra_id_0>,Eu sou muito manchado
Sekoaûîépe gûaîtaká koîpó gûaîanã ra'yra?,<extra_id_0>,Esta pronto o goitaca ou o filho do guaiana
N'asaûsu benhẽî xûé Anhangane,<extra_id_0>,Nao mais amarei o diabo
Eîkuabe'eng xe nhe'engaipaba,<extra_id_0>,Mostra o erro de minhas palavras
Xe ker-aparar,<extra_id_0>,Eu cai de sono
Te'yîpe nhẽ i gûapyki,<extra_id_0>,Sentou-se em publico
andyrá-'aba,<extra_id_0>,tipo de corte de cabelo dos indios etim - cabelo de morcego
a-titinga,<extra_id_0>,manchas brancas do cabelo
pindá-aŷpypûasaba,<extra_id_0>,estorvo do anzol isto e corda com que se reata este
Abaré abépe asé oîpiamondó?,<extra_id_0>,A gente o faz ir em busca de padre tambem
Asó me'ĩmo ybakype mã!,<extra_id_0>,Ah se eu tivesse ido para o ceu
Îandé ri oîese'a,<extra_id_0>,Uniu-se a nos
Turusukatu Nd'e'i te'e sero'a-ro'a,<extra_id_0>,Era muito grande Por isso mesmo ficava caindo com ela
I angaîpá-pará-pará,<extra_id_0>,Ela tem pecados variadissimos
Cristãos i mongaraibypyra tekokuaparamo Cristo remieîara,<extra_id_0>,O que Cristo deixa como chefes dos cristaos batizados
asangusugûasu,<extra_id_0>,muitissimo rechonchudo
Seîarypyrama ruã-tepe mba'e tetiruã kûáî?,<extra_id_0>?,Acaso o que sera deixado e tudo
y-pabe'ymba'e,<extra_id_0>,fonte agua perene
Ereroîképe nde kotype?,<extra_id_0>,Entraste com ele em teu aposento
O emimombe'upûera o emikuakugûera irũmo bé i mombe'uîebyrine,<extra_id_0>,Os que confessou com os que escondeu voltara a confessar
Nd'e'i te'e nde ru'umusu abá 'anga momoxŷabo,<extra_id_0>,Por isso mesmo tua grande sujeira estraga as almas dos indios
Ahẽ morapitîarûera taté nhẽ anhẽ ybŷá oîuká,<extra_id_0>,Mataram na verdade a outra pessoa que nao aquele assassino
Aîmoembiaryîar ahẽ xe îoesé,<extra_id_0>,Fi-lo apresador de mim isto e deixei-me vencer por ele
Te'õ suí amanõ,<extra_id_0>,Morro de morte natural
Tupã Tuba,<extra_id_0>,Deus-Pai
Asuru-monhang,<extra_id_0>,Fiz-lhe uma gaiola
Xe mba'easy-'ar,<extra_id_0>,Cai doente
Omanõ tekatunheté xe ruba mã!,<extra_id_0>,Oh que pena que meu pai morreu
Serenduba rupibé amongoty xe nhemimi,<extra_id_0>,Logo ao ouvir o nome dela eu me escondo em outra parte
Ase'yĩ,<extra_id_0>,Cocei-o
Aîty-kukur,<extra_id_0>,Sorvi o caldo
T'asepîak taûîé!,<extra_id_0>,Que as veja logo
Mundépe i porerasóû,<extra_id_0>,Para as armadilhas eles levam gente
Kotype muru amoingé,<extra_id_0>,Nas armadilhas fiz os malditos entrarem
-Mba'e-mba'epe asé suí i pitubypyra? -Asé rumby,<extra_id_0>?,-Que e ungido de nos -Nossas ancas
Xe anhõ kó taba pupé aîkó,<extra_id_0>,Eu somente nesta aldeia morava
Pabẽ t'îaîxo'o,<extra_id_0>,Todos havemos de convidar
N'aîepokuabi,<extra_id_0>,Nao me acostumei
Andyrá ruãpe é?,<extra_id_0>,Sera que e um morcego
Sarûab amõme asé posangygûaba,<extra_id_0>,Nao faz efeito as vezes nosso remedio
Te'õ a'e mendasareté momboîsabamo,<extra_id_0>,A morte e a ameaca daqueles que se casam verdadeiramente
Emoîyb kaûĩ amõ,<extra_id_0>,Coze algum cauim
Pirá mondóbo pá,<extra_id_0>,Levando os peixes todos
Ta pe ma'enduar ikó 'ara ixé i moaûîé pá roîré xe putu'uagûera resé,<extra_id_0>,Que vos lembreis deste dia em que descansei apos termina-las todas
São Lourenço rupîarûera,<extra_id_0>,Os antigos inimigos de Sao Lourenco
"Ybyraîoasaba resé i moîarypyrûeramo sekóû, i îukapyrûeramo, i tymbyrûeramo",<extra_id_0>.,Foi pregado na cruz foi morto foi sepultado
Ybytyra Monte Calvário 'îápe,<extra_id_0>,Para o monte chamado Calvario
ikó 'ara pora,<extra_id_0>,o que esta neste mundo
"Eîori, oré raûsubá",<extra_id_0>,Vem para te compadeceres de nos
Nd'e'ikatuîpe abaréramo oîkoe'ymba'e emonã tekó monhanga?,<extra_id_0>.,Nao pode o que nao e padre fazer as coisas assim
Maraká poraseîa rerobîasara,<extra_id_0>,O que acredita na danca do chocalho
Y angaba'eamẽ ebokûé 'ypa'ũ,<extra_id_0>,gua e o que nao tem essa ilha
Xe mba'e,<extra_id_0>,Eu tenho bens
Xe repyramo omanõba'epûera ri xe akyre'ymamo,<extra_id_0>,Nao me enternecendo eu pelo que morreu para me resgatar
Rorẽ-ka'ẽ-piã?,<extra_id_0>,Por acaso e o Lourenco tostado
Marãeté'ĩ ra'umope amõ Anhanga ratá pora rekóû ikó 'ara pupé?,<extra_id_0>,Como sera que um habitante do inferno viveria neste mundo
I mondóbo nhẽ nd'ereîkóî César nde rubixaba raûsuparamo,<extra_id_0>,Mandando-o ir sem problemas nao ages como o que estima teu imperador Cesar
Xe aé aporomoingó moropotara resé,<extra_id_0>,Eu mesmo pus gente no desejo sensual
Xe usũî îepé,<extra_id_0>,Tu me atormentas
"Xe manhana, manembûera",<extra_id_0>,Eu sou um espiao um velho poltrao
piripiri-ygara,<extra_id_0>,canoa de junco
nambie'yma,<extra_id_0>,o sem-orelhas coisa mocha
"Akûeîme eresapekó oré retama, saûsupa",<extra_id_0>,Antigamente frequentavas nossa terra amando-a
Abá remimotara rupi tarypyrama é amoaé mokõî,<extra_id_0>,Aqueles outros dois deverao ser tomados segundo a vontade das pessoas
T'aîpobu sygé-aponga!,<extra_id_0>,Hei de revirar seu ventre opilado
okena kokaba,<extra_id_0>,tranca da porta
Osykyî mbyté paîé Karûara,<extra_id_0>,Invocam ainda o paje Caruara
Se'yî nde rekasara,<extra_id_0>,Sao numerosos os que te procuram
Aro'ar ygara,<extra_id_0>,Lanco a agua a canoa
ku'aî,<extra_id_0>,na cintura
Xe marãmotar,<extra_id_0>,Eu sou furioso
A'epe sugûy moîa'o-mirĩ-mirĩneme i îabi'õpe i kûáî?,<extra_id_0>,E se dividirem seu sangue em pequenas partes em cada uma delas esta
Aîpepó-pûar,<extra_id_0>,Atei-lhe penas
pirá-nhandy,<extra_id_0>.,oleo de peixe
Arokûab,<extra_id_0>,Apresentei-o
Epytá! Kagûápe nhõ nde ratãngatu-potá?,<extra_id_0>,Fica Somente quando bebes cauim tu queres ser valente
Eîpysyk ranhẽ,<extra_id_0>,Segura-o por enquanto
Nd'e'i te'e o poxye'ymamo Tupã-Ta'yra syramo o îe'o îanondé,<extra_id_0>,Por isso mesmo nao tinha maldade antes de se destinar para mae de Deus- Filho
Akaîgûá! N'i tyb-angáî xe boîá,<extra_id_0>,Ai Nao ha absolutamente servos meus
"Kûarasy abiã oporomo'y'useî-eté, memetaé tatápe oína abá o'useî-etéramo",<extra_id_0>,Se o sol faz as pessoas terem muita sede tanto mais estando no fogo as pessoas desejam beber
Xe 'anga-t'iã n'i marani,<extra_id_0>,Mas eis que minha alma nao esta aflita
Asesemõ,<extra_id_0>,Fiz provisoes dele
Eké xe porupi,<extra_id_0>,Dorme ao lado de mim
"O angaîpaba, Tupã nhe'enga abŷagûera reroŷrõmo",<extra_id_0>,Detestando seu pecado a transgressao da palavra de Deus
u'u-mana,<extra_id_0>,maco de flechas
Aîmoaob Pedro,<extra_id_0>,Faco Pedro ter roupa
I pyr,<extra_id_0>.,Ela esta crua
"""Aîuká temomã"" erépe abá remiendubamo?",<extra_id_0>,Disseste -Oxala eu o mate fazendo alguem ouvir
"Aûîé, kó temiminõ nd' ogûari Tupã rekó, nd'osaûsubi, n'omotybi",<extra_id_0>,Enfim esses temiminos nao tomam a lei de Deus nao a amam nao a acatam
Oebyraîarinhote aîkó,<extra_id_0>,Estou prestes a ir
Aîpokugûab,<extra_id_0>,Tenho-o por costume
Moropotara robaîara moropotare'yma,<extra_id_0>,O oposto do desejo sensual e a pureza
sabiîuakytãba'e,<extra_id_0>,o que e felpudo
Kó xe 'akusu,<extra_id_0>,Eis meus chifroes
Sobá resé onhenomũ-nomuna,<extra_id_0>,Em seu rosto ficando a cuspir
Emonã ruãpe é,<extra_id_0>,Assim deve ser
Mba'e-py'aûpîara kaûĩaîasy resé i monani,<extra_id_0>,Uma coisa amarga misturaram com vinagre
"Sepŷápe, ereîakasó",<extra_id_0>,Em reparacao disso mudaste-te de aldeia
"""-E'i kó"" eré tenhẽpe nde îuruaíbamo?",<extra_id_0>.,Disseste falsamente que ele disse isso sendo maledicente
"Aîpó resé nhẽ, ko'y asaûsu",<extra_id_0>,Por causa disso com efeito agora o amo
"Eîmoîasyk, xe py'a moberapa",<extra_id_0>,Lava-o fazendo brilhar meu coracao
tobasy,<extra_id_0>,cara ruim mau humor
Tupã potaba,<extra_id_0>,quinhao de Deus dizimo
Ereîporakápe taba rerekoara nhe'enga?,<extra_id_0>,Cumpriste as palavras do governante da aldeia
"A'epe o mena mũetéramo sekó mombe'ue'yma, marã?",<extra_id_0>.,E nao confessando ser parente verdadeira de seu marido que acontece
Aûîé a'e!,<extra_id_0>,certo isso aceitando como opiniao propria
Akakugûabakatã,<extra_id_0>,Envelheco
Iîysapuku sama amõ,<extra_id_0>,Eram compridas algumas cordas
T'osendu aîpó nde 'é,<extra_id_0>,Que oucam aquilo que tu dizes
Ereîápe nde mba'e 'u roîré koîpó mba'e amõ mokon'iré?,<extra_id_0>?,Tomaste-o depois de comer ou depois de engolir alguma coisa
Mba'easybora remimborará moarybé-ukasara bé 'ykaraíba,<extra_id_0>,A agua benta e o que faz abrandar tambem o que os doentes sofrem
Marãpe asé rerokara asé rerekóû?,<extra_id_0>,Que fazem conosco os que nos batizam
Emonã-pipó morubixaba erenhe'engobaîxûar?,<extra_id_0>,assim porventura que respondes as palavras do chefe
"Tupana kuapa, ko'y asaûsu xe îara Îesu",<extra_id_0>,Conhecendo a Deus agora amo meu senhor Jesus
Gûitu aîur,<extra_id_0>,Vim para ficar de vez isto e para morar
Anhanga pyri seîtyka aûîeramanhẽ i kaîagûama,<extra_id_0>,Junto do diabo lancando-os com o qual queimara para sempre
"Abá-tepe oîkó xe oîá, Tupã tiruã momburûabo?",<extra_id_0>.,Mas quem ha semelhante a mim desafiando ate mesmo a Deus
Ybyrá supé nhẽpe asé îerokyû?,<extra_id_0>,Diante de uma madeira a gente se inclina
Ayby-ybykoî,<extra_id_0>,Cavei a terra
Abá mba'e mombuka,<extra_id_0>,Arrebentando as coisas de alguem
"Nd'e'i te'e ko'yr, onhemo'aretébo, og orybamo",<extra_id_0>,Por isso mesmo agora sendo dia santo eles estao felizes
Aîpó nhẽ-pipó ereîkó?,<extra_id_0>,Porventura fazes isso a toa
I angaîpaba momburûabo,<extra_id_0>,Detestando sua maldade
Nã takó îomomoranga re'a!,<extra_id_0>,Assim havemos de nos acariciar
Nd'e'i te'e i mongetasara Tupã nhe'enga abŷabo,<extra_id_0>,Por isso mesmo os que conversam com eles transgridem a palavra de Deus
Toryba suí apó-por gûitekóbo,<extra_id_0>,Estou saltando de alegria
A'epe 'aretéreme eresó,<extra_id_0>,Ali ias por ocasiao dos feriados
"Oîposanong, i nambi atõîa nhote, aûnhenhẽ i monga'ẽmo, i moîepotá",<extra_id_0>.,Curou-o somente tocando sua orelha imediatamente fazendo-a sarar grudando-a
Paranãmbora ri aîkó,<extra_id_0>,Trabalho com mariscos
arinhama rupi'a,<extra_id_0>,ovo de arinhama
Xe resagûyryb,<extra_id_0>,Eu tive vertigem ou eu estou enjoado
Aî'abo'o,<extra_id_0>,Eu lhe pelo a cabeca
pyrangaíb,<extra_id_0>,tirante a vermelho
Obok nde nhy'ã saûsuba resé,<extra_id_0>,Rompeu-se teu coracao por amor a ele
Ererobîápe paîé-aíba mosangyîaramo sekó?,<extra_id_0>,Cres que o paje ruim e o que tem o dom dos prodigios
mba'e-tepe?,<extra_id_0>,nao e mesmo isto e veras que te digo a verdade
Oporomoingobé-mo'anga,<extra_id_0>,Fingindo fazer viver as pessoas
Emokanhem xe ra'angara,<extra_id_0>,Faze sumir meu tentador
A'é byter aîpó gûi'îabo - Ainda digo isso E'i byté-byterĩ ahẽ xe amotare'yma,<extra_id_0>,Ainda ainda me odeia fulano
Xe 'apititing,<extra_id_0>,Eu sou malhado na cabeca
Kunhã resé oîemoîoîaba'e,<extra_id_0>,O que se iguala as mulheres
tamandûá-atyrabebó,<extra_id_0>,tamandua topetudo
"Xe rory Ybytyrapé, ybytyrapûá suí",<extra_id_0>,Eu sou o alegre Ibitirape do topo da montanha
I momokõîndûara mendara moîekosupaba,<extra_id_0>,A segunda virtude dele e a satisfacao dos conjuges
Oîeaŷbyk ogûasem-asemamo,<extra_id_0>,Baixou a cabeca ficando a gritar
"Opá og ugûy me'engi, omanomõ",<extra_id_0>,Todo seu sangue deu morrendo
Mba'epe Tupã oîme'eng asébe ybakypene?,<extra_id_0>,Que Deus dara para a gente no ceu
Tekoaíba oromombó,<extra_id_0>,O vicio atiramos fora
"Tupã oîepé nhõ nhẽ gûekó-karaibetéramo, abaetéramo",<extra_id_0>,Deus e um so de fato sendo santissimo sendo poderoso
I abaeté sepîaka ixébo,<extra_id_0>,terrivel para mim ve-los
"Kó xe itangapema xe pópe nd'oîkóî tenhẽ, pe mombokaûama é",<extra_id_0>.,Este meu tacape nao esta a toa nas minhas maos mas sim e o instrumento com que vos racharei
mokõ-mokõî,<extra_id_0>,de dois em dois dois a dois
ungûá-obaîara,<extra_id_0>,socador de pilao
Aanumẽne! Asabeypó,<extra_id_0>,Nao Estou bebado
Xe mondá,<extra_id_0>,Eu sou ladrao
"Nd'e'i te'e a'ereme Îudeus sykyîatãmo, i pira abé reru",<extra_id_0>,Por isso mesmo entao os judeus a puxaram fortemente fazendo vir junto a pele dele tambem
Nde moaysó-eté i xuí,<extra_id_0>,Tornou-te mais formosa que ela
Aîma'e'ĩ,<extra_id_0>,Distribuo-os
Kó nde momboîtaba kó!,<extra_id_0>,Eis tua ameaca aqui
Ikendûara n'ikó,<extra_id_0>,O que e daqui e este
Ang é,<extra_id_0>,Isto pela primeira vez
"Ikó tabape, marã nd'eréîpe i xupé ranhẽ?",<extra_id_0>.,Esta aldeia nao disseste maldades a ela ainda
Anhanga t'îaîpe'a ko'yr aûîeramanhẽ,<extra_id_0>,Que afastemos o diabo agora e para sempre
apûé-katu,<extra_id_0>,muito longe
abá-memûã,<extra_id_0>,homem falso
Na xe îuruéî,<extra_id_0>,Nao me da vontade de comer
Pemoŷrõ Pa'i Îesu,<extra_id_0>,Irritastes o senhor Jesus
pysagûasu-eîtykara,<extra_id_0>,pescador com puca-guacu
I 'arybo omanõmo Îandé Îara îandé repyme'engagûera resé,<extra_id_0>,Sobre ela morrendo Nosso Senhor para nos resgatar
A'ar,<extra_id_0>.,Embarquei
"Andyrá ruãpe é, panama koîpó gûaîkuíka?",<extra_id_0>,Sera que e um morcego uma borboleta ou uma cuica
I ku'agûasu,<extra_id_0>,Ela e muito bojuda fal de pipa de arvore etc
Oîoparabamo orokûab,<extra_id_0>,Estamos em intercalacao
Aîeruré Tupã supé xe angaturãgûama resé,<extra_id_0>,Peco a Deus por minha virtude
Tupã resápe-katu kó pe rekó rekóû i paparypyramo,<extra_id_0>,Bem aos olhos de Deus essas vossas acoes sao contadas
Ybakype opytaba'epûera rubixaba,<extra_id_0>,Chefe dos que ficaram no ceu
Xe 'anga moteni,<extra_id_0>,Minh'alma faz firme
- A'u temõ mba'eaíba mã a'emo nhẽ xe re'õû ãûa suí,<extra_id_0>,Ah quem me dera comer veneno para que eu morresse disso
"Erĩ, aûîé, peputu'u!",<extra_id_0>,Ah muito bem ficai tranquilos
Oroby'a nde resé,<extra_id_0>,A ti nos apegamos
T'oîepun xe marandûera!,<extra_id_0>,Que recrudesca minha antiga maldade
Mba'e i 'upyra resé nhõpe asé îeruréû Tupã supé?,<extra_id_0>?,A gente pede a Deus somente pelas coisas que deve comer
"Ybyrá karamemûã, ygarusu nungara pupé, i mo'aruká",<extra_id_0>,Mandando faze-los embarcar numa arca de madeira semelhante a um navio
Asé 'anga resapesaba gûeba potare'yma,<extra_id_0>,Nao querendo que se apague a luz de nossa alma
Nde moangaturameté pa'i Tupã,<extra_id_0>,Tornou-te muito bondosa o senhor Deus
I abaíb aîpó nhe'enga,<extra_id_0>,dificil essa lingua
-Muru ri opurũ-purung,<extra_id_0>,Fica pisando o maldito
Tupã beraba reru,<extra_id_0>,Trazendo o resplendor de Deus
A'epe xe soagûama,<extra_id_0>,Ali e o lugar aonde eu vou
"Sasyeté niã Tupã remipe'apûera, ogûekó-mara'ara reroína",<extra_id_0>,Eis que sofrem muito os que Deus repeliu tendo sua vida envergonhada
Santa Maria resé tekopoxy nd'obasemi,<extra_id_0>,A Santa Maria o pecado nao chegou
opá 'ypa'ũmendûara,<extra_id_0>,todos os que estao nas ilhas
Xe re'õ'ar,<extra_id_0>,Eu desmaiei
Aûîé! Xe îuká îepé!,<extra_id_0>,Basta Tu me matas
Xe ypy ten,<extra_id_0>,Eu estou com a base com firmeza
"Oîopyk muru akanga, i moatãe'ỹngatûabo",<extra_id_0>,Aperta a cabeca do maldito enfraquecendo-o muito
Na nde ruã-te p'akó kunhã ri ereîemomotá?,<extra_id_0>,Nao foste tu certamente que te atraiste pelas mulheres
A'ereme oín uman São João Batista o sy rygépe,<extra_id_0>,Entao ja estava Sao Joao Batista no ventre de sua mae
I 'aysyk,<extra_id_0>,Ela e leitosa
"Tatá nde arõ-eté, i pupé t'ereîesy",<extra_id_0>,O fogo te convem verdadeiramente para que nele te asses
tekokatu 'useîtara,<extra_id_0>,o que tem sede de justica
passo jenipapo Aîîanypá-mongy,<extra_id_0>,Passo jenipapo nele
Abá-abá rerape eboinga?,<extra_id_0>,Nomes de quem sao esses
So'o mimbaba roka ogûar og upabamo,<extra_id_0>,Tomou a casa dos animais de criacao como sua pousada
"Mba'easybora o mara'ara kakareme, t'osenõîukar abaré",<extra_id_0>,Ao se aproximar o doente da agonia que mandem chamar o padre
Aîur gûiîeby,<extra_id_0>,Vim voltando
ko'ẽ kó,<extra_id_0>,eis que amanheceu
Aûîebéramo asó,<extra_id_0>,Fui a bom tempo fui a proposito
Aîmokûar,<extra_id_0>,Furei-o
pindasã-pokuruba,<extra_id_0>,linha grossa de pescar
Ababak,<extra_id_0>,Estrebuchei
Penheangerekó amõ 'ara pupé te'õ pe rokena motaka turagûama resé é pe pokosupa,<extra_id_0>,Pensai que algum dia a morte vira mesmo para bater em vossas portas surpreendendo-vos
"Te'õ rerobyka é, xe angaîpá-tubixagûera amosẽne",<extra_id_0>,Aproximando-me da morte meus grandes pecados antigos farei sair
Emonã serekopyra rakó abá obasẽ-porang,<extra_id_0>,Assim tratada certamente uma pessoa chega bem
"Koromõ, keygûara temiminõ moaûîébo, asapekóne",<extra_id_0>,Logo vencendo os temiminos habitantes daqui frequenta-los-ei
Ereîmonhenongype kunhã nde 'arybo sesé eîkóbo?,<extra_id_0>,Fizeste que uma mulher se pusesse sobre ti para fazer sexo com ela
"I xupé ogûeru îetanongabamo itaîuba, ysykatã syapûãba'e, mirra",<extra_id_0>.,Para ele trouxeram como oferendas ouro incenso e mirra
Mba'erama resépe abá mendari?,<extra_id_0>,Por que alguem se casa
Aîtyapyî,<extra_id_0>,Esgotei a agua dele
Ereîpopytybõpe nde ruba nde sy abé?,<extra_id_0>,Ajudas teu pai e tua mae
Ké muru ruri obébo?,<extra_id_0>,Nao e que o maldito veio voando
Opakatu abá sóû ladainhas monhanga,<extra_id_0>,Todas as pessoas vao fazendo as ladainhas
"Erepokokype nde rapopé resé, i pekábo?",<extra_id_0>,Passaste a mao nas tuas pudendas abrindo-as
I xupé é,<extra_id_0>,Para ele mesmo
"Pé ku'ape, kunumĩ pu'ama'ubi xe ri",<extra_id_0>,No meio do caminho meninos assaltaram-me mesquinhamente
A'ebé kori i mbo'ane,<extra_id_0>,Ainda hoje fazendo-os cair
Xe ropé-py-sysyî,<extra_id_0>,Eu tenho o interior das palpebras tremulo
"I pupé Îesu Cristo rekóû, i Tupã, seté abé gûetependûara pupé",<extra_id_0>.,Dentro dele esta Jesus Cristo sua divindade e seu corpo em inteireza
Eîpotare'ymumẽ,<extra_id_0>,Nao deixes de o querer
Aîkytyk iraîty pupé,<extra_id_0>,Esfreguei-o com cera
Xe rakubeté kó mã!,<extra_id_0>,Ah eu estou muito quente aqui
Sobabo akûab,<extra_id_0>,Diante deles passei
O asykûera resé nd'e'ikatuî abá omendá,<extra_id_0>,Com seus irmaos nao pode ninguem se casar
